     0	     0	   35.5997	   26.6439	    20.121	    9.4738	   3.08084	   8.96033	         0	         0	   10.2053	  -7.38729
     1	     0	   39.8887	   26.7487	   22.2157	   5.14643	    3.0104	   8.60808	         0	         0	   10.6737	  -6.95879
     2	     0	   41.7617	   26.8544	    22.512	   10.6281	    2.9808	   8.60311	         0	         0	   10.9934	  -7.19926
     3	     0	   37.9968	   26.7573	   21.4754	   11.3273	   2.95226	   9.16743	         0	         0	   10.2241	  -7.56972
     4	     0	    35.773	   26.7087	    21.684	   6.98144	   3.03098	   9.11523	         0	         0	   10.3708	  -7.71238
     5	     0	   41.5568	   26.4494	   22.9789	   7.73883	   3.02383	   8.64269	         0	         0	   10.8938	   -7.1149
     6	     0	   40.9594	   26.8829	   22.1949	   8.59604	   2.92518	   9.18565	         0	         0	    11.036	   -7.8062
     7	     0	    40.318	   26.8735	   20.5357	   12.0248	   1.28145	   9.05895	         0	         0	   11.0982	  -7.79061
     8	     0	   41.0426	   26.6385	   22.1165	   3.05429	   2.47611	   9.07799	         0	         0	   10.4485	  -7.19048
     9	     0	    37.078	   26.7705	   20.9393	   9.01169	   1.69383	   7.66806	         0	         0	   10.9153	  -6.94752
    10	     0	   42.2128	   26.6289	   21.3177	   11.5873	  -1.56422	   7.54635	         0	         0	    11.169	   -7.1307
    11	     0	   37.0996	   26.7705	   20.9393	   10.8208	   1.66917	   7.66806	         0	         0	   10.9153	   -6.9514
    12	     0	   41.6602	   25.7934	   21.5408	   8.27263	   2.03689	   8.06498	         0	         0	   10.6958	  -7.01322
    13	     0	   41.3601	   26.7098	   21.2703	   8.92495	  0.477926	   7.56611	         0	         0	    11.054	  -7.07232
    14	     0	    41.194	   26.8558	   21.4115	   7.84712	   2.69146	   8.91985	         0	         0	   11.0325	  -7.59862
    15	     0	   39.6792	    26.784	   21.6956	   9.70366	   2.82531	   9.22334	         0	         0	   10.4838	  -7.66543
    16	     0	   37.9492	   26.3285	   20.5131	   11.7293	   3.08399	   7.55725	         0	         0	   10.2133	  -6.57937
    17	     0	   40.9592	   26.6385	   22.1165	   2.10766	   2.48024	   9.07799	         0	         0	   10.4485	  -7.19184
    18	     0	   40.7436	   26.6351	   21.3831	   8.98489	   3.08465	   8.71465	         0	         0	   10.4456	  -7.23646
    19	     0	   35.6008	   26.6898	   19.4292	    8.7015	   2.21471	   9.02473	         0	         0	   10.6629	  -7.43469
    20	     0	   40.1975	   26.1627	   21.5628	   8.33001	   2.87698	    9.0235	         0	         0	   9.84305	  -7.19146
    21	     0	   35.3877	   26.6421	   20.1195	   10.2138	   3.06634	   8.96044	         0	         0	   10.2053	  -7.39261
    22	     0	   35.4122	   26.6898	   19.4292	   9.25411	   2.19072	   9.02473	         0	         0	   10.6629	  -7.44051
    23	     0	   40.4528	   26.6384	   21.2786	   10.5811	    3.0028	   8.50987	         0	         0	   10.6149	  -6.99399
    24	     0	   37.6579	   26.7095	   22.2569	 -0.394156	   1.41222	   9.09516	         0	         0	   10.1439	  -7.04521
    25	     0	   29.8413	   26.6411	   21.8335	  -1.78829	   2.38311	   9.01012	         0	         0	   10.3439	  -7.70336
    26	     0	   41.3734	   26.4494	   22.9789	   8.30321	   3.02794	   8.64269	         0	         0	   10.8938	  -7.11732
    27	     0	   41.1667	   26.7579	   21.2838	   9.89576	    2.6556	   8.54228	         0	         0	   10.8682	  -7.17699
    28	     0	   37.9877	   26.8915	   21.1231	   7.26619	   2.95093	   9.22735	         0	         0	   10.7095	  -8.28781
    29	     0	   35.3613	   26.6898	   19.4292	   10.7259	   2.18448	   9.02473	         0	         0	   10.6629	  -7.44203
    30	     0	   40.4544	   26.7337	   22.1167	   9.21377	   3.07548	   8.19541	         0	         0	   11.0924	  -7.10395
    31	     0	   37.9423	   26.3285	   20.5131	   10.4224	    3.0835	   7.55724	         0	         0	   10.2133	  -6.57958
    32	     0	   38.9259	   26.7776	    21.884	   8.75124	    3.1109	   9.03143	         0	         0	   10.7779	  -7.59911
    33	     0	   37.9664	    26.742	   20.4735	   10.0008	   2.71535	   9.29193	         0	         0	    9.9821	  -7.67811
    34	     0	   40.7847	   26.7772	   21.9625	   6.44759	   2.60991	   8.63572	         0	         0	   10.9369	  -7.15948
    35	     0	   38.9132	   26.6865	   21.6146	    9.8907	   3.16663	   8.24257	         0	         0	   10.8376	  -7.02175
    36	     0	   40.5969	   26.7256	   21.1662	   8.46916	   2.78805	   8.51372	         0	         0	     10.95	  -6.95285
    37	     0	   38.8491	    26.224	    20.921	   9.82876	    3.1889	    8.2722	         0	         0	    10.233	  -6.88278
    38	     0	   40.4065	   26.8172	   22.7862	   5.92637	   3.11636	   8.65395	         0	         0	   11.0266	  -7.25144
    39	     0	   40.3763	   26.8346	   21.8404	    8.0924	   2.97227	   9.02941	         0	         0	    10.824	  -7.44216
    40	     0	   41.7324	   26.4494	   22.9789	   6.06284	   3.01974	   8.64269	         0	         0	   10.8938	  -7.11254
    41	     0	   41.7828	   26.6869	   22.3459	   8.75601	   3.07825	    9.0363	         0	         0	   10.8435	  -7.53125
    42	     0	   41.3772	   26.4494	   22.9789	   8.70206	   3.02786	   8.64269	         0	         0	   10.8938	  -7.11727
    43	     0	   39.8491	    26.823	   21.6175	   9.61275	   2.86204	   9.19484	         0	         0	   10.4641	  -7.55559
    44	     0	   41.7812	   26.8544	    22.512	   10.9366	    2.9814	   8.60312	         0	         0	   10.9934	  -7.19889
    45	     0	   40.5858	    26.799	   21.2025	   9.84612	   2.54888	   8.88119	         0	         0	   10.8985	  -7.37939
    46	     0	   40.2412	   26.7337	   22.1167	   8.19718	   3.06636	   8.19541	         0	         0	   11.0924	  -7.10808
    47	     0	   41.3745	   26.8685	   22.1292	   8.54051	   2.89385	   9.02172	         0	         0	   11.0182	   -7.5693
    48	     0	   37.0715	   26.7705	   20.9393	   9.57655	   1.69976	   7.66806	         0	         0	   10.9153	  -6.94659
    49	     0	   37.6246	   26.7801	    22.315	   8.87111	   2.94005	   9.11255	         0	         0	   10.5271	  -7.59829
    50	     0	   37.7941	   26.6994	   21.1659	   11.4279	   3.00058	   8.90472	         0	         0	   10.8343	  -7.47565
    51	     0	   39.1609	   26.6606	   20.5864	   10.9946	   2.26175	   8.30612	         0	         0	   10.4955	  -6.99499
    52	     0	   41.9258	   26.8544	    22.512	   9.59351	    2.9857	   8.60312	         0	         0	   10.9934	   -7.1962
    53	     0	   35.4312	   26.6898	   19.4292	   8.09535	   2.19294	   9.02473	         0	         0	   10.6629	  -7.43995
    54	     0	   42.3853	   26.9083	   22.2947	    9.3997	   2.49045	   8.77253	         0	         0	   11.0062	  -7.38967
    55	     0	    38.857	   26.3076	   22.6869	   1.28047	   1.01131	    9.1573	         0	         0	   10.3843	  -7.21175
    56	     0	   33.2667	   26.4414	   19.7329	   11.1456	   2.99347	   8.39813	         0	         0	   9.23098	  -6.99629
    57	     0	   40.5915	   26.8035	   22.5245	   7.51035	   2.69819	   8.90005	         0	         0	   10.6057	   -7.1831
    58	     0	   41.0312	   26.5539	    21.683	   8.84042	   2.94627	   8.33802	         0	         0	   10.7095	  -7.11775
    59	     0	    40.764	   26.8035	   22.5245	   7.32899	   2.68916	   8.90005	         0	         0	   10.6057	  -7.18037
    60	     0	   39.8766	   26.3083	   20.4633	   12.9265	   2.23709	   8.59556	         0	         0	   10.5254	  -7.19582
    61	     0	   40.2973	   26.7337	   22.1167	   9.25422	   3.06874	   8.19541	         0	         0	   11.0924	  -7.10701
    62	     0	   39.8704	   26.7722	   20.9443	   9.84379	   2.34941	   8.71295	         0	         0	   11.0515	  -7.36249
    63	     0	   35.4511	   26.6898	   19.4292	    10.118	   2.19551	   9.02473	         0	         0	   10.6629	  -7.43934
    64	     0	   41.9334	   26.8544	    22.512	   9.65414	   2.98595	   8.60312	         0	         0	   10.9934	  -7.19605
    65	     0	   34.0464	   26.6794	   21.4454	   2.26053	   2.42201	     9.172	         0	         0	   10.5992	  -7.54414
    66	     0	   39.7906	   26.7236	   21.5366	   1.20154	   3.13655	   8.73078	         0	         0	   10.3737	  -7.01462
    67	     0	   38.5668	    26.224	    20.921	   10.8561	   3.18479	    8.2722	         0	         0	    10.233	  -6.88725
    68	     0	   35.1398	   26.7645	   22.5676	   -1.8631	   2.16769	   9.11149	         0	         0	   10.9372	  -7.69929
    69	     0	   39.8133	   26.7459	   21.2192	   12.2083	    2.1652	    8.2507	         0	         0	   10.9701	  -7.10912
    70	     0	   41.8602	   26.8544	    22.512	   8.66848	   2.98373	   8.60311	         0	         0	   10.9934	  -7.19743
    71	     0	   37.5209	   26.7039	   20.8907	    12.264	   2.79972	   8.89303	         0	         0	   10.7713	  -7.33416
    72	     0	   39.8143	   26.6906	   21.7259	   9.59207	   2.66697	   8.08593	         0	         0	   11.0531	  -6.99583
    73	     0	   38.8572	   26.8032	   21.5782	   10.4049	   2.54819	   9.25487	         0	         0	   10.3033	  -7.54631
    74	     0	   37.6141	   26.6688	   20.4791	   11.7931	   2.70258	   8.99165	         0	         0	   9.81302	  -7.32113
    75	     0	    39.491	   26.7487	   22.2157	   6.30219	   3.02435	   8.60808	         0	         0	   10.6737	  -6.96533
    76	     0	   39.6876	   26.7821	   21.5476	   5.24263	   2.90859	   9.09185	         0	         0	   10.6448	  -7.36799
    77	     0	   39.8179	   26.7454	   22.2428	   10.2927	    3.0623	   8.45771	         0	         0	   11.0333	  -7.19218
    78	     0	   35.3977	   26.7087	    21.684	    8.0064	   3.04083	   9.11524	         0	         0	   10.3708	  -7.71769
    79	     0	   39.0001	   26.5977	   21.3614	   4.82915	   3.19655	   8.22561	         0	         0	   10.3674	  -6.75436
    80	     0	   41.5102	   26.4494	   22.9789	   6.45789	   3.02492	   8.64269	         0	         0	   10.8938	  -7.11552
    81	     0	   40.4946	   26.6651	   21.5654	   5.68038	   3.03706	   8.59227	         0	         0	   10.5762	   -7.0337
    82	     0	   40.4344	   26.7454	   22.2428	   7.68965	   3.07995	   8.45771	         0	         0	   11.0333	  -7.18179
    83	     0	   39.5873	   25.6473	    22.152	     8.573	   3.15783	   8.33312	         0	         0	   10.1096	  -6.88457
    84	     0	   38.0971	   26.6798	   21.0409	   8.50717	   3.15878	   8.47685	         0	         0	   10.1344	  -6.90712
    85	     0	   42.1591	   26.8544	    22.512	   8.68864	   2.99272	   8.60311	         0	         0	   10.9934	   -7.1917
    86	     0	   40.6569	   26.8035	   22.5245	   7.70419	   2.69489	   8.90005	         0	         0	   10.6057	  -7.18208
    87	     0	   40.9643	   26.8035	   22.5245	   5.99213	   2.67804	   8.90005	         0	         0	   10.6057	  -7.17711
    88	     0	   38.9487	   26.6242	   21.1778	   10.0004	   3.26822	   7.99625	         0	         0	    10.484	  -6.75522
    89	     0	   35.4127	   26.6898	   19.4292	   9.60405	   2.19067	   9.02473	         0	         0	   10.6629	   -7.4405
    90	     0	   38.8437	   26.6617	   21.1897	   11.9591	   1.45921	   7.57591	         0	         0	      11.1	  -6.99038
    91	     0	   39.8527	   26.6538	    21.691	   10.7326	   2.97412	   7.86762	         0	         0	   10.8716	  -6.90095
    92	     0	   39.3312	   26.8614	   21.2477	   12.2715	   2.22803	   8.70358	         0	         0	   10.8823	  -7.41397
    93	     0	   38.7364	   26.7988	   21.2981	   10.5127	   2.91189	   9.23269	         0	         0	   10.1336	  -7.55791
    94	     0	   41.2522	   26.7344	   21.6939	   11.6395	   2.31784	   8.25385	         0	         0	   10.9211	  -7.03715
    95	     0	   40.3883	   26.7413	   21.1324	    7.9426	   2.34635	    8.2385	         0	         0	   10.7725	  -7.12771
    96	     0	   40.3456	   26.7337	   22.1167	    6.9998	   3.07078	   8.19541	         0	         0	   11.0924	  -7.10608
    97	     0	   41.3444	   26.4494	   22.9789	   7.13485	   3.02861	   8.64269	         0	         0	   10.8938	   -7.1177
    98	     0	   41.4657	   26.4494	   22.9789	   7.18621	   3.02594	   8.64269	         0	         0	   10.8938	  -7.11611
    99	     0	   38.8849	   26.6512	   22.3557	   6.69313	    2.8118	   8.89235	         0	         0	   10.1562	  -7.24871
   100	     0	   38.7342	     26.64	   21.1362	   9.18394	   2.81719	   8.27853	         0	         0	   10.6074	  -7.02798
   101	     0	   40.5326	   26.7337	   22.1167	   7.71965	   3.07881	   8.19541	         0	         0	   11.0924	  -7.10241
   102	     0	   41.4643	   25.7934	   21.5408	   10.6355	   2.01306	   8.06497	         0	         0	   10.6958	  -7.01754
   103	     0	   40.0711	   26.8172	   22.7862	   7.99998	   3.11301	   8.65395	         0	         0	   11.0266	  -7.25676
   104	     0	   39.3591	   26.7727	   22.4315	   3.32577	   2.86473	   8.94744	         0	         0	   10.8292	  -7.23194
   105	     0	   37.8517	   26.7191	   21.6773	   8.22311	   3.12159	   9.00327	         0	         0	   10.8817	  -7.50745
   106	     0	   36.8975	   26.7332	   21.6982	   8.58739	   2.97182	    9.1408	         0	         0	   10.8666	  -7.73929
   107	     0	   38.5914	   26.7795	   21.9951	    7.7796	   2.52265	   9.19527	         0	         0	    10.623	  -7.62855
   108	     0	   38.1518	    26.224	    20.921	   12.0155	    3.1786	    8.2722	         0	         0	    10.233	  -6.89358
   109	     0	   38.3237	     26.64	   21.1362	    11.377	   2.78567	   8.27853	         0	         0	   10.6074	  -7.03839
   110	     0	   40.7062	   26.8035	   22.5245	   8.37929	   2.69224	   8.90005	         0	         0	   10.6057	  -7.18129
   111	     0	   39.9409	   26.7337	   22.1167	   10.8633	   3.05382	    8.1954	         0	         0	   11.0924	  -7.11369
   112	     0	   35.3972	   26.6421	   20.1195	   9.26052	   3.06668	   8.96044	         0	         0	   10.2053	  -7.39242
   113	     0	   42.0196	   26.4494	   22.9789	   3.38983	   3.01257	   8.64269	         0	         0	   10.8938	  -7.10859
   114	     0	   32.9317	   26.4414	   19.7329	   12.9824	   2.96441	   8.39812	         0	         0	   9.23098	  -7.01045
   115	     0	   37.7822	   26.3285	   20.5131	   12.4127	    3.0736	   7.55725	         0	         0	   10.2133	  -6.58412
   116	     0	   41.1941	   26.7788	   21.6377	   10.5566	   1.71931	   7.97097	         0	         0	    11.032	    -7.058
   117	     0	    37.368	    26.666	   20.6266	   11.3595	   2.73659	   8.95395	         0	         0	   10.5742	  -7.42604
   118	     0	    39.475	   26.7358	   21.3509	   10.4749	   2.75693	   8.11837	         0	         0	   10.8964	  -7.07725
   119	     0	   41.3298	   26.8035	   22.5245	   5.32773	   2.65602	   8.90005	         0	         0	   10.6057	  -7.17092
   120	     0	   31.0379	   26.6722	    21.292	  -1.23152	   3.07507	   9.07508	         0	         0	   11.0601	  -7.73769
   121	     0	    40.912	   26.8769	   22.1064	    10.284	   3.15027	   8.76162	         0	         0	   10.9889	   -7.6082
   122	     0	   41.4954	    26.618	   21.7557	   8.39711	   2.89757	   8.40166	         0	         0	   10.6818	  -7.13627
   123	     0	   37.9759	   26.6278	   22.3538	   4.84066	   2.73074	   8.59404	         0	         0	   10.3246	   -6.9605
   124	     0	   37.4015	   26.5956	   20.5106	   11.8638	   1.59254	    7.9014	         0	         0	   10.6117	  -6.91577
   125	     0	   41.5461	   25.7935	   21.5408	   10.6517	   2.02296	   8.06498	         0	         0	   10.6958	  -7.01576
   126	     0	   40.7685	   26.8035	   22.5245	   7.78265	   2.68892	   8.90005	         0	         0	   10.6057	   -7.1803
   127	     0	   40.0962	   26.7722	   20.9443	   7.97727	   2.37661	   8.71295	         0	         0	   11.0515	  -7.35551
   128	     0	   41.6288	   26.7565	   21.8315	   10.9423	   3.04079	   8.87191	         0	         0	   10.6661	  -7.42705
   129	     0	   36.6507	   26.8256	     22.57	   2.77322	   2.72592	   9.18462	         0	         0	   10.8613	  -7.73929
   130	     0	   38.9032	   26.7776	    21.884	   7.46524	   3.11081	   9.03143	         0	         0	   10.7779	  -7.59943
   131	     0	   39.2502	   25.6473	    22.152	   9.17879	   3.16522	   8.33312	         0	         0	   10.1096	  -6.88937
   132	     0	   41.0249	   26.8035	   22.5245	   5.66116	   2.67454	   8.90005	         0	         0	   10.6057	  -7.17611
   133	     0	    35.441	   26.6421	   20.1195	   9.06113	   3.06839	   8.96044	         0	         0	   10.2053	  -7.39147
   134	     0	   41.8749	   26.8544	    22.512	   8.60026	   2.98419	   8.60312	         0	         0	   10.9934	  -7.19715
   135	     0	   36.0764	   26.3389	   20.1526	   6.73967	  0.369857	   5.42859	         0	         0	   10.7177	  -6.50742
   136	     0	   38.5521	   26.7206	   20.9092	   10.0633	    2.7874	   8.02139	         0	         0	   10.7293	  -6.95391
   137	     0	   38.6757	   26.7867	    21.968	   12.1184	    3.0012	   9.15542	         0	         0	   10.9043	  -7.85407
   138	     0	   39.1032	   26.5515	   22.5213	   5.88982	   2.12212	   8.84521	         0	         0	   10.2411	  -6.95629
   139	     0	    40.475	   26.8035	   22.5245	   7.76638	   2.70422	   8.90005	         0	         0	   10.6057	  -7.18492
   140	     0	   38.9368	   26.7728	   22.4315	   4.75328	   2.87446	   8.94744	         0	         0	   10.8292	  -7.23711
   141	     0	   37.6511	   26.6994	   21.1659	   10.9681	   2.99754	   8.90472	         0	         0	   10.8343	  -7.47839
   142	     0	   32.9835	   26.4414	   19.7329	   12.8216	   2.96865	   8.39813	         0	         0	   9.23098	  -7.00844
   143	     0	   38.3521	     26.64	   21.1362	   12.0107	   2.78781	   8.27853	         0	         0	   10.6074	   -7.0377
   144	     0	   39.4087	    26.801	   22.6893	    4.1515	   3.05237	   8.83346	         0	         0	   10.9023	   -7.2424
   145	     0	   40.3308	   26.5353	   20.8571	   10.1649	   2.84025	   9.24633	         0	         0	   9.95687	  -7.49023
   146	     0	   42.0131	   26.4494	   22.9789	   4.84359	   3.01273	   8.64269	         0	         0	   10.8938	  -7.10868
   147	     0	   40.1413	   26.7337	   22.1167	   9.43779	   3.06213	    8.1954	         0	         0	   11.0924	  -7.10998
   148	     0	   35.2573	   26.6898	   19.4292	   11.7335	   2.17161	   9.02473	         0	         0	   10.6629	   -7.4451
   149	     0	    33.023	   26.7138	   22.0512	-0.0837355	   2.76531	   9.10149	         0	         0	   11.1708	  -7.70686
   150	     0	   40.9575	   26.8124	   20.9363	   8.43567	   2.65307	   9.23847	         0	         0	   10.5588	  -7.50767
   151	     0	   40.3872	   26.7337	   22.1167	   7.70765	   3.07259	   8.19541	         0	         0	   11.0924	  -7.10527
   152	     0	   38.9874	   26.7458	   20.2867	   11.6101	   2.10093	   8.58566	         0	         0	   10.7681	  -7.19406
   153	     0	   38.4856	   26.6512	   22.3557	   6.56666	    2.8289	   8.89235	         0	         0	   10.1562	  -7.25394
   154	     0	   38.4329	   26.6857	   20.9647	   9.36595	    3.0626	   8.91261	         0	         0	   10.3747	  -7.30744
   155	     0	   38.7932	   26.7933	   21.4775	    7.5667	   3.05086	   8.96817	         0	         0	   11.0534	   -7.5001
   156	     0	   37.7325	   26.8915	   21.1231	    9.5324	   2.94641	   9.22735	         0	         0	   10.7095	  -8.29134
   157	     0	   38.9642	   26.7388	   21.4965	   9.47309	   3.06757	   9.06799	         0	         0	   10.3979	  -7.52724
   158	     0	   41.1992	    26.672	   21.3899	   11.5464	   2.24594	   8.13506	         0	         0	   10.8762	  -7.12726
   159	     0	   40.5863	   26.7337	   22.1167	    6.9446	   3.08113	   8.19541	         0	         0	   11.0924	  -7.10134
   160	     0	   35.7441	   26.6073	   21.1161	     9.284	   3.08797	   8.81887	         0	         0	   10.5373	  -7.35268
   161	     0	   40.9743	   26.8035	   22.5245	   5.95431	   2.67741	   8.90005	         0	         0	   10.6057	  -7.17695
   162	     0	   30.5993	    26.311	   19.5254	   7.54722	 0.0695857	   5.40156	         0	         0	   10.6896	  -6.50466
   163	     0	   38.8121	    26.224	    20.921	   10.7778	   3.18836	    8.2722	         0	         0	    10.233	  -6.88338
   164	     0	   37.1096	   26.7705	   20.9393	   10.1555	   1.65251	   7.66806	         0	         0	   10.9153	  -6.95404
   165	     0	   41.8205	   26.8544	    22.512	    9.9798	   2.98254	   8.60311	         0	         0	   10.9934	  -7.19817
   166	     0	   38.7428	    26.224	    20.921	   9.35394	   3.18736	    8.2722	         0	         0	    10.233	  -6.88448
   167	     0	   40.0058	   26.7298	   21.4828	   10.9244	   2.58555	   8.05513	         0	         0	   10.8915	  -6.98123
   168	     0	   40.0446	   25.7417	   22.6775	  -0.76255	   1.37812	   8.91152	         0	         0	   10.2325	  -6.90708
   169	     0	   41.4113	   26.4494	   22.9789	   7.68671	   3.02713	   8.64269	         0	         0	   10.8938	  -7.11682
   170	     0	   40.8635	   26.7579	   21.2838	   11.4271	   2.63029	   8.54228	         0	         0	   10.8682	  -7.18483
   171	     0	    39.422	   26.7236	   21.5365	   5.14231	   3.14022	   8.73078	         0	         0	   10.3737	  -7.02497
   172	     0	    39.908	   26.6715	   21.5272	    10.308	   3.19453	   8.13063	         0	         0	   10.7484	  -6.79346
   173	     0	   41.3815	    26.672	   21.3899	    11.489	   2.26587	   8.13506	         0	         0	   10.8762	   -7.1231
   174	     0	   40.4618	   26.7337	   22.1167	    7.5886	   3.07574	   8.19541	         0	         0	   11.0924	  -7.10381
   175	     0	   36.4137	   26.8368	   20.9619	   9.12041	    1.6634	   8.09567	         0	         0	    10.868	  -7.30151
   176	     0	   37.2377	   26.6669	   20.7212	   10.4185	   2.67268	   8.64677	         0	         0	   10.8826	  -7.42774
   177	     0	   39.6115	   26.8397	   21.5222	   7.12748	   2.89686	   9.23064	         0	         0	    10.921	  -7.70835
   178	     0	   41.4821	   26.4494	   22.9789	   7.98933	    3.0255	   8.64269	         0	         0	   10.8938	  -7.11589
   179	     0	   35.6051	   26.6898	   19.4292	   8.52051	   2.21519	   9.02473	         0	         0	   10.6629	  -7.43456
   180	     0	   41.8882	   26.8544	    22.512	   9.46762	    2.9846	   8.60312	         0	         0	   10.9934	   -7.1969
   181	     0	   41.2613	    26.672	   21.3899	   11.4462	   2.25255	   8.13506	         0	         0	   10.8762	  -7.12586
   182	     0	   38.8495	   26.7776	    21.884	   7.03248	   3.11057	   9.03143	         0	         0	   10.7779	  -7.60019
   183	     0	   38.8803	   26.7388	   21.4965	   9.64012	   3.06683	   9.06799	         0	         0	   10.3979	  -7.52848
   184	     0	   40.3946	   26.8563	   21.8557	   8.46676	   2.81456	   8.98802	         0	         0	     11.13	  -7.81434
   185	     0	   39.9467	   26.7834	   22.3623	   9.80968	   3.05535	   8.63981	         0	         0	    11.076	  -7.32494
   186	     0	   37.6546	   26.7191	   21.6773	     8.563	   3.12166	   9.00327	         0	         0	   10.8817	  -7.51019
   187	     0	   36.2709	   26.7237	   22.2751	   10.1491	   3.08092	   8.89063	         0	         0	   11.0759	  -7.54193
   188	     0	   36.5275	   26.7156	   20.2696	   12.4297	   2.36116	   9.20699	         0	         0	   10.0051	  -7.42203
   189	     0	   40.3671	   26.5431	   21.3294	   10.2586	    3.0902	   8.52615	         0	         0	   10.4936	  -6.93488
   190	     0	   38.9489	   26.7101	    21.003	    10.173	   2.11901	   8.07948	         0	         0	   10.7249	  -6.97768
   191	     0	   38.3843	    26.726	   22.2967	   3.64599	   2.43485	   9.00776	         0	         0	   10.4322	  -7.24941
   192	     0	   38.7804	    26.224	    20.921	   8.35401	   3.18791	    8.2722	         0	         0	    10.233	  -6.88388
   193	     0	    39.179	   26.8179	    21.613	   10.7917	   2.98711	   9.01453	         0	         0	   10.4858	  -7.43955
   194	     0	   36.6901	   26.7869	   21.7604	   10.4191	   2.49634	   9.28496	         0	         0	   10.7837	  -7.71531
   195	     0	   38.2966	   26.7075	   21.0425	   12.0641	   2.79548	   8.69968	         0	         0	   10.7831	  -7.45456
   196	     0	   36.4545	   26.4631	   21.3369	   9.81494	   2.93746	   8.01577	         0	         0	   9.60585	  -6.64404
   197	     0	   36.7111	   26.8256	     22.57	     3.664	   2.72387	   9.18462	         0	         0	   10.8613	  -7.73856
   198	     0	   41.1394	     26.91	   22.2908	   10.7531	    2.9204	   8.64891	         0	         0	   10.9512	   -7.4189
   199	     0	   41.4711	   26.4494	   22.9789	   7.90643	   3.02581	   8.64269	         0	         0	   10.8938	  -7.11603
   200	     0	   39.5944	   26.7236	   21.5365	   3.07293	   3.13881	   8.73078	         0	         0	   10.3737	   -7.0203
   201	     0	   37.2844	   26.7545	   21.7938	   9.93476	   2.68149	   9.16256	         0	         0	   10.6483	   -7.4971
   202	     0	   39.4588	    26.784	   21.6956	    10.239	    2.8261	   9.22334	         0	         0	   10.4838	  -7.66884
   203	     0	   40.5957	   26.8035	   22.5245	   8.97687	   2.69797	   8.90005	         0	         0	   10.6057	  -7.18304
   204	     0	   37.5182	   26.7191	   21.6773	     8.607	   3.12165	   9.00327	         0	         0	   10.8817	  -7.51206
   205	     0	   42.0606	   26.8544	    22.512	   8.58161	   2.98974	   8.60312	         0	         0	   10.9934	  -7.19362
   206	     0	   38.5813	   26.7213	   20.8758	   11.3351	   2.86037	    9.0453	         0	         0	   10.1656	  -7.25656
   207	     0	   38.5576	   26.8191	   21.7171	   9.88028	   2.61361	   9.26292	         0	         0	    10.241	  -7.62091
   208	     0	   32.4735	   26.7138	   22.0512	    4.1031	    2.7802	   9.10149	         0	         0	   11.1708	  -7.71448
   209	     0	   39.3483	    26.821	   20.5449	   9.77844	   1.91507	   9.05155	         0	         0	   11.1896	  -7.63008
   210	     0	   39.4815	   26.5025	   20.4262	   11.8354	  -1.23816	    7.7056	         0	         0	   10.7011	  -7.11922
   211	     0	   37.7422	   26.6549	   20.8346	   11.8765	   2.84751	   8.60233	         0	         0	   10.4165	  -7.29276
   212	     0	    41.315	   26.7099	   21.2703	   10.1378	  0.462669	   7.56612	         0	         0	    11.054	  -7.07418
   213	     0	   32.0618	   26.5267	   19.8179	   12.4166	    2.5129	   9.10754	         0	         0	   10.8087	  -7.48123
   214	     0	   40.6187	   26.8346	   21.8404	   8.64436	   2.97414	   9.02941	         0	         0	    10.824	  -7.43725
   215	     0	   40.7396	   26.6945	   21.1226	   8.12746	    2.6937	    8.6383	         0	         0	   10.7561	  -7.07222
   216	     0	   41.2379	   26.7344	   21.6939	   10.8873	   2.31584	   8.25385	         0	         0	   10.9211	  -7.03756
   217	     0	   38.7211	   26.7573	   21.4347	   6.70175	    2.8403	   9.15383	         0	         0	   10.0764	  -7.33339
   218	     0	   40.2829	   26.8172	   22.7862	   7.19071	   3.11515	   8.65395	         0	         0	   11.0266	  -7.25342
   219	     0	   32.4613	   26.6697	   21.6397	   5.19936	    2.7333	   9.14454	         0	         0	    10.345	  -7.83542
   220	     0	   39.8145	   26.7894	   22.4463	   5.46256	    2.1906	   8.94806	         0	         0	   10.9127	  -7.08989
   221	     0	   36.1666	   26.6894	   19.4769	    13.909	   1.28081	    9.0685	         0	         0	   10.8043	  -7.59286
   222	     0	   40.5232	   26.6651	   21.5654	   6.26055	   3.03788	   8.59227	         0	         0	   10.5762	   -7.0331
   223	     0	   38.5843	   26.7012	   20.7257	   11.9613	   2.93967	   8.91325	         0	         0	   10.3685	  -7.27203
   224	     0	   41.1519	   26.6385	   22.1165	   1.81779	   2.47065	   9.07799	         0	         0	   10.4485	  -7.18867
   225	     0	   40.1734	   26.6902	   21.6949	   11.1435	    2.8845	   8.29157	         0	         0	   10.8731	  -7.08447
   226	     0	   31.0594	   26.7153	   22.3978	    7.6588	   2.60247	   9.09659	         0	         0	   10.9929	  -8.40714
   227	     0	   37.0769	   26.7705	   20.9393	   8.65686	   1.69487	   7.66807	         0	         0	   10.9153	  -6.94737
   228	     0	   41.3079	   26.4494	   22.9789	   9.05041	   3.02937	   8.64269	         0	         0	   10.8938	  -7.11818
   229	     0	   36.0892	   26.7303	   22.6755	   6.45591	   2.15897	   9.05457	         0	         0	   10.9131	  -7.56722
   230	     0	   40.2373	   26.8938	   22.3829	    6.7524	   2.85453	   9.24231	         0	         0	   10.7298	  -7.74821
   231	     0	   37.8038	   26.7191	   21.6773	   6.90314	   3.12161	   9.00327	         0	         0	   10.8817	  -7.50812
   232	     0	    41.738	   26.8544	    22.512	   10.3353	   2.98011	   8.60312	         0	         0	   10.9934	  -7.19969
   233	     0	   35.6026	   26.6421	   20.1195	   7.83803	   3.07471	   8.96044	         0	         0	   10.2053	  -7.38794
   234	     0	    39.772	   26.6538	    21.691	   10.6028	    2.9687	   7.86762	         0	         0	   10.8716	  -6.90301
   235	     0	   37.5011	   26.7841	   21.5206	   9.32366	   3.20554	   7.79543	         0	         0	   10.5734	  -6.84094
   236	     0	   39.5468	   26.7861	   21.8749	   9.57077	   3.09078	   8.76496	         0	         0	   10.7789	  -7.22845
   237	     0	   38.6478	   26.7933	   21.1295	   5.40051	   2.45806	   9.29332	         0	         0	    10.449	  -7.61534
   238	     0	   34.6672	   26.7645	   22.5676	  0.905803	   2.19312	   9.11149	         0	         0	   10.9372	   -7.7048
   239	     0	   38.3869	   26.6223	   20.4508	   11.9333	  0.865489	   8.03192	         0	         0	   10.9306	  -7.02508
   240	     0	   40.2836	   26.7413	   21.1324	   8.96295	   2.32844	   8.23851	         0	         0	   10.7725	  -7.13149
   241	     0	   42.0451	   26.8544	    22.512	   8.71348	   2.98927	   8.60311	         0	         0	   10.9934	  -7.19392
   242	     0	   40.2824	   26.8172	   22.7862	   7.21224	   3.11515	   8.65395	         0	         0	   11.0266	  -7.25343
   243	     0	   35.4232	   26.6898	   19.4292	    10.189	   2.19194	   9.02473	         0	         0	   10.6629	  -7.44019
   244	     0	   40.4179	   25.7418	   22.6775	 0.0906146	   1.34387	   8.91152	         0	         0	   10.2325	  -6.90257
   245	     0	   40.5453	   26.7337	   22.1167	   7.86137	   3.07934	    8.1954	         0	         0	   11.0924	  -7.10216
   246	     0	   40.8007	   26.7381	   21.8746	   3.58415	   3.03651	   8.84596	         0	         0	    10.419	   -7.1203
   247	     0	   38.5571	   26.6759	   22.3073	   4.20339	    1.6913	   8.94244	         0	         0	    10.195	  -7.01041
   248	     0	   40.3889	   26.8269	   21.1659	   10.5565	   2.73786	   8.87922	         0	         0	   10.6758	  -7.30267
   249	     0	   40.4807	   26.7256	   21.1662	   8.98142	   2.77855	   8.51372	         0	         0	     10.95	  -6.95643
   250	     0	   40.3899	   26.8172	   22.7862	   6.56034	    3.1162	   8.65395	         0	         0	   11.0266	  -7.25171
   251	     0	   40.5685	   26.7739	   22.8335	    3.7223	   2.98472	    8.6087	         0	         0	   10.9869	  -7.01589
   252	     0	   42.4453	   26.9131	   22.4589	   8.56313	   3.05609	   9.04383	         0	         0	   11.0241	  -7.60853
   253	     0	   41.5758	   26.7565	   21.8315	   8.71925	   3.03944	   8.87191	         0	         0	   10.6661	  -7.42812
   254	     0	   41.3192	   26.6385	   22.1165	 0.0243609	     2.462	   9.07799	         0	         0	   10.4485	  -7.18584
   255	     0	   39.6566	   26.8427	   22.1114	   8.80575	   3.08843	   9.16716	         0	         0	   10.9376	  -7.85087
   256	     0	   32.9744	   26.4414	   19.7329	   12.3915	    2.9679	   8.39813	         0	         0	   9.23098	  -7.00879
   257	     0	   40.4345	   26.7256	   21.1662	   10.1486	    2.7749	   8.51373	         0	         0	     10.95	   -6.9578
   258	     0	   41.4145	   26.4494	   22.9789	   7.80009	   3.02704	   8.64269	         0	         0	   10.8938	  -7.11678
   259	     0	   41.3771	   26.7983	   21.5793	   11.3867	   2.31153	   8.41998	         0	         0	   10.9093	  -7.17055
   260	     0	   38.0532	   26.3285	   20.5131	   9.67041	   3.09072	   7.55724	         0	         0	   10.2133	  -6.57624
   261	     0	   38.1105	   26.6798	   21.0409	   10.0023	   3.15853	   8.47685	         0	         0	   10.1344	  -6.90666
   262	     0	   37.9234	   26.3285	   20.5131	   12.2324	   3.08232	   7.55724	         0	         0	   10.2133	  -6.58013
   263	     0	   40.5955	   26.6567	   21.1589	   9.89942	   1.17434	   7.70039	         0	         0	   10.8385	  -7.02187
   264	     0	   40.1195	   26.7298	   21.4828	   9.56655	   2.59845	   8.05513	         0	         0	   10.8915	  -6.97805
   265	     0	   40.1966	   26.7298	   21.4828	   10.6469	   2.60751	   8.05513	         0	         0	   10.8915	  -6.97581
   266	     0	   37.5143	   26.4909	    21.047	   10.4557	    3.2116	   7.37916	         0	         0	   10.5259	  -6.62154
   267	     0	   33.1765	   26.4414	   19.7329	   12.0537	   2.98514	   8.39813	         0	         0	   9.23098	  -7.00042
   268	     0	   39.3286	   26.7687	    22.203	   6.10658	   2.69144	   8.95668	         0	         0	   10.3905	  -7.18536
   269	     0	   40.7223	   26.8769	   22.1064	   10.6321	   3.14733	   8.76162	         0	         0	   10.9889	  -7.61225
   270	     0	   37.1004	   26.7705	   20.9393	   11.2156	   1.66803	   7.66806	         0	         0	   10.9153	  -6.95158
   271	     0	    41.242	   25.7934	   21.5408	   11.4769	   1.98726	   8.06498	         0	         0	   10.6958	  -7.02223
   272	     0	   41.6657	   26.7565	   21.8315	   7.87259	   3.04172	   8.87191	         0	         0	   10.6661	   -7.4263
   273	     0	   39.8442	   26.6922	   20.9117	   10.2479	  0.699319	   7.94558	         0	         0	    11.031	  -7.07018
   274	     0	   38.1806	     26.64	   21.1362	   12.9805	   2.77524	   8.27853	         0	         0	   10.6074	  -7.04179
   275	     0	    40.135	   26.8172	   22.7862	   6.87645	   3.11366	   8.65395	         0	         0	   11.0266	  -7.25576
   276	     0	    36.611	   26.7237	   22.2751	   9.36662	   3.08212	   8.89063	         0	         0	   11.0759	  -7.53785
   277	     0	   40.7385	   26.7847	   21.3595	   7.45103	    2.9119	   8.78009	         0	         0	   10.7717	  -7.34411
   278	     0	   37.0997	   26.7705	   20.9393	   9.19578	   1.66901	   7.66806	         0	         0	   10.9153	  -6.95143
   279	     0	   39.8452	   26.6906	   21.7259	    9.3144	   2.66963	   8.08593	         0	         0	   11.0531	  -6.99512
   280	     0	   37.0952	   26.7705	   20.9393	   10.1404	   1.67501	   7.66806	         0	         0	   10.9153	  -6.95048
   281	     0	   37.9987	   26.6278	   22.3538	   6.74434	   2.72971	   8.59404	         0	         0	   10.3246	  -6.96021
   282	     0	   42.1234	   26.5863	   22.5415	   8.01244	   3.07606	   8.51456	         0	         0	   10.9309	  -7.07287
   283	     0	   41.6613	   25.7934	   21.5408	   8.53612	     2.037	   8.06497	         0	         0	   10.6958	   -7.0132
   284	     0	   33.0184	   26.4414	   19.7329	   12.6216	   2.97151	   8.39813	         0	         0	   9.23098	  -7.00706
   285	     0	   39.6497	   26.6748	    22.548	   6.60233	   2.72428	   8.95605	         0	         0	   10.4499	  -7.22376
   286	     0	   41.7937	   26.6228	   22.0624	   7.55546	   3.05646	   8.49517	         0	         0	   10.9108	  -7.09737
   287	     0	   36.2367	   26.6894	   19.4769	   13.4857	   1.30163	    9.0685	         0	         0	   10.8043	    -7.589
   288	     0	   40.7911	   26.7777	   21.6349	    7.9318	   2.80468	   8.71298	         0	         0	   10.8698	  -7.16122
   289	     0	   34.9007	   26.6697	   19.9557	   11.7638	   2.54338	   9.24176	         0	         0	   10.3541	  -7.46683
   290	     0	   38.5595	   26.6855	   21.7293	   9.98114	   3.22573	   8.46212	         0	         0	   10.9721	  -7.17089
   291	     0	   38.5488	    26.224	    20.921	   10.0845	   3.18453	    8.2722	         0	         0	    10.233	  -6.88753
   292	     0	   37.8251	    26.615	   22.1974	    4.9042	   2.28653	   8.87746	         0	         0	   10.1235	  -7.07851
   293	     0	   36.4616	   26.7431	   20.6014	   12.3789	    1.8947	   8.21872	         0	         0	   10.6553	   -7.1327
   294	     0	   40.4253	   26.7256	   21.1662	   9.58877	   2.77415	   8.51372	         0	         0	     10.95	  -6.95807
   295	     0	    39.375	   26.8614	   21.2477	   12.1522	   2.24174	   8.70359	         0	         0	   10.8823	  -7.41071
   296	     0	     39.92	   26.7384	   22.1648	   6.81211	   2.70211	   8.83963	         0	         0	   10.5604	  -7.06478
   297	     0	   35.7371	   26.4878	   20.2656	   10.8328	   2.71975	   7.29191	         0	         0	   10.1748	  -6.67976
   298	     0	   39.5715	   26.7109	   21.3093	   8.97369	   2.84589	    8.5385	         0	         0	   10.8307	  -7.05713
   299	     0	   37.9285	   26.3285	   20.5131	   12.3462	   3.08264	   7.55724	         0	         0	   10.2133	  -6.57999
   300	     0	   42.2786	   26.8544	    22.512	   7.53783	   2.99636	   8.60311	         0	         0	   10.9934	  -7.18933
   301	     0	   41.5803	   25.7934	   21.5408	   9.55644	   2.02705	   8.06497	         0	         0	   10.6958	    -7.015
   302	     0	   29.3038	   26.6411	   21.8335	 -0.250976	   2.41287	   9.01013	         0	         0	   10.3439	  -7.71025
   303	     0	   39.4377	   26.7763	   21.7077	   10.5495	   2.79907	   9.18326	         0	         0	   10.5662	  -7.52829
   304	     0	   37.9369	    26.726	   22.2967	   4.98374	   2.45692	   9.00775	         0	         0	   10.4322	  -7.25494
   305	     0	   39.9661	   26.6715	   21.9827	   7.81848	   2.84559	   9.03428	         0	         0	   10.4987	  -7.18547
   306	     0	   37.6441	    26.435	    21.103	   10.2994	   3.26608	   6.68441	         0	         0	   10.4753	  -6.50453
   307	     0	    42.404	   26.8544	    22.512	   6.64863	   3.00018	   8.60311	         0	         0	   10.9934	  -7.18678
   308	     0	   40.3786	   26.6801	   21.7699	   7.35244	   3.10106	    8.3621	         0	         0	    10.493	  -7.01379
   309	     0	   36.8618	   26.7429	    21.603	   8.78695	   2.44553	   9.24496	         0	         0	   10.4708	  -7.64169
   310	     0	   35.5692	   26.6421	   20.1195	   9.18656	   3.07344	   8.96044	         0	         0	   10.2053	  -7.38867
   311	     0	   38.3418	   26.5547	   21.4833	   9.48017	   3.28136	   7.91324	         0	         0	   10.2598	  -6.82541
   312	     0	   34.8783	   26.6697	   19.9557	   12.1817	   2.54304	   9.24176	         0	         0	   10.3541	  -7.46738
   313	     0	   38.3664	    26.224	    20.921	    10.526	   3.18184	   8.27221	         0	         0	    10.233	  -6.89033
   314	     0	   42.0064	   26.6289	   21.3177	   12.5742	  -1.64841	   7.54635	         0	         0	    11.169	  -7.13882
   315	     0	   29.4052	   26.3806	   18.9531	   6.93615	 -0.533185	   5.72473	         0	         0	   10.4526	  -6.53463
   316	     0	   40.8641	   26.8035	   22.5245	   6.55166	   2.68365	   8.90005	         0	         0	   10.6057	  -7.17875
   317	     0	   36.0004	   26.7396	   20.9383	   9.17762	    2.7308	   9.11119	         0	         0	   11.1492	  -7.71684
   318	     0	   32.9752	   26.7137	   22.0512	  0.493648	   2.76671	   9.10149	         0	         0	   11.1708	  -7.70753
   319	     0	   40.0325	   26.7834	   22.3623	   9.20195	   3.05726	   8.63981	         0	         0	    11.076	  -7.32345
   320	     0	   41.1544	   26.8169	   22.4614	   6.62694	   2.94394	   8.86753	         0	         0	   10.8048	  -7.12182
   321	     0	   40.1581	   26.7915	   22.5617	   8.01822	   2.98745	   8.73583	         0	         0	   10.7915	  -7.11062
   322	     0	   36.8281	   26.7429	    21.603	   9.33199	   2.44682	   9.24496	         0	         0	   10.4708	  -7.64233
   323	     0	   38.1096	   26.7129	   20.6755	   11.0468	   2.84781	   9.10741	         0	         0	   10.4166	  -7.39528
   324	     0	   41.3125	   26.7099	   21.2703	   10.2224	  0.461957	   7.56612	         0	         0	    11.054	  -7.07428
   325	     0	   40.0811	    26.823	   21.6175	   10.6906	   2.86126	   9.19484	         0	         0	   10.4641	   -7.5511
   326	     0	   40.2857	   26.8449	   22.6329	   9.77267	   3.13649	    8.7345	         0	         0	   11.0228	  -7.26375
   327	     0	   40.9974	   26.7324	   22.4478	   3.38179	   2.61625	   9.14011	         0	         0	   10.4206	  -7.28538
   328	     0	    37.021	   26.6643	   20.7415	   10.7094	    2.9209	   9.02406	         0	         0	   10.1948	  -7.43304
   329	     0	   41.9411	   26.8544	    22.512	   8.93042	   2.98616	   8.60312	         0	         0	   10.9934	  -7.19591
   330	     0	    39.951	   26.7469	   21.2063	   11.6222	   1.90084	   8.34219	         0	         0	   10.9634	  -7.20792
   331	     0	   40.8657	   26.7486	   21.9632	   8.38918	   3.05658	   8.35541	         0	         0	   11.0422	   -7.0884
   332	     0	   41.5759	    26.618	   21.7557	   6.88325	   2.90303	   8.40166	         0	         0	   10.6818	  -7.13454
   333	     0	   42.0233	   26.8544	    22.512	   8.49565	   2.98861	   8.60311	         0	         0	   10.9934	  -7.19434
   334	     0	   35.8924	   26.6575	     19.73	   10.4325	   2.41882	   8.82163	         0	         0	   10.4182	  -7.25048
   335	     0	   38.9635	    26.784	   21.6956	   12.5037	   2.82732	   9.22334	         0	         0	   10.4838	  -7.67628
   336	     0	    38.224	   25.3375	   22.9706	     3.491	    3.1993	   8.79849	         0	         0	    10.763	   -7.3289
   337	     0	   39.0845	   26.7887	   22.3785	   3.76745	   2.81211	   8.99582	         0	         0	   10.8814	  -7.32498
   338	     0	   37.4329	   26.4118	    23.335	  -1.36416	   2.89985	   9.02465	         0	         0	    10.913	   -7.3896
   339	     0	   40.5577	   26.7629	   22.2803	   4.56814	   3.15102	    8.7183	         0	         0	     10.78	  -7.16239
   340	     0	   32.2742	    26.649	   21.3952	   7.74329	   2.65049	   9.19561	         0	         0	   10.9405	  -8.06316
   341	     0	    40.547	   26.7494	   21.6528	   9.95946	   2.53014	   8.20852	         0	         0	   10.9002	  -7.09859
   342	     0	   37.2866	   26.8007	   20.5465	   6.74302	   2.69997	   9.27854	         0	         0	   11.0029	  -8.12658
   343	     0	   37.5233	   26.4909	   21.0471	   10.7841	   3.21188	   7.37917	         0	         0	   10.5259	  -6.62131
   344	     0	   38.5011	   26.8255	   22.4458	   7.16395	   2.95585	   9.07165	         0	         0	    10.914	  -7.60587
   345	     0	   40.5179	   26.7256	   21.1662	   8.93318	   2.78153	   8.51372	         0	         0	     10.95	  -6.95531
   346	     0	   38.2953	   26.8084	    20.578	   9.31486	   2.68611	   9.30694	         0	         0	   10.3375	  -7.85577
   347	     0	   41.2702	   26.6385	   22.1165	   2.11385	   2.46445	   9.07799	         0	         0	   10.4485	  -7.18667
   348	     0	   40.4614	   26.7337	   22.1167	   8.93984	   3.07574	   8.19541	         0	         0	   11.0924	  -7.10382
   349	     0	   41.1373	    26.618	   21.7557	   10.2448	   2.87405	   8.40166	         0	         0	   10.6818	  -7.14365
   350	     0	   41.5684	   26.4494	   22.9789	   6.98425	   3.02361	   8.64269	         0	         0	   10.8938	  -7.11474
   351	     0	   40.6815	   26.8035	   22.5245	   8.87348	   2.69361	   8.90005	         0	         0	   10.6057	  -7.18169
   352	     0	   38.4734	   26.8915	   21.1231	   5.07943	   2.95946	   9.22735	         0	         0	   10.7095	  -8.28094
   353	     0	   42.1297	   26.4494	   22.9789	   4.80957	   3.00966	   8.64269	         0	         0	   10.8938	  -7.10705
   354	     0	   38.6056	   26.6512	   22.3557	    4.2541	   2.82396	   8.89235	         0	         0	   10.1562	  -7.25239
   355	     0	   39.9477	   26.8172	   22.7862	   7.49221	   3.11172	   8.65395	         0	         0	   11.0266	  -7.25867
   356	     0	   38.5797	   26.7012	   20.7257	   12.0576	   2.93953	   8.91325	         0	         0	   10.3685	  -7.27214
   357	     0	   39.0984	   26.7776	    21.884	   8.95413	   3.11161	   9.03143	         0	         0	   10.7779	  -7.59664
   358	     0	   39.3302	    26.784	   21.6956	    11.711	    2.8265	   9.22334	         0	         0	   10.4838	  -7.67081
   359	     0	   40.7052	   26.8128	   22.4013	   9.42172	   2.99459	   8.80383	         0	         0	   10.8262	  -7.28833
   360	     0	   29.4457	   26.3806	   18.9531	   6.83694	 -0.554434	   5.72473	         0	         0	   10.4526	  -6.53676
   361	     0	    38.047	   26.7095	   22.2569	-0.0447514	   1.38087	   9.09516	         0	         0	   10.1439	   -7.0407
   362	     0	   42.0912	   26.8544	    22.512	   8.16936	   2.99067	   8.60312	         0	         0	   10.9934	  -7.19303
   363	     0	   36.8151	   26.7303	   22.6755	   4.91047	    2.1181	   9.05457	         0	         0	   10.9131	  -7.55853
   364	     0	   40.9075	   26.6385	   22.1165	   3.80224	   2.48273	   9.07799	         0	         0	   10.4485	  -7.19268
   365	     0	     38.03	   26.3285	   20.5131	   11.2422	    3.0892	   7.55725	         0	         0	   10.2133	  -6.57695
   366	     0	   39.1205	   26.6377	   21.2626	   10.3467	   3.15452	    8.3805	         0	         0	   10.4676	  -6.85373
   367	     0	   36.5796	   26.7883	   19.5822	   12.6364	 -0.600357	   8.99077	         0	         0	    10.957	  -7.77602
   368	     0	   32.1006	   26.4792	   19.8814	   11.5331	   2.52825	   7.23105	         0	         0	   10.1467	  -6.62007
   369	     0	   39.9846	   26.7544	   22.1633	   8.80238	   3.18701	   8.26861	         0	         0	    10.893	   -7.0043
   370	     0	   41.1871	   26.8633	   22.1779	   6.34415	   3.09437	   8.83883	         0	         0	   10.7683	  -7.20884
   371	     0	   37.5023	   26.7801	    22.315	    9.7056	   2.94313	   9.11255	         0	         0	   10.5271	  -7.59989
   372	     0	   41.9592	   26.8544	    22.512	   7.71125	    2.9867	   8.60312	         0	         0	   10.9934	  -7.19556
   373	     0	   40.1805	   26.8346	   21.8404	   9.96273	    2.9706	   9.02941	         0	         0	    10.824	  -7.44598
   374	     0	    41.361	   26.8374	   22.0994	   7.89491	   2.94941	   8.83617	         0	         0	   10.8573	  -7.24018
   375	     0	   40.6498	   26.8346	   21.8404	   9.26114	   2.97438	   9.02941	         0	         0	    10.824	  -7.43661
   376	     0	   37.4434	   26.7297	   20.4868	   12.3247	   3.02556	   9.11877	         0	         0	   10.2784	   -7.5562
   377	     0	   39.2148	    26.802	   21.5548	   3.22092	    2.7432	   9.18726	         0	         0	   10.2102	  -7.39239
   378	     0	   41.3271	   26.7099	   21.2703	   10.6958	  0.466794	   7.56612	         0	         0	    11.054	  -7.07368
   379	     0	    40.816	   26.8035	   22.5245	   8.13945	   2.68635	   8.90005	         0	         0	   10.6057	  -7.17953
   380	     0	   39.9955	   26.7337	   22.1167	   10.6388	   3.05607	    8.1954	         0	         0	   11.0924	  -7.11269
   381	     0	   37.0983	   26.7705	   20.9393	   9.93177	   1.67092	   7.66806	         0	         0	   10.9153	  -6.95112
   382	     0	   29.4468	   26.3806	   18.9531	   6.66332	 -0.555025	   5.72473	         0	         0	   10.4526	  -6.53682
   383	     0	   41.4469	   26.7565	   21.8315	   10.7343	   3.03618	   8.87191	         0	         0	   10.6661	  -7.43068
   384	     0	   41.0481	   26.8558	   21.4115	    9.0489	   2.68093	   8.91985	         0	         0	   11.0325	  -7.60204
   385	     0	   39.7521	   26.8578	   22.1492	   5.60553	     2.501	   9.27795	         0	         0	   10.6424	  -7.69752
   386	     0	   37.8211	    26.631	   20.4855	   10.7149	    1.3134	    7.4301	         0	         0	   10.8256	  -6.87068
   387	     0	   36.0695	   26.6253	   20.2038	   10.4129	    2.9021	   8.77342	         0	         0	   10.2338	  -7.09291
   388	     0	   39.0035	   26.8199	   21.4652	   7.60852	   2.99724	   9.18178	         0	         0	   10.8845	  -7.64409
   389	     0	   42.2474	   26.8544	    22.512	   7.61792	   2.99541	   8.60312	         0	         0	   10.9934	  -7.18995
   390	     0	   39.0031	   26.0741	   21.2482	    8.4115	   3.24549	   8.09357	         0	         0	   9.96547	  -6.70007
   391	     0	   39.2932	    26.784	   21.6956	   10.3412	   2.82661	   9.22334	         0	         0	   10.4838	  -7.67137
   392	     0	   37.5489	   26.7319	   21.4243	   9.62798	   2.93411	   9.16148	         0	         0	   10.4051	  -7.54744
   393	     0	   35.5819	   26.6898	   19.4292	   8.87317	    2.2123	   9.02473	         0	         0	   10.6629	  -7.43529
   394	     0	   40.5807	   26.7257	   21.1662	   7.90709	   2.78677	   8.51373	         0	         0	     10.95	  -6.95335
   395	     0	   42.2723	   26.6289	   21.3177	   10.7922	  -1.53755	   7.54635	         0	         0	    11.169	  -7.12815
   396	     0	   37.5126	   26.7268	   20.2912	   8.13124	   2.19297	   8.82247	         0	         0	   10.9892	   -7.3747
   397	     0	   37.9399	   26.0961	   22.4079	  0.452549	   1.89097	   8.69847	         0	         0	   10.1553	  -6.85535
   398	     0	   38.1955	   26.8915	   21.1231	   7.51001	   2.95459	   9.22735	         0	         0	   10.7095	  -8.28489
   399	     0	   41.0557	   26.7993	   21.4418	   9.92793	   2.51314	   8.78909	         0	         0	   10.7876	  -7.22118
   400	     0	   40.7059	    26.727	   22.3747	   6.51456	   3.11101	   8.45383	         0	         0	   10.9543	  -7.04364
   401	     0	   38.4639	   26.6855	   21.7293	   9.62028	   3.22452	   8.46212	         0	         0	   10.9721	  -7.17243
   402	     0	     38.13	    26.784	   22.0819	   9.81949	   2.96028	   9.05302	         0	         0	   10.8587	  -7.52453
   403	     0	   37.8567	   26.7095	   22.2569	  0.117961	    1.3964	   9.09516	         0	         0	   10.1439	  -7.04292
   404	     0	   32.8092	   26.6651	   21.1411	   5.04026	   2.99113	   9.07903	         0	         0	   11.1729	  -7.84469
   405	     0	   39.1593	    26.784	   21.6956	   11.4939	   2.82693	   9.22334	         0	         0	   10.4838	  -7.67338
   406	     0	   39.1657	   26.6721	   21.6528	   6.93505	   3.14328	   8.59122	         0	         0	   10.8095	  -7.08449
   407	     0	    40.773	   26.7477	   21.5271	    3.4019	   2.76926	   8.95873	         0	         0	    10.707	  -7.20755
   408	     0	   36.8072	   26.6846	   21.1582	    10.805	   2.98988	   8.92902	         0	         0	   10.4862	  -7.30357
   409	     0	    41.334	   26.4494	   22.9789	   7.01072	   3.02877	   8.64269	         0	         0	   10.8938	  -7.11783
   410	     0	   40.7802	   26.8035	   22.5245	   7.63825	   2.68832	   8.90005	         0	         0	   10.6057	  -7.18011
   411	     0	   29.4262	   26.3806	   18.9531	   6.45074	 -0.544078	   5.72473	         0	         0	   10.4526	  -6.53572
   412	     0	   37.6845	   26.8084	    20.578	   10.2948	   2.66427	   9.30694	         0	         0	   10.3375	  -7.86697
   413	     0	   36.4627	   26.8368	   20.9619	   9.05297	   1.61655	   8.09568	         0	         0	    10.868	  -7.30933
   414	     0	   37.8869	   26.8084	    20.578	    11.194	   2.67144	   9.30694	         0	         0	   10.3375	  -7.86333
   415	     0	    40.142	   26.3766	   21.5186	   9.11099	   3.08886	   8.33553	         0	         0	   10.3335	  -6.93833
   416	     0	   35.4574	   26.7087	    21.684	   6.54788	   3.03931	   9.11524	         0	         0	   10.3708	  -7.71685
   417	     0	   39.5826	   26.7236	   21.5365	    2.3602	   3.13889	   8.73078	         0	         0	   10.3737	  -7.02063
   418	     0	   38.9156	   26.6512	   22.3557	   4.88873	   2.81038	   8.89235	         0	         0	   10.1562	   -7.2483
   419	     0	    37.098	   26.7705	   20.9393	   10.8622	   1.67144	   7.66806	         0	         0	   10.9153	  -6.95104
   420	     0	   37.7348	   26.7801	    22.315	   7.70696	    2.9372	   9.11255	         0	         0	   10.5271	  -7.59683
   421	     0	   38.4639	   26.6857	   21.9273	   8.05203	   3.24558	   8.51899	         0	         0	   10.6515	  -7.07632
   422	     0	   38.4029	   26.6857	   21.9273	   7.04953	   3.24627	   8.51899	         0	         0	   10.6515	  -7.07733
   423	     0	   39.1368	   26.8114	   21.5514	   9.87978	   2.25347	   9.09613	         0	         0	   11.2035	  -7.83741
   424	     0	    36.557	   26.7429	    21.603	   11.1903	   2.45657	   9.24496	         0	         0	   10.4708	  -7.64736
   425	     0	   39.3357	   26.6748	    22.548	   6.35294	   2.73697	   8.95605	         0	         0	   10.4499	  -7.22781
   426	     0	   25.6369	   26.4743	    20.824	  -7.08656	   2.67473	   8.94125	         0	         0	   11.2237	  -7.47227
   427	     0	   42.0325	   26.7832	   22.5449	   6.36442	   2.90311	   8.92755	         0	         0	   10.7992	  -7.21621
   428	     0	   38.8447	   26.7776	    21.884	   8.31534	   3.11055	   9.03143	         0	         0	   10.7779	  -7.60026
   429	     0	   38.7456	   26.7776	    21.884	   10.2475	    3.1101	   9.03143	         0	         0	   10.7779	  -7.60165
   430	     0	   40.6818	   26.6385	   22.1165	   5.00152	   2.49307	   9.07799	         0	         0	   10.4485	  -7.19627
   431	     0	   40.6643	   26.8172	   21.5997	   9.41792	   2.94859	   8.99707	         0	         0	   10.8875	  -7.47599
   432	     0	   41.7665	   26.4494	   22.9789	   7.07815	   3.01893	   8.64269	         0	         0	   10.8938	  -7.11208
   433	     0	   38.4296	     26.64	   21.1362	   11.4375	   2.79349	   8.27853	         0	         0	   10.6074	  -7.03581
   434	     0	   40.2714	   26.5945	   21.3705	   4.92602	   2.96191	   8.79543	         0	         0	   10.2139	  -7.06378
   435	     0	   41.4742	   26.6745	   21.5694	   8.86768	   1.87616	   8.05939	         0	         0	   10.8388	  -7.06442
   436	     0	     39.95	    26.747	   21.2063	   11.3662	   1.90069	   8.34219	         0	         0	   10.9634	  -7.20795
   437	     0	   41.8911	   26.8638	   21.4456	   11.5643	   2.10795	   8.93072	         0	         0	   11.0339	  -7.58502
   438	     0	   37.9582	   26.3285	   20.5131	   12.0631	   3.08455	   7.55725	         0	         0	   10.2133	  -6.57911
   439	     0	   40.4138	   26.7309	   22.0697	   7.91738	   3.08331	   8.56471	         0	         0	   10.7938	   -7.0826
   440	     0	   40.5502	   26.7574	    22.279	   8.63468	   2.97508	   8.30285	         0	         0	   10.9639	  -7.07568
   441	     0	     39.47	   26.7144	   21.8151	   11.4881	   3.08737	    8.6262	         0	         0	   10.7397	  -7.06996
   442	     0	   40.6584	   26.8035	   22.5245	   6.25485	   2.69478	   8.90005	         0	         0	   10.6057	  -7.18205
   443	     0	   39.3344	   26.3734	   22.5112	   2.25093	   2.48043	   8.89498	         0	         0	   10.1302	  -7.06762
   444	     0	   35.4033	   26.6898	   19.4292	   9.94852	    2.1895	   9.02473	         0	         0	   10.6629	  -7.44079
   445	     0	   41.9433	   26.8544	    22.512	   9.78913	   2.98624	   8.60312	         0	         0	   10.9934	  -7.19586
   446	     0	   38.9637	   26.7763	   21.7077	    12.319	   2.80613	   9.18326	         0	         0	   10.5662	  -7.53621
   447	     0	   39.2952	   26.7095	   21.5333	   7.06647	   3.18441	   8.57922	         0	         0	   10.4281	  -7.08704
   448	     0	   39.4138	   26.7914	   20.6335	    13.311	   2.21883	   8.86236	         0	         0	   10.7761	    -7.387
   449	     0	   36.4081	   26.8368	   20.9619	   8.62981	   1.66759	   8.09567	         0	         0	    10.868	  -7.30084
   450	     0	   39.3598	    26.802	   21.5548	   5.64637	   2.73784	   9.18727	         0	         0	   10.2102	  -7.39017
   451	     0	   41.2408	   25.7935	   21.5408	   11.3643	   1.98724	   8.06498	         0	         0	   10.6958	  -7.02226
   452	     0	   36.1235	   26.6682	     19.17	   13.8848	   2.11816	   9.17811	         0	         0	   10.3431	  -7.45438
   453	     0	   38.4359	   26.7688	   21.4051	   4.96069	   3.08525	   9.13513	         0	         0	   10.6878	  -7.54069
   454	     0	   31.0937	   26.4993	    18.671	   11.6041	   1.81098	   8.81716	         0	         0	   10.1164	   -7.2436
   455	     0	   41.8599	   26.7565	   21.8315	   10.9099	   3.04669	   8.87192	         0	         0	   10.6661	  -7.42225
   456	     0	    39.859	   26.7441	   21.5646	    7.9234	   2.95447	   9.18026	         0	         0	   10.4839	  -7.57557
   457	     0	     41.17	    26.672	   21.3899	   12.3062	   2.24282	   8.13506	         0	         0	   10.8762	  -7.12792
   458	     0	   37.4072	   26.7841	   21.5206	   11.2694	   3.19358	   7.79543	         0	         0	   10.5734	  -6.84818
   459	     0	   39.9962	   26.7823	   21.4988	   10.6177	   2.96223	   8.98024	         0	         0	   10.8476	  -7.43672
   460	     0	   37.7767	   26.7336	   22.5915	   7.31332	    2.2164	   8.90877	         0	         0	   10.5041	  -7.13296
   461	     0	   42.0997	   26.6289	   21.3177	   12.1747	  -1.61174	   7.54635	         0	         0	    11.169	  -7.13527
   462	     0	   40.0321	   26.7331	   22.3939	   6.34691	   2.90048	   9.04151	         0	         0	   10.7475	  -7.25284
   463	     0	    41.767	   26.4494	   22.9789	   6.19933	   3.01891	   8.64269	         0	         0	   10.8938	  -7.11207
   464	     0	   36.0277	   26.7653	   19.8903	   12.8671	   1.60553	   8.56912	         0	         0	   10.7771	  -7.14623
   465	     0	   36.1713	   26.6253	   20.2038	   10.6222	   2.90924	   8.77342	         0	         0	   10.2338	  -7.08886
   466	     0	   38.1479	   26.5958	   21.5986	   10.4294	   3.26275	   7.91829	         0	         0	   10.8259	  -6.85888
   467	     0	   37.2779	   26.7545	   21.7938	   10.3322	   2.68169	   9.16256	         0	         0	   10.6483	  -7.49721
   468	     0	   35.7255	   26.7087	    21.684	   5.25934	   3.03227	   9.11523	         0	         0	   10.3708	  -7.71306
   469	     0	   39.9436	    26.747	   21.2063	   12.0756	   1.89969	   8.34219	         0	         0	   10.9634	  -7.20815
   470	     0	    33.136	   26.4414	   19.7329	    12.156	   2.98156	   8.39813	         0	         0	   9.23098	  -7.00218
   471	     0	   39.3811	   26.7645	   22.2183	   6.33853	   2.78287	   8.99707	         0	         0	    10.647	  -7.22066
   472	     0	   39.3231	   26.3076	   22.6869	 -0.661351	  0.973876	    9.1573	         0	         0	   10.3843	  -7.20692
   473	     0	   39.7026	   26.6941	   21.0541	   9.51326	    2.9354	    8.4844	         0	         0	   10.4234	  -7.10489
   474	     0	   38.4907	    26.754	   21.0905	    7.4367	     3.107	   8.69374	         0	         0	    10.763	  -7.08955
   475	     0	   40.6964	   26.7256	   21.1662	   7.58004	   2.79662	   8.51372	         0	         0	     10.95	   -6.9496
   476	     0	    38.713	    26.764	   21.2485	   9.62329	    2.7994	    9.1708	         0	         0	   10.3903	  -7.41991
   477	     0	   42.2344	   26.6289	   21.3177	   11.3272	   -1.5544	   7.54635	         0	         0	    11.169	  -7.12978
   478	     0	   43.1926	   26.5564	   22.3197	   7.57491	   1.74426	   8.17368	         0	         0	   11.0348	  -7.21783
   479	     0	   40.0944	   26.3083	   20.4633	   11.6732	   2.28222	   8.59556	         0	         0	   10.5254	  -7.18513
   480	     0	   36.7723	   26.1264	   20.3602	   10.5233	   3.15733	   5.48035	         0	         0	   10.3217	  -6.26914
   481	     0	   35.4616	   26.6898	   19.4292	   10.5081	   2.19674	   9.02473	         0	         0	   10.6629	  -7.43902
   482	     0	   40.0633	   26.8172	   22.7862	   7.74829	   3.11293	   8.65395	         0	         0	   11.0266	  -7.25687
   483	     0	    35.457	   26.6898	   19.4292	   8.90706	   2.19619	   9.02473	         0	         0	   10.6629	  -7.43916
   484	     0	   41.1657	    26.744	   21.9374	   11.0246	   2.40909	   8.20935	         0	         0	   11.0736	  -7.19482
   485	     0	    40.405	   26.7256	   21.1662	   10.2086	   2.77254	   8.51372	         0	         0	     10.95	  -6.95867
   486	     0	   40.8117	   26.7579	   21.2838	   11.9859	   2.62621	   8.54228	         0	         0	   10.8682	   -7.1861
   487	     0	   36.4918	   26.4812	   20.2107	   10.0129	  0.120238	   6.73206	         0	         0	   10.6333	  -6.76988
   488	     0	   39.9017	   26.3083	   20.4633	   12.3161	   2.24177	   8.59556	         0	         0	   10.5254	  -7.19471
   489	     0	   28.3795	   26.5948	   20.9892	   2.28488	   2.97202	   9.08043	         0	         0	   10.9067	  -7.78173
   490	     0	   40.4114	   26.7024	   21.6232	     9.401	   2.39742	   8.22297	         0	         0	   10.8155	  -7.14583
   491	     0	   41.4665	    26.672	   21.3899	   10.4747	   2.27548	   8.13506	         0	         0	   10.8762	   -7.1211
   492	     0	    41.312	   26.4494	   22.9789	   6.83474	   3.02928	   8.64269	         0	         0	   10.8938	  -7.11812
   493	     0	    36.008	   26.6682	     19.17	   14.0827	   2.10611	   9.17811	         0	         0	   10.3431	   -7.4576
   494	     0	   41.3566	    26.618	   21.7557	   7.81603	   2.88846	   8.40166	         0	         0	   10.6818	  -7.13918
   495	     0	   40.2176	   26.7331	   22.3939	   4.29122	   2.89659	   9.04151	         0	         0	   10.7475	   -7.2504
   496	     0	   40.9524	   26.6385	   22.1165	   3.54738	   2.48055	   9.07799	         0	         0	   10.4485	  -7.19195
   497	     0	   41.9878	   26.8544	    22.512	   8.62269	   2.98755	   8.60311	         0	         0	   10.9934	  -7.19502
   498	     0	   41.8757	   26.8544	    22.512	   8.86943	   2.98419	   8.60311	         0	         0	   10.9934	  -7.19714
   499	     0	   43.0695	   26.5564	   22.3197	   8.20367	   1.72573	   8.17368	         0	         0	   11.0348	  -7.22084
   500	     0	   40.0039	   26.3083	   20.4633	   11.4289	     2.262	   8.59556	         0	         0	   10.5254	  -7.18992
   501	     0	   42.0109	   26.8544	    22.512	   8.19219	   2.98825	   8.60312	         0	         0	   10.9934	  -7.19458
   502	     0	   37.0939	   26.7705	   20.9393	   10.5723	   1.67668	   7.66806	         0	         0	   10.9153	  -6.95021
   503	     0	   41.0205	   26.8035	   22.5245	   6.32127	    2.6748	   8.90005	         0	         0	   10.6057	  -7.17618
   504	     0	    37.482	   26.6518	   20.6506	   10.8077	   2.00849	   7.65692	         0	         0	   10.7869	  -6.83174
   505	     0	   40.0354	   26.8172	   22.7862	   7.82979	   3.11264	   8.65395	         0	         0	   11.0266	  -7.25731
   506	     0	   29.4798	   26.6055	   21.6158	   4.89728	   2.86186	   9.08062	         0	         0	   11.0711	  -7.76469
   507	     0	   37.1372	   26.7441	    21.288	    7.0715	   2.41976	   8.90465	         0	         0	   11.2163	  -7.65946
   508	     0	   39.1459	   26.8174	   21.3636	   9.22476	   2.77283	   8.14593	         0	         0	   10.8496	  -7.10933
   509	     0	   41.2783	   26.4494	   22.9789	   6.99669	   3.03001	   8.64269	         0	         0	   10.8938	  -7.11856
   510	     0	   29.6772	   26.6411	   21.8335	  -1.36123	   2.39249	   9.01013	         0	         0	   10.3439	  -7.70548
   511	     0	   41.5624	   26.3937	   22.3318	   10.4966	   3.05249	    8.5642	         0	         0	   10.8478	  -7.05066
   512	     0	   40.7247	   26.8035	   22.5245	    8.7451	   2.69129	   8.90005	         0	         0	   10.6057	    -7.181
   513	     0	   33.0676	   26.4414	   19.7329	   11.8207	   2.97564	   8.39813	         0	         0	   9.23098	  -7.00506
   514	     0	   31.3039	   26.6893	   22.3969	   6.50621	   2.56625	   9.12875	         0	         0	   11.0806	  -8.19825
   515	     0	   40.4429	   26.3215	    22.219	   9.66926	   3.01194	   8.71047	         0	         0	   10.3481	  -7.01774
   516	     0	   38.2036	   26.5063	   20.4636	   10.3508	   2.80004	    7.8064	         0	         0	   10.3521	  -6.81561
   517	     0	   37.8992	   26.3285	   20.5131	   12.2593	    3.0808	   7.55725	         0	         0	   10.2133	  -6.58083
   518	     0	   38.2086	   26.7129	   20.6755	   10.8652	    2.8491	   9.10741	         0	         0	   10.4166	  -7.39358
   519	     0	   31.7894	   26.7108	   21.8013	  0.850419	   2.49431	   9.14505	         0	         0	    10.675	  -7.84679
   520	     0	   38.0196	   26.3285	   20.5131	   10.4937	   3.08853	   7.55725	         0	         0	   10.2133	  -6.57727
   521	     0	   29.3874	   26.3806	   18.9531	   6.92591	 -0.524108	   5.72473	         0	         0	   10.4526	  -6.53373
   522	     0	   41.4916	   26.7565	   21.8315	    11.387	   3.03731	   8.87191	         0	         0	   10.6661	   -7.4298
   523	     0	   39.2866	    26.784	   21.6956	   11.7629	   2.82663	   9.22334	         0	         0	   10.4838	  -7.67147
   524	     0	   40.5477	   26.7256	   21.1662	   8.34802	   2.78401	   8.51373	         0	         0	     10.95	  -6.95439
   525	     0	   40.3433	   26.7337	   22.1167	   7.71004	   3.07068	   8.19541	         0	         0	   11.0924	  -7.10612
   526	     0	   41.4073	    26.864	   22.3833	   7.31549	   2.97319	   8.89661	         0	         0	   10.7439	  -7.29237
   527	     0	   41.1843	   26.8078	   22.4761	   6.77704	   3.07553	   8.49217	         0	         0	   11.0142	  -7.18236
   528	     0	   40.9563	   26.7868	   22.0592	   8.60774	    3.1009	   8.48777	         0	         0	   10.9725	  -7.02452
   529	     0	   29.4876	   26.6411	   21.8335	 -0.277724	   2.40293	   9.01013	         0	         0	   10.3439	  -7.70791
   530	     0	   41.6695	   26.4494	   22.9789	   6.65324	   3.02124	   8.64269	         0	         0	   10.8938	  -7.11339
   531	     0	   40.0947	   26.6538	    21.691	   8.84953	   2.99124	   7.86762	         0	         0	   10.8716	  -6.89443
   532	     0	   38.0763	   26.7573	   21.4754	   10.6217	   2.95176	   9.16743	         0	         0	   10.2241	  -7.56848
   533	     0	   33.1913	   26.4414	   19.7329	   11.6587	   2.98652	   8.39813	         0	         0	   9.23098	  -6.99975
   534	     0	   41.0569	   26.8451	   21.9483	   7.48627	   2.97345	   9.12798	         0	         0	   10.6873	  -7.52868
   535	     0	   37.1042	   26.7705	   20.9393	   9.61948	   1.66232	   7.66806	         0	         0	   10.9153	  -6.95249
   536	     0	   40.7219	   26.8035	   22.5245	   8.92804	   2.69143	   8.90005	         0	         0	   10.6057	  -7.18104
   537	     0	    40.859	   26.5622	   22.3936	    8.8447	   2.85971	   9.08683	         0	         0	   10.4552	  -7.36826
   538	     0	   36.9656	   26.7423	   21.6111	   6.38009	   3.05217	   9.11435	         0	         0	   10.9625	  -7.67176
   539	     0	   41.5877	   26.4494	   22.9789	   6.81324	   3.02312	   8.64269	         0	         0	   10.8938	  -7.11448
   540	     0	   39.7317	   26.7727	   22.4314	   1.17091	   2.85543	   8.94744	         0	         0	   10.8292	  -7.22726
   541	     0	   39.9173	    26.747	   21.2063	   11.8716	   1.89515	   8.34219	         0	         0	   10.9634	  -7.20896
   542	     0	   35.2756	   26.6898	   19.4292	   9.82623	   2.17388	   9.02473	         0	         0	   10.6629	  -7.44456
   543	     0	   41.6392	   26.8451	   21.9483	   4.10455	   2.96354	   9.12797	         0	         0	   10.6873	  -7.51916
   544	     0	    41.267	   26.6385	   22.1165	   2.00937	   2.46474	   9.07799	         0	         0	   10.4485	  -7.18673
   545	     0	   41.5674	   26.7565	   21.8315	   9.51573	   3.03923	   8.87191	         0	         0	   10.6661	  -7.42829
   546	     0	   40.2049	   26.7376	   21.7857	   7.76817	   3.07858	   8.30133	         0	         0	    11.016	  -7.08762
   547	     0	   41.3958	    26.755	   22.0126	   9.11532	   3.05133	   8.43795	         0	         0	   10.9527	  -7.08393
   548	     0	    38.789	    26.765	   22.1103	   4.88512	   2.98653	   8.93984	         0	         0	   10.7597	  -7.31064
   549	     0	   40.7382	   26.1794	   22.2827	   7.31352	   2.77594	   9.03501	         0	         0	   10.5287	   -7.2007
   550	     0	   38.9582	   26.8312	   21.5282	   8.59689	   2.83965	   9.25257	         0	         0	   10.5247	  -7.66376
   551	     0	    38.187	   26.3285	   20.5131	   10.2971	   3.09984	   7.55725	         0	         0	   10.2133	  -6.57196
   552	     0	   32.7461	   26.7137	   22.0512	   1.19449	   2.77307	    9.1015	         0	         0	   11.1708	  -7.71073
   553	     0	   37.6068	   26.6882	   22.4303	   6.22922	   2.53395	   8.67631	         0	         0	   10.1895	  -7.05443
   554	     0	   40.6151	   26.7256	   21.1662	   8.39224	   2.78959	   8.51372	         0	         0	     10.95	  -6.95226
   555	     0	   41.8697	   26.8544	    22.512	   10.1853	   2.98402	   8.60311	         0	         0	   10.9934	  -7.19725
   556	     0	   38.6864	   26.6855	   21.7293	    8.1593	    3.2273	   8.46212	         0	         0	   10.9721	  -7.16886
   557	     0	        40	   26.7461	   21.4809	   9.67939	   3.00965	   8.55839	         0	         0	    10.781	  -7.06771
   558	     0	   41.5035	   26.4494	   22.9789	   6.88338	   3.02506	   8.64269	         0	         0	   10.8938	  -7.11561
   559	     0	   40.7546	    26.782	    22.297	   7.32838	   3.09407	   8.58087	         0	         0	   11.0559	  -7.13735
   560	     0	   35.2348	   26.7657	   22.0354	   9.03213	   2.52281	   9.23089	         0	         0	   10.8287	  -8.00795
   561	     0	   41.4691	    26.672	   21.3899	   10.0679	   2.27589	   8.13506	         0	         0	   10.8762	  -7.12103
   562	     0	   40.8939	   26.8769	   22.1064	   8.78437	   3.14999	   8.76162	         0	         0	   10.9889	   -7.6086
   563	     0	   39.2833	   26.5515	   22.5213	   4.68518	   2.10943	   8.84521	         0	         0	   10.2411	  -6.95388
   564	     0	   39.4599	   26.7487	   22.2157	    8.2933	   3.02546	   8.60808	         0	         0	   10.6737	  -6.96583
   565	     0	   40.9445	   26.8037	   22.2832	   10.3079	   3.24682	   8.26562	         0	         0	   10.8816	  -7.09845
   566	     0	   42.1604	   26.6289	   21.3177	   11.8691	  -1.58682	   7.54634	         0	         0	    11.169	  -7.13286
   567	     0	   41.5633	   26.7565	   21.8315	   11.7365	   3.03912	   8.87191	         0	         0	   10.6661	  -7.42837
   568	     0	   41.3884	   26.7983	   21.5793	   8.59347	   2.31319	   8.41999	         0	         0	   10.9093	  -7.17021
   569	     0	   39.3073	   26.7548	   22.3091	   7.14356	   2.43355	    8.9777	         0	         0	   10.5761	  -7.26786
   570	     0	   38.8609	   26.7296	   22.0499	   8.74362	   2.59815	   8.76342	         0	         0	   10.6158	  -7.06412
   571	     0	   34.5721	   26.6968	   21.3394	   4.95202	   2.99558	   9.03101	         0	         0	   11.1471	  -7.51478
   572	     0	   40.8728	   26.7889	    22.332	   5.65343	   3.13693	   8.56906	         0	         0	   10.8745	  -7.07758
   573	     0	   39.9822	   26.8172	   22.7862	   7.39963	   3.11208	   8.65395	         0	         0	   11.0266	  -7.25814
   574	     0	   38.1138	    26.623	   21.6742	   8.25002	   3.21858	   8.41671	         0	         0	   10.3896	  -7.00684
   575	     0	   42.2321	   26.8544	    22.512	   7.45165	   2.99493	   8.60311	         0	         0	   10.9934	  -7.19026
   576	     0	   40.6142	    26.805	   22.3221	   9.48138	   3.07496	   8.51346	         0	         0	   10.9862	  -7.11205
   577	     0	   39.0449	   26.3076	   22.6869	  0.582066	  0.996536	    9.1573	         0	         0	   10.3843	  -7.20982
   578	     0	   43.0842	   26.5564	   22.3197	    7.4761	     1.728	   8.17368	         0	         0	   11.0348	  -7.22049
   579	     0	    38.508	   26.8014	   20.7114	   10.1608	   1.77722	   8.28226	         0	         0	   10.8795	  -7.17547
   580	     0	   39.5391	   26.7162	    21.213	    9.3608	   2.42747	   8.06479	         0	         0	   10.8242	  -7.07846
   581	     0	   33.7749	   26.7039	   19.4231	   11.4593	   1.82822	   8.96955	         0	         0	   10.7473	  -7.47814
   582	     0	   41.0378	   26.5539	    21.683	   9.37822	   2.94672	   8.33802	         0	         0	   10.7095	  -7.11761
   583	     0	   39.4779	   26.5025	   20.4262	   12.2698	  -1.24089	   7.70559	         0	         0	   10.7011	  -7.11947
   584	     0	   40.3668	   26.8346	   21.8404	   9.69386	   2.97219	   9.02941	         0	         0	    10.824	  -7.44235
   585	     0	   40.9941	   26.6385	   22.1165	    1.7303	   2.47853	   9.07799	         0	         0	   10.4485	  -7.19127
   586	     0	   39.1057	   26.5515	   22.5213	   3.33812	   2.12197	   8.84521	         0	         0	   10.2411	  -6.95626
   587	     0	   38.1769	   26.7825	   21.8926	   4.31336	   2.99653	   9.09611	         0	         0	    10.983	  -7.50709
   588	     0	   36.4392	   26.6682	     19.17	   12.2652	   2.15289	   9.17811	         0	         0	   10.3431	  -7.44503
   589	     0	   38.9142	   26.5914	    21.121	   10.7059	   3.07753	   8.21574	         0	         0	   10.2849	  -6.85081
   590	     0	   40.4891	   26.7256	   21.1662	   10.0589	   2.77921	   8.51372	         0	         0	     10.95	  -6.95618
   591	     0	   39.9938	   26.3083	   20.4633	    11.271	   2.25996	   8.59556	         0	         0	   10.5254	  -7.19042
   592	     0	    41.533	   25.7935	   21.5408	   9.76223	   2.02143	   8.06498	         0	         0	   10.6958	  -7.01604
   593	     0	   40.3006	   26.6712	   21.3764	   11.4805	   3.05168	   8.71466	         0	         0	   10.5434	  -7.21862
   594	     0	   41.1877	   26.6385	   22.1165	   2.46346	   2.46885	   9.07799	         0	         0	   10.4485	  -7.18807
   595	     0	   38.2561	   26.6616	   21.9496	    9.0252	   3.22726	   8.53075	         0	         0	   10.5897	  -7.09388
   596	     0	   37.9568	   26.3285	   20.5131	   10.7765	   3.08444	   7.55724	         0	         0	   10.2133	  -6.57915
   597	     0	   38.4299	   26.5699	   21.4824	   7.63105	   3.34361	   8.09092	         0	         0	   10.2414	  -6.85088
   598	     0	   41.1595	   26.6385	   22.1165	  0.817754	   2.47034	   9.07799	         0	         0	   10.4485	  -7.18854
   599	     0	   39.9819	   26.7672	   21.8162	   8.47555	   3.06081	   8.63501	         0	         0	   10.6314	  -6.96179
   600	     0	   38.3139	   26.6973	   20.3713	   13.0177	   2.61277	   8.79408	         0	         0	   10.1267	  -7.27163
   601	     0	   39.8125	   26.6538	    21.691	   10.8967	   2.97143	   7.86762	         0	         0	   10.8716	  -6.90198
   602	     0	   40.5728	   26.7337	   22.1167	   8.46383	   3.08052	    8.1954	         0	         0	   11.0924	  -7.10161
   603	     0	   38.4663	    26.754	   21.0905	   6.89309	   3.10659	   8.69374	         0	         0	    10.763	  -7.09038
   604	     0	   35.4682	   26.6898	   19.4292	   8.76802	   2.19766	   9.02473	         0	         0	   10.6629	  -7.43882
   605	     0	   39.2367	   26.6606	   20.5864	   10.8399	   2.27514	   8.30613	         0	         0	   10.4955	  -6.99215
   606	     0	   29.2179	   26.3806	   18.9531	    5.6814	 -0.446023	   5.72474	         0	         0	   10.4526	  -6.52597
   607	     0	   32.5201	   26.7137	   22.0512	   1.47282	   2.77905	    9.1015	         0	         0	   11.1708	  -7.71384
   608	     0	   41.9213	   26.8544	    22.512	   9.32478	   2.98556	   8.60311	         0	         0	   10.9934	  -7.19628
   609	     0	   40.7468	   26.8301	   21.9674	   10.9474	   2.98086	   9.13979	         0	         0	   10.6689	  -7.56874
   610	     0	   35.8364	   26.6575	     19.73	   11.4182	   2.40852	   8.82163	         0	         0	   10.4182	  -7.25335
   611	     0	   42.7732	   26.9083	   22.2947	   9.79434	   2.52305	   8.77253	         0	         0	   11.0062	  -7.38119
   612	     0	   40.5688	   26.8346	   21.8404	    7.5798	   2.97379	   9.02941	         0	         0	    10.824	  -7.43828
   613	     0	   39.3546	    26.784	   21.6956	   11.0465	   2.82643	   9.22334	         0	         0	   10.4838	  -7.67044
   614	     0	   37.4283	    26.624	   20.5559	   8.06911	   2.98301	   8.20477	         0	         0	   10.5515	  -6.91005
   615	     0	   39.6552	    26.739	    22.067	   6.27083	   2.49759	   8.88275	         0	         0	   10.3658	    -7.052
   616	     0	   37.0732	   26.7705	   20.9393	   8.90794	   1.69827	   7.66806	         0	         0	   10.9153	  -6.94682
   617	     0	   39.8392	    26.712	   22.0267	   7.77684	   3.21808	   8.43358	         0	         0	   10.7393	  -7.02731
   618	     0	   40.0968	   26.8553	   22.0862	   8.89507	   3.13959	   8.48697	         0	         0	   10.9129	  -7.24805
   619	     0	   27.6411	    26.626	   21.7784	   2.55225	   1.97239	   9.07932	         0	         0	   11.0416	  -7.97652
   620	     0	   33.0081	   26.7138	   22.0512	  0.533547	   2.76577	   9.10149	         0	         0	   11.1708	  -7.70707
   621	     0	   40.1882	   26.7189	   21.7738	   10.4414	   3.15949	   8.11222	         0	         0	    10.668	  -6.97838
   622	     0	   39.3118	   26.7487	   22.2157	   7.76046	   3.03022	   8.60808	         0	         0	   10.6737	  -6.96817
   623	     0	   41.9884	   26.8544	    22.512	   7.31817	   2.98756	   8.60311	         0	         0	   10.9934	  -7.19501
   624	     0	   40.4214	   26.5427	   21.3374	   10.8324	   2.63139	   7.85854	         0	         0	   10.7497	  -6.85144
   625	     0	   39.9578	   26.8172	   22.7862	   8.15028	   3.11182	   8.65395	         0	         0	   11.0266	  -7.25852
   626	     0	   37.3429	   26.6405	   20.1314	   11.3643	    2.2487	   8.53668	         0	         0	   10.5475	  -7.27344
   627	     0	   40.4516	   26.8872	   21.5947	   5.14848	   2.91484	   9.26312	         0	         0	   10.6648	  -7.69955
   628	     0	   39.5999	   26.7894	   22.4463	   5.10627	    2.2066	   8.94806	         0	         0	   10.9127	  -7.09334
   629	     0	   41.9728	   26.8544	    22.512	   9.25475	   2.98709	   8.60311	         0	         0	   10.9934	  -7.19531
   630	     0	    39.989	   26.1675	   21.2369	   9.33823	   3.05754	   8.48382	         0	         0	   10.2709	  -6.99632
   631	     0	   40.9213	   26.7324	   22.4478	   4.86617	   2.62028	   9.14011	         0	         0	   10.4206	  -7.28659
   632	     0	   40.4541	    26.705	   21.6653	   8.27062	   2.65441	   8.27833	         0	         0	   10.9945	  -7.04494
   633	     0	   34.9752	   26.7087	    21.684	   9.27408	   3.05103	   9.11524	         0	         0	   10.3708	  -7.72352
   634	     0	   38.4782	   26.6973	   20.3713	    10.401	    2.6276	   8.79408	         0	         0	   10.1267	  -7.26758
   635	     0	   39.8211	   26.7776	    21.884	   3.38025	   3.11383	   9.03143	         0	         0	   10.7779	  -7.58594
   636	     0	   41.4117	   26.4494	   22.9789	   7.47459	    3.0271	   8.64269	         0	         0	   10.8938	  -7.11682
   637	     0	   35.5834	   26.6421	   20.1195	   9.38075	   3.07395	   8.96044	         0	         0	   10.2053	  -7.38836
   638	     0	   37.2892	   26.5409	   20.5612	   11.9621	   2.81552	   7.83535	         0	         0	   10.4039	  -6.78885
   639	     0	   33.0168	   26.7137	   22.0512	  -0.44441	   2.76558	    9.1015	         0	         0	   11.1708	  -7.70695
   640	     0	   37.5636	   26.4909	    21.047	     10.46	   3.21301	   7.37916	         0	         0	   10.5259	  -6.62032
   641	     0	   38.8236	   26.7829	   20.9101	   11.3798	   2.62903	    9.3021	         0	         0	   10.3007	  -7.73182
   642	     0	   38.7664	   26.6973	   20.3713	   10.6426	    2.6549	   8.79409	         0	         0	   10.1267	  -7.26008
   643	     0	   36.9426	    26.667	   20.7212	   11.0536	   2.64987	   8.64677	         0	         0	   10.8826	  -7.43462
   644	     0	   40.1972	    26.712	   22.0267	   6.13318	   3.21487	   8.43358	         0	         0	   10.7393	   -7.0203
   645	     0	   40.0238	   26.7529	    21.758	    10.215	   2.99463	   8.60474	         0	         0	    10.798	  -7.19281
   646	     0	    37.312	   26.7095	   22.2569	   3.33835	   1.43877	   9.09516	         0	         0	   10.1439	  -7.04912
   647	     0	   39.5792	   26.6307	   22.5822	 -0.750352	   2.74156	   9.04262	         0	         0	   10.5938	  -7.21513
   648	     0	   39.8874	   26.6441	   21.6116	   8.42536	   2.94188	   8.23751	         0	         0	   10.6113	  -6.99109
   649	     0	   40.3686	   26.7337	   22.1167	   7.16956	   3.07175	   8.19541	         0	         0	   11.0924	  -7.10563
   650	     0	   34.8695	   26.7087	    21.684	   9.35915	   3.05349	   9.11524	         0	         0	   10.3708	  -7.72496
   651	     0	   42.0105	   26.8544	    22.512	   7.98793	   2.98824	   8.60312	         0	         0	   10.9934	  -7.19459
   652	     0	    38.123	   26.3285	   20.5131	   10.3496	    3.0954	   7.55724	         0	         0	   10.2133	  -6.57405
   653	     0	   37.7368	   26.7253	   21.3406	   9.89307	   2.94988	   8.87223	         0	         0	   11.0377	  -7.58606
   654	     0	   40.4935	   26.4266	   21.3487	   9.49441	   2.41698	   8.17476	         0	         0	   10.4403	  -7.05248
   655	     0	   39.9854	   26.8172	   22.7862	   6.66726	   3.11212	   8.65395	         0	         0	   11.0266	  -7.25809
   656	     0	   33.6702	   26.7035	   21.6433	   5.08763	   3.02123	    9.0675	         0	         0	   11.1629	  -7.66814
   657	     0	   40.5492	   26.7398	   21.6143	   9.45131	   2.82077	   8.50099	         0	         0	   10.6645	  -7.14022
   658	     0	   39.9516	   26.6906	   21.7259	   8.82595	   2.67914	   8.08593	         0	         0	   11.0531	  -6.99262
   659	     0	   37.7231	   26.6278	   22.3538	   8.16444	   2.74184	   8.59404	         0	         0	   10.3246	   -6.9637
   660	     0	   41.6998	   26.4494	   22.9789	   6.16725	   3.02055	   8.64269	         0	         0	   10.8938	  -7.11298
   661	     0	   35.3125	   26.6421	   20.1195	   9.02376	   3.06339	   8.96044	         0	         0	   10.2053	  -7.39423
   662	     0	   41.7096	   26.4494	   22.9789	   7.67028	   3.02024	   8.64269	         0	         0	   10.8938	  -7.11285
   663	     0	   38.1995	   26.5658	   22.0445	   7.77601	   2.79282	   8.50664	         0	         0	   10.2823	  -6.89105
   664	     0	   38.5946	    26.224	    20.921	   9.32267	    3.1852	    8.2722	         0	         0	    10.233	  -6.88681
   665	     0	   40.3558	   26.7413	   21.1324	   8.72306	   2.34071	   8.23851	         0	         0	   10.7725	  -7.12891
   666	     0	   36.2427	   26.3811	   20.2553	   9.99403	   2.45306	   6.10557	         0	         0	   10.6884	  -6.41863
   667	     0	   38.3585	   26.6804	   21.0959	   10.7248	   3.07589	   8.27813	         0	         0	   10.6449	  -7.01532
   668	     0	    39.065	   26.7656	   20.6368	   11.1105	   2.81263	   9.17596	         0	         0	   10.1212	  -7.46031
   669	     0	   38.9198	   26.7727	   21.3136	   9.88077	   2.78887	    9.1977	         0	         0	   10.4667	  -7.60648
   670	     0	   37.5065	   26.7297	   20.4868	   12.2892	   3.02764	   9.11876	         0	         0	   10.2784	  -7.55491
   671	     0	   38.3129	   26.7573	   21.4755	   8.65645	   2.95006	   9.16743	         0	         0	   10.2241	  -7.56471
   672	     0	   39.5843	   25.6473	    22.152	    9.1155	   3.15784	   8.33312	         0	         0	   10.1096	  -6.88461
   673	     0	   41.5781	   26.4494	   22.9789	   5.20923	   3.02339	   8.64269	         0	         0	   10.8938	  -7.11462
   674	     0	   40.6759	   26.5169	   21.9797	   7.40004	   3.05812	   8.66068	         0	         0	   10.5364	  -7.01809
   675	     0	   37.3779	   26.4909	    21.047	   11.2167	   3.20774	   7.37916	         0	         0	   10.5259	  -6.62483
   676	     0	   37.9824	   26.6838	   20.3479	   11.9488	   2.46111	   8.69267	         0	         0	   10.4926	  -7.27335
   677	     0	   35.2081	    26.706	   19.5453	   12.0331	 -0.120775	   8.72604	         0	         0	    11.072	   -7.5287
   678	     0	   40.0763	   26.7299	   21.9338	   8.94269	   3.05131	   8.77815	         0	         0	   10.7413	  -7.23784
   679	     0	   38.5767	   26.7445	   20.9261	   9.73085	   2.88027	   9.17898	         0	         0	   10.2986	  -7.41449
   680	     0	   37.7356	   26.7297	   20.4868	   11.5377	   3.03515	   9.11876	         0	         0	   10.2784	  -7.55013
   681	     0	   41.3556	   25.7935	   21.5408	   11.1536	   2.00049	   8.06498	         0	         0	   10.6958	  -7.01985
   682	     0	   37.9019	   26.8084	    20.578	    10.069	   2.67197	   9.30694	         0	         0	   10.3375	  -7.86306
   683	     0	   35.0157	   26.7645	   22.5676	  -1.52004	   2.17435	   9.11148	         0	         0	   10.9372	  -7.70074
   684	     0	   38.2357	   26.6512	   22.3557	   7.51883	   2.83915	   8.89235	         0	         0	   10.1562	  -7.25714
   685	     0	   37.0491	   26.7705	   20.9393	   7.86498	   1.71764	   7.66806	         0	         0	   10.9153	  -6.94378
   686	     0	   41.3432	   26.7788	   21.6377	   9.22877	   1.75429	   7.97096	         0	         0	    11.032	  -7.05231
   687	     0	   41.4529	   25.7934	   21.5408	   10.6306	   2.01173	   8.06498	         0	         0	   10.6958	  -7.01778
   688	     0	    39.398	    26.784	   21.6956	   10.5558	   2.82631	   9.22334	         0	         0	   10.4838	  -7.66978
   689	     0	   39.5292	    26.747	   22.5016	     5.963	   3.01206	   8.42957	         0	         0	   10.9743	  -6.97456
   690	     0	   39.8659	   26.3083	   20.4633	   12.9164	   2.23512	   8.59556	         0	         0	   10.5254	  -7.19628
   691	     0	   39.1879	   26.6998	   21.3752	     9.658	   3.18902	   8.45266	         0	         0	   10.4654	  -6.98138
   692	     0	   41.3534	   25.7934	   21.5408	   11.2364	   2.00011	   8.06498	         0	         0	   10.6958	   -7.0199
   693	     0	   39.9493	   26.8397	   21.5222	   7.59042	   2.90075	   9.23064	         0	         0	    10.921	  -7.70303
   694	     0	   41.6972	   26.8828	    22.171	    8.0332	   2.90967	     9.177	         0	         0	   10.9119	   -7.6451
   695	     0	   42.2449	   26.9131	    22.459	   9.90567	   3.05478	   9.04383	         0	         0	   11.0241	  -7.61216
   696	     0	   40.7165	   26.7717	   21.5713	   6.69218	   2.84429	   8.62633	         0	         0	   10.7742	  -7.08832
   697	     0	   40.3804	   26.7337	   22.1167	   7.23067	   3.07226	   8.19541	         0	         0	   11.0924	   -7.1054
   698	     0	   37.0232	   26.6551	   21.1615	   3.50758	   3.15513	   8.65625	         0	         0	   10.9168	  -7.24478
   699	     0	   32.6034	   26.5786	   19.1346	   13.1347	   2.06056	   9.09274	         0	         0	   9.51921	  -7.35369
   700	     0	     38.16	   26.7562	   21.1456	   9.99578	   2.39965	   8.36514	         0	         0	   11.1002	  -7.34729
   701	     0	   39.0062	   26.7706	   22.5652	   4.34546	   2.56652	   8.94977	         0	         0	   10.6789	   -7.2039
   702	     0	   41.5806	   26.4494	   22.9789	   5.56117	   3.02331	   8.64269	         0	         0	   10.8938	  -7.11458
   703	     0	   38.4449	   26.6973	   20.3713	   12.0245	   2.62447	   8.79408	         0	         0	   10.1267	  -7.26842
   704	     0	   41.9088	   26.8544	    22.512	   8.79031	    2.9852	   8.60312	         0	         0	   10.9934	  -7.19652
   705	     0	   37.5304	   26.4909	    21.047	   10.9176	   3.21206	   7.37916	         0	         0	   10.5259	  -6.62115
   706	     0	   34.9903	   26.6697	   19.9557	   12.7561	   2.54474	   9.24176	         0	         0	   10.3541	  -7.46463
   707	     0	   39.6694	      26.7	   20.9407	   8.95747	   2.51752	   8.72493	         0	         0	   10.8719	  -7.14574
   708	     0	   41.9458	   25.7935	   21.5408	   7.57473	   2.07355	   8.06498	         0	         0	   10.6958	  -7.00659
   709	     0	   41.5888	   26.4494	   22.9789	   7.21566	   3.02313	   8.64269	         0	         0	   10.8938	  -7.11447
   710	     0	   32.7346	   26.7137	   22.0512	  0.475584	   2.77342	    9.1015	         0	         0	   11.1708	  -7.71089
   711	     0	   41.5009	   26.8827	    22.171	   7.69984	   2.91174	     9.177	         0	         0	   10.9119	  -7.64857
   712	     0	   42.1598	   26.6289	   21.3177	   11.7617	  -1.58685	   7.54635	         0	         0	    11.169	  -7.13288
   713	     0	   40.2724	   26.8172	   22.7862	   6.33445	   3.11505	   8.65395	         0	         0	   11.0266	  -7.25359
   714	     0	   37.2118	   26.5407	   20.6321	   10.6415	    1.3483	   6.89522	         0	         0	   10.8153	   -6.7794
   715	     0	   33.3625	   26.7137	   22.0512	  -1.20558	   2.75555	    9.1015	         0	         0	   11.1708	  -7.70205
   716	     0	   39.5557	   26.5515	   22.5213	    2.2143	   2.08917	   8.84521	         0	         0	   10.2411	  -6.95013
   717	     0	   39.8249	   26.6922	   20.9116	   9.95708	  0.692032	   7.94558	         0	         0	    11.031	  -7.07112
   718	     0	   34.0023	   26.6173	    21.172	   10.1525	   3.01919	   9.04566	         0	         0	   10.4598	  -7.55779
   719	     0	   41.8083	   26.4494	   22.9789	   6.67441	   3.01788	   8.64269	         0	         0	   10.8938	  -7.11151
   720	     0	   41.6344	   26.4494	   22.9789	   6.86808	    3.0221	   8.64269	         0	         0	   10.8938	  -7.11386
   721	     0	   39.9491	   26.6906	   21.7259	   8.41839	   2.67887	   8.08593	         0	         0	   11.0531	  -6.99268
   722	     0	   38.0774	   26.3285	   20.5131	   10.8834	   3.09232	   7.55724	         0	         0	   10.2133	  -6.57549
   723	     0	   40.2063	   26.6902	   21.6949	   11.1802	   2.88652	   8.29157	         0	         0	   10.8731	  -7.08366
   724	     0	   34.8589	   26.7179	   22.0192	   0.55927	   3.15344	   8.74965	         0	         0	   10.9355	  -7.36856
   725	     0	   37.8784	   26.3285	   20.5131	   11.5805	   3.07947	   7.55724	         0	         0	   10.2133	  -6.58143
   726	     0	   38.0728	   26.8915	   21.1231	   7.22612	   2.95243	   9.22735	         0	         0	   10.7095	  -8.28662
   727	     0	   39.6456	   26.7914	   20.6335	   12.2926	   2.25579	   8.86236	         0	         0	   10.7761	  -7.37836
   728	     0	   40.4965	   26.7337	   22.1167	   7.23112	   3.07727	   8.19541	         0	         0	   11.0924	  -7.10312
   729	     0	   35.6102	   26.6422	   20.0858	    12.282	   2.50349	   8.14531	         0	         0	   10.5985	  -6.98881
   730	     0	   39.1316	   26.6606	   20.5864	   12.2054	   2.25674	   8.30612	         0	         0	   10.4955	  -6.99606
   731	     0	   40.5863	   26.7309	   21.8145	   8.98349	   3.05568	   8.42924	         0	         0	   10.7382	  -6.98862
   732	     0	   36.9679	   26.7237	   22.2751	   7.99453	   3.08318	   8.89063	         0	         0	   11.0759	  -7.53351
   733	     0	   41.6075	   26.7565	   21.8315	    10.431	   3.04024	   8.87191	         0	         0	   10.6661	  -7.42748
   734	     0	   37.9895	   26.3285	   20.5131	   11.7127	   3.08655	   7.55724	         0	         0	   10.2133	  -6.57818
   735	     0	    40.119	   26.7413	   21.1324	   11.2799	   2.30211	   8.23851	         0	         0	   10.7725	  -7.13703
   736	     0	   35.2506	   26.6898	   19.4292	   11.4077	   2.17088	   9.02473	         0	         0	   10.6629	  -7.44529
   737	     0	    31.344	   26.6893	    22.397	   5.89175	   2.56494	   9.12874	         0	         0	   11.0806	  -8.19782
   738	     0	   41.6576	   26.4494	   22.9789	   6.12481	   3.02151	   8.64269	         0	         0	   10.8938	  -7.11355
   739	     0	   39.1277	   26.7776	    21.884	   7.19776	   3.11173	   9.03143	         0	         0	   10.7779	  -7.59622
   740	     0	   42.2244	   26.6289	   21.3177	   11.5505	  -1.55899	   7.54635	         0	         0	    11.169	  -7.13021
   741	     0	   39.7069	   26.8172	   22.7862	    8.0442	   3.10913	   8.65395	         0	         0	   11.0266	  -7.26234
   742	     0	   41.2702	   26.7543	   22.2282	   9.41377	   2.60548	   8.20946	         0	         0	   10.9419	   -7.1577
   743	     0	   37.4167	   26.6882	   22.4303	   8.42051	   2.54425	   8.67631	         0	         0	   10.1895	  -7.05684
   744	     0	   40.3911	    26.848	   22.5231	    7.1079	   2.92616	   8.69424	         0	         0	   11.1575	  -7.31848
   745	     0	   37.5976	   26.7213	   20.4019	   12.0232	   2.20324	   9.07954	         0	         0	    10.388	  -7.47247
   746	     0	    37.032	    26.667	   20.7212	   11.1307	   2.65672	   8.64677	         0	         0	   10.8826	  -7.43257
   747	     0	   40.4826	   26.7256	   21.1662	   8.00921	   2.77869	   8.51372	         0	         0	     10.95	  -6.95637
   748	     0	   37.2002	   26.7545	   21.7938	   9.94697	   2.68374	   9.16256	         0	         0	   10.6483	  -7.49851
   749	     0	   41.6404	   26.7383	    22.224	   3.51997	   3.08078	   8.53708	         0	         0	   10.8627	  -7.07378
   750	     0	   38.2469	    26.754	   21.0905	   10.7219	   3.10274	   8.69374	         0	         0	    10.763	   -7.0974
   751	     0	   40.9232	   26.8265	   22.4933	   6.40313	   3.12419	   8.69662	         0	         0	   10.8529	  -7.30041
   752	     0	   36.7452	   26.8256	     22.57	  0.581048	   2.72273	   9.18463	         0	         0	   10.8613	  -7.73815
   753	     0	   38.7892	   26.7887	   22.3785	   6.51317	   2.82084	   8.99582	         0	         0	   10.8814	  -7.32881
   754	     0	   43.0854	   26.5564	   22.3197	   9.36527	   1.72814	   8.17368	         0	         0	   11.0348	  -7.22046
   755	     0	   40.3789	   26.7337	   22.1167	   8.07631	   3.07217	    8.1954	         0	         0	   11.0924	  -7.10544
   756	     0	   33.1364	   26.7137	   22.0512	  -2.25204	   2.76222	    9.1015	         0	         0	   11.1708	  -7.70527
   757	     0	   38.2553	   26.6976	   22.8114	  0.677481	   2.52094	   8.81727	         0	         0	   10.4964	  -7.04543
   758	     0	   30.1102	   26.6746	   21.7608	   3.41366	    2.5523	   9.11525	         0	         0	   10.7031	  -7.85814
   759	     0	   40.4405	   26.7256	   21.1662	   9.76064	   2.77536	   8.51373	         0	         0	     10.95	  -6.95763
   760	     0	   41.3576	   25.7935	   21.5408	   11.1915	   2.00061	   8.06498	         0	         0	   10.6958	  -7.01981
   761	     0	   37.7621	   26.4798	   20.9857	   11.4118	   2.87141	   7.26945	         0	         0	   10.5695	  -6.77362
   762	     0	   38.1809	   26.7324	    22.653	   -0.8815	   1.80955	   8.90603	         0	         0	   10.5777	  -7.03163
   763	     0	   40.1139	   26.8172	   22.7862	   7.83392	   3.11345	   8.65395	         0	         0	   11.0266	  -7.25609
   764	     0	   38.3352	    26.224	    20.921	   12.1566	   3.18135	    8.2722	         0	         0	    10.233	  -6.89082
   765	     0	   29.3739	   26.3806	   18.9531	   6.50298	 -0.517362	   5.72474	         0	         0	   10.4526	  -6.53306
   766	     0	    38.527	   26.5262	   20.6676	   10.5895	   2.76472	   7.56104	         0	         0	   10.5192	  -6.75071
   767	     0	   38.7134	   26.7492	   20.6502	    6.9061	   2.46111	   8.85047	         0	         0	   11.0079	  -7.41618
   768	     0	   39.8999	   26.6538	    21.691	   8.48785	   2.97742	   7.86762	         0	         0	   10.8716	  -6.89971
   769	     0	   31.7464	   26.5494	    19.784	   10.3273	    2.7677	   9.19179	         0	         0	   10.6794	  -7.50574
   770	     0	   40.2457	    26.747	   21.2063	   9.35304	   1.95504	    8.3422	         0	         0	   10.9634	  -7.19813
   771	     0	   37.6449	   26.7191	   21.6773	   9.03002	   3.12166	   9.00327	         0	         0	   10.8817	  -7.51032
   772	     0	   41.4969	   26.4494	   22.9789	   6.79265	    3.0252	   8.64269	         0	         0	   10.8938	  -7.11569
   773	     0	   40.6849	   26.5934	   22.1081	   11.2212	   2.97943	   8.95958	         0	         0	   10.5303	  -7.31176
   774	     0	   40.3805	   26.7091	    22.507	    5.6949	   2.79553	   8.67548	         0	         0	   10.6971	   -6.9967
   775	     0	   36.4492	   26.8368	   20.9619	   8.79651	   1.63257	   8.09567	         0	         0	    10.868	  -7.30663
   776	     0	   40.9365	   26.6385	   22.1165	   2.55315	   2.48134	   9.07799	         0	         0	   10.4485	  -7.19221
   777	     0	   40.9279	   26.8035	   22.5744	   9.71745	   3.04689	   8.60534	         0	         0	   11.0352	  -7.25149
   778	     0	   42.2438	   26.7814	   22.4546	   5.60062	   3.09044	   8.70179	         0	         0	   10.9062	  -7.12789
   779	     0	   40.6705	   26.3215	    22.219	   7.51881	   3.00542	   8.71047	         0	         0	   10.3481	  -7.01366
   780	     0	   35.0279	   26.7087	    21.684	   8.91307	    3.0498	   9.11524	         0	         0	   10.3708	   -7.7228
   781	     0	   37.1779	   26.6906	   20.3397	    11.754	   2.71992	   8.71397	         0	         0	    10.579	   -7.1457
   782	     0	   41.1515	   26.8828	    22.171	    9.7293	    2.9148	     9.177	         0	         0	   10.9119	  -7.65452
   783	     0	   38.8004	   26.7706	   22.5652	   6.51256	   2.57604	   8.94977	         0	         0	   10.6789	   -7.2065
   784	     0	   37.6263	   26.7297	   20.4868	   11.8144	   3.03153	   9.11877	         0	         0	   10.2784	  -7.55243
   785	     0	   38.1578	   26.3285	   20.5131	   9.69975	   3.09783	   7.55725	         0	         0	   10.2133	  -6.57292
   786	     0	   40.5569	   26.7256	   21.1662	   7.69048	   2.78473	   8.51372	         0	         0	     10.95	   -6.9541
   787	     0	   40.5133	   26.7256	   21.1662	   9.38965	   2.78117	   8.51372	         0	         0	     10.95	  -6.95544
   788	     0	   39.6537	   26.7057	   22.2923	   10.2263	   3.15276	   8.41458	         0	         0	   10.7742	  -7.01495
   789	     0	   38.4413	   26.5262	   20.6676	   11.5622	   2.75292	   7.56104	         0	         0	   10.5192	  -6.75386
   790	     0	   33.2083	   26.4414	   19.7329	   11.8994	   2.98803	   8.39813	         0	         0	   9.23098	  -6.99899
   791	     0	   41.0767	   26.8769	   22.1064	    8.2445	   3.15276	   8.76162	         0	         0	   10.9889	  -7.60457
   792	     0	   37.0813	   26.7705	   20.9393	   10.1309	   1.69047	   7.66806	         0	         0	   10.9153	  -6.94804
   793	     0	   36.9439	   26.7429	    21.603	   8.75774	   2.44237	   9.24496	         0	         0	   10.4708	  -7.64013
   794	     0	   38.5771	    26.224	    20.921	   11.4994	   3.18495	    8.2722	         0	         0	    10.233	  -6.88708
   795	     0	   39.6152	   26.7109	   21.3093	   8.64841	   2.84879	    8.5385	         0	         0	   10.8307	  -7.05591
   796	     0	   40.0221	    26.823	   21.6175	   9.07329	   2.86148	   9.19484	         0	         0	   10.4641	  -7.55226
   797	     0	   39.8053	   26.7399	   22.0632	   8.22426	   3.05963	   8.72972	         0	         0	   10.7273	   -7.1343
   798	     0	   31.5065	   26.6893	   22.3969	   7.21002	   2.55995	   9.12875	         0	         0	   11.0806	  -8.19606
   799	     0	   37.2545	    26.666	   20.6266	   12.6889	   2.73034	   8.95395	         0	         0	   10.5742	  -7.42881
   800	     0	   39.3658	   26.7409	   21.7031	   11.9033	   3.10776	   8.56978	         0	         0	   10.7294	  -7.03883
   801	     0	   38.6407	   26.7776	    21.884	   7.81781	    3.1096	   9.03143	         0	         0	   10.7779	  -7.60312
   802	     0	   36.5864	   26.7869	   21.7604	   10.7093	   2.49916	   9.28496	         0	         0	   10.7837	  -7.71716
   803	     0	   41.7385	   26.6485	   21.6864	   5.60161	    2.9874	   8.67268	         0	         0	   10.6862	  -7.11296
   804	     0	   38.6342	   26.6512	   22.3557	   3.83466	   2.82268	   8.89235	         0	         0	   10.1562	  -7.25201
   805	     0	    35.392	   26.6898	   19.4292	   9.91898	    2.1881	   9.02473	         0	         0	   10.6629	  -7.44112
   806	     0	   40.5065	    26.785	   21.2853	   12.1712	   2.53887	   8.75558	         0	         0	   10.8487	  -7.43095
   807	     0	   39.4089	   26.6209	   22.2713	   4.52661	    2.3991	   8.93005	         0	         0	   10.1977	  -7.07726
   808	     0	   36.5285	   26.7125	   20.0558	   9.75579	 -0.250733	   7.85193	         0	         0	   10.8725	  -7.16767
   809	     0	   42.1384	   26.8544	    22.512	   8.48408	    2.9921	   8.60312	         0	         0	   10.9934	  -7.19211
   810	     0	   40.6601	   26.7256	   21.1662	   6.75094	   2.79343	   8.51372	         0	         0	     10.95	   -6.9508
   811	     0	   38.3919	     26.64	   21.1362	   11.6515	   2.79071	   8.27853	         0	         0	   10.6074	  -7.03674
   812	     0	   35.1549	   26.7645	   22.5676	  -2.63426	   2.16687	   9.11149	         0	         0	   10.9372	  -7.69911
   813	     0	    40.375	   26.7838	   21.1139	   9.61963	   2.47785	   8.63062	         0	         0	   10.7677	  -7.24986
   814	     0	   38.2852	   26.8084	    20.578	   9.14984	   2.68574	   9.30694	         0	         0	   10.3375	  -7.85597
   815	     0	   39.6773	      26.7	   20.9407	   9.79687	   2.51815	   8.72493	         0	         0	   10.8719	  -7.14554
   816	     0	   40.4899	   26.8346	   21.8404	   7.46634	   2.97318	   9.02941	         0	         0	    10.824	  -7.43989
   817	     0	    40.318	   26.7256	   21.1662	   11.0847	    2.7659	   8.51372	         0	         0	     10.95	  -6.96114
   818	     0	   38.2239	   26.6857	   20.9647	   11.6212	   3.05959	   8.91261	         0	         0	   10.3747	  -7.31138
   819	     0	   36.8629	   26.7869	   21.7604	   6.59288	   2.49143	   9.28496	         0	         0	   10.7837	  -7.71217
   820	     0	   33.1054	   26.4414	   19.7329	   11.9557	   2.97893	   8.39813	         0	         0	   9.23098	  -7.00348
   821	     0	   42.1101	   26.9131	    22.459	    8.7351	   3.05384	   9.04383	         0	         0	   11.0241	  -7.61454
   822	     0	    35.058	   26.6697	   19.9557	    10.928	   2.54574	   9.24176	         0	         0	   10.3541	  -7.46294
   823	     0	   33.0984	   26.4414	   19.7329	   12.0594	   2.97835	   8.39813	         0	         0	   9.23098	  -7.00377
   824	     0	   40.8316	   26.8035	   22.5245	   7.31674	   2.68537	   8.90005	         0	         0	   10.6057	  -7.17928
   825	     0	   42.0561	   26.8544	    22.512	   8.67353	    2.9896	   8.60311	         0	         0	   10.9934	  -7.19371
   826	     0	   33.4303	   26.6182	   20.7645	   4.54689	   3.02149	   9.09458	         0	         0	   10.5447	   -7.5791
   827	     0	   39.3201	   26.6579	   21.7456	   10.5393	   3.23411	   8.14203	         0	         0	   10.5431	  -6.88769
   828	     0	   41.3349	   26.4494	   22.9789	   8.74813	    3.0288	   8.64269	         0	         0	   10.8938	  -7.11782
   829	     0	   40.5077	   26.7256	   21.1662	   9.24753	   2.78068	   8.51372	         0	         0	     10.95	  -6.95562
   830	     0	    40.308	   26.7337	   22.1167	   8.10422	   3.06918	   8.19541	         0	         0	   11.0924	   -7.1068
   831	     0	   38.9547	   26.8318	   20.3065	    7.7676	  0.474512	   8.50391	         0	         0	   11.1492	  -7.38302
   832	     0	    41.279	   26.4494	   22.9789	   8.87757	   3.02996	   8.64269	         0	         0	   10.8938	  -7.11855
   833	     0	   38.2094	   26.6236	   21.2988	   10.1946	   3.27675	   8.22389	         0	         0	   10.2273	  -7.03305
   834	     0	   40.6705	   26.4428	    21.592	   9.85009	   3.10915	   8.55626	         0	         0	   10.4769	  -6.95132
   835	     0	   40.8301	   26.6385	   22.1165	    4.1029	   2.48634	   9.07799	         0	         0	   10.4485	  -7.19392
   836	     0	   39.9569	   26.8071	   22.6793	   3.02885	   3.10119	   8.75565	         0	         0	   10.9238	  -7.20032
   837	     0	   41.7259	    26.776	   22.1501	   8.57159	   2.76768	   8.41347	         0	         0	   10.9615	  -7.14275
   838	     0	   39.7703	   26.8024	   22.3053	   6.52532	   2.18286	    9.0701	         0	         0	    10.317	  -7.18117
   839	     0	    31.064	   26.5267	    19.394	    12.855	   2.51053	   8.68196	         0	         0	   10.3178	  -7.10416
   840	     0	   40.1297	   26.7337	   22.1167	   8.66432	   3.06171	   8.19541	         0	         0	   11.0924	  -7.11019
   841	     0	   39.4605	   26.7408	   21.7031	   10.0275	   3.10671	   8.56978	         0	         0	   10.7294	  -7.03684
   842	     0	    36.208	    26.694	   20.2722	   12.8012	   2.16675	   8.61147	         0	         0	    10.655	  -7.18428
   843	     0	   38.8889	   26.4482	   21.0666	   12.7843	   3.10717	   8.43801	         0	         0	   10.2888	  -6.90479
   844	     0	   39.1485	   26.6606	   20.5864	   11.9279	   2.25958	   8.30612	         0	         0	   10.4955	  -6.99545
   845	     0	    39.401	   26.6579	   21.7456	   8.79453	   3.23428	   8.14203	         0	         0	   10.5431	   -6.8859
   846	     0	   40.2019	   26.8172	   22.7862	   6.07551	   3.11434	   8.65395	         0	         0	   11.0266	  -7.25471
   847	     0	   35.3766	   26.6898	   19.4292	   9.88972	   2.18615	   9.02473	         0	         0	   10.6629	  -7.44159
   848	     0	    38.154	    26.784	   22.0819	   7.91034	   2.95981	   9.05302	         0	         0	   10.8587	  -7.52408
   849	     0	   39.5646	   26.7822	   22.0707	  -1.07784	   3.07356	   8.95987	         0	         0	   10.6886	   -7.2911
   850	     0	   40.4365	   26.7337	   22.1167	   8.13753	   3.07467	   8.19541	         0	         0	   11.0924	  -7.10431
   851	     0	   32.1353	   26.6984	   20.0238	   12.0175	   1.26261	   7.96796	         0	         0	   10.7998	  -7.10868
   852	     0	   42.0477	   26.9131	    22.459	   8.84445	   3.05339	   9.04383	         0	         0	   11.0241	  -7.61564
   853	     0	   41.7968	   26.9131	   22.4589	    8.8365	   3.05147	   9.04383	         0	         0	   11.0241	  -7.61994
   854	     0	   34.3412	   26.7288	    21.184	   6.41939	   2.76486	   9.22664	         0	         0	   11.1012	   -8.0465
   855	     0	   35.1194	   26.6421	   20.1195	    10.882	   3.05601	   8.96044	         0	         0	   10.2053	  -7.39828
   856	     0	   38.7587	   26.8191	   21.7171	   9.06561	   2.60682	   9.26292	         0	         0	    10.241	  -7.61728
   857	     0	    41.108	   26.8035	   22.5245	    4.5341	   2.66956	   8.90005	         0	         0	   10.6057	  -7.17471
   858	     0	   40.0672	   26.1675	   21.2369	   10.4778	   3.06026	   8.48382	         0	         0	   10.2709	  -6.99411
   859	     0	   40.3047	   26.7337	   22.1167	   9.52456	   3.06904	   8.19541	         0	         0	   11.0924	  -7.10687
   860	     0	    38.652	   26.7388	   21.4965	   11.6276	   3.06477	   9.06799	         0	         0	   10.3979	  -7.53181
   861	     0	   39.9619	   26.8172	   22.7862	   8.31816	   3.11187	   8.65395	         0	         0	   11.0266	  -7.25845
   862	     0	   39.6135	   26.6906	   21.7259	   10.2631	   2.64957	   8.08593	         0	         0	   11.0531	  -7.00037
   863	     0	   37.0946	   26.7705	   20.9393	   10.7667	    1.6758	   7.66806	         0	         0	   10.9153	  -6.95035
   864	     0	    38.805	   26.6855	   21.7293	   8.99394	   3.22875	   8.46212	         0	         0	   10.9721	  -7.16692
   865	     0	   36.2873	   26.6682	     19.17	   13.2148	   2.13578	   9.17811	         0	         0	   10.3431	  -7.44964
   866	     0	   38.0576	   26.7096	   22.2569	  0.159955	   1.37968	   9.09516	         0	         0	   10.1439	  -7.04057
   867	     0	   40.1992	   26.8346	   21.8404	   10.4108	   2.97076	   9.02941	         0	         0	    10.824	  -7.44561
   868	     0	   39.5886	   26.7728	   22.4315	   2.24858	   2.85903	   8.94744	         0	         0	   10.8292	  -7.22907
   869	     0	   40.9941	   26.3485	   22.0478	  -2.51776	   2.80257	   9.07917	         0	         0	   10.3389	  -7.18741
   870	     0	   39.8082	   26.7109	   21.3093	   5.99498	     2.862	    8.5385	         0	         0	   10.8307	  -7.05024
   871	     0	   41.7401	   26.8544	    22.512	   9.80615	   2.98016	   8.60311	         0	         0	   10.9934	  -7.19965
   872	     0	   37.9965	   26.7095	   22.2569	-0.0667265	   1.38511	   9.09516	         0	         0	   10.1439	   -7.0413
   873	     0	   39.0559	   26.7867	    21.968	   9.80356	   3.00179	   9.15541	         0	         0	   10.9043	  -7.84826
   874	     0	   39.0668	   26.7458	   20.2867	   10.2678	   2.11794	   8.58566	         0	         0	   10.7681	  -7.19044
   875	     0	   41.4267	    26.618	   21.7557	   6.93221	   2.89302	   8.40166	         0	         0	   10.6818	  -7.13772
   876	     0	   37.5519	   26.8007	   20.5465	   4.85459	   2.70823	   9.27854	         0	         0	   11.0029	  -8.12203
   877	     0	   41.9232	   26.4494	   22.9789	   5.68007	     3.015	   8.64269	         0	         0	   10.8938	  -7.10993
   878	     0	   41.3095	    26.672	   21.3899	   11.2147	   2.25782	   8.13506	         0	         0	   10.8762	  -7.12476
   879	     0	   40.4951	   26.7494	   21.6528	   10.0365	   2.52434	   8.20851	         0	         0	   10.9002	  -7.10001
   880	     0	   39.2951	   26.6606	   20.5864	   9.77994	   2.28568	   8.30612	         0	         0	   10.4955	  -6.98987
   881	     0	   40.1313	   26.6906	   21.7259	   7.78574	   2.69566	   8.08593	         0	         0	   11.0531	  -6.98827
   882	     0	   40.4746	   26.7256	   21.1662	   9.14145	   2.77802	   8.51372	         0	         0	     10.95	  -6.95662
   883	     0	    38.572	   26.6855	   21.7293	   9.92204	   3.22588	   8.46212	         0	         0	   10.9721	   -7.1707
   884	     0	   36.1772	    26.694	   20.2722	   13.5853	   2.15267	   8.61147	         0	         0	    10.655	  -7.18748
   885	     0	   41.5462	   26.4494	   22.9789	   5.99355	   3.02407	   8.64269	         0	         0	   10.8938	  -7.11504
   886	     0	   38.4633	   26.6266	   20.8393	   12.1909	   2.70918	   7.79931	         0	         0	   10.6896	   -6.7934
   887	     0	   37.7184	   26.8007	   20.5465	   6.59849	   2.71345	   9.27854	         0	         0	   11.0029	  -8.11912
   888	     0	   36.4215	   26.6829	   20.5751	    6.8267	   2.63595	   8.77684	         0	         0	   11.1399	  -7.37296
   889	     0	   39.6544	    26.784	   21.6956	   9.99001	    2.8254	   9.22334	         0	         0	   10.4838	  -7.66582
   890	     0	   41.7425	   26.8544	    22.512	   10.6407	   2.98025	   8.60312	         0	         0	   10.9934	  -7.19961
   891	     0	   35.4497	   26.6898	   19.4292	   10.0992	   2.19527	   9.02473	         0	         0	   10.6629	  -7.43939
   892	     0	   35.9359	   26.7593	   21.3796	   8.60177	   2.77027	   9.14683	         0	         0	   11.2035	  -7.70458
   893	     0	   37.4842	   26.5511	   21.1509	   10.0947	   2.87046	   8.34415	         0	         0	   9.90938	  -6.70246
   894	     0	   36.6664	   26.7869	   21.7604	   8.98975	   2.49701	   9.28496	         0	         0	   10.7837	  -7.71573
   895	     0	   36.4645	   26.8256	     22.57	   5.31135	   2.73207	   9.18462	         0	         0	   10.8613	  -7.74152
   896	     0	   40.6184	   26.7702	   22.3018	   7.04245	   3.11602	   8.71674	         0	         0	   10.8291	  -7.17246
   897	     0	   31.4104	   26.6893	   22.3969	   5.22235	   2.56303	   9.12875	         0	         0	   11.0806	  -8.19711
   898	     0	   40.4314	   26.7256	   21.1662	   9.54831	   2.77463	   8.51372	         0	         0	     10.95	   -6.9579
   899	     0	   36.5301	   26.7122	   21.3823	   3.70714	   2.50252	   9.20582	         0	         0	   10.2607	  -7.53043
   900	     0	   41.1058	   26.8558	   21.4115	   8.59668	   2.68513	   8.91985	         0	         0	   11.0325	   -7.6007
   901	     0	   41.6949	   26.3937	   22.3318	   10.0503	   3.05447	    8.5642	         0	         0	   10.8478	  -7.04849
   902	     0	   34.9314	   26.7087	    21.684	   8.26668	   3.05205	   9.11524	         0	         0	   10.3708	  -7.72411
   903	     0	    40.425	   26.7256	   21.1662	   9.70695	   2.77414	   8.51373	         0	         0	     10.95	  -6.95808
   904	     0	   37.0836	   26.7705	   20.9393	   9.78955	   1.68827	   7.66806	         0	         0	   10.9153	   -6.9484
   905	     0	   38.5353	    26.224	    20.921	    9.3998	   3.18433	    8.2722	         0	         0	    10.233	  -6.88774
   906	     0	    39.556	   26.7763	   21.7077	   10.4907	   2.79708	   9.18326	         0	         0	   10.5662	  -7.52625
   907	     0	   37.6175	   26.7927	   21.6382	   7.35797	   3.01558	   9.02242	         0	         0	   11.1712	  -7.70778
   908	     0	   39.1732	   26.7984	   21.3169	   10.5304	   2.80397	   9.18519	         0	         0	   10.5227	  -7.50563
   909	     0	   38.2465	   25.9094	   22.7062	   4.33016	   1.51716	   8.81524	         0	         0	   10.3859	  -6.96448
   910	     0	   39.6014	   25.1536	   22.0518	   5.92958	   2.21428	   9.05792	         0	         0	   9.71506	  -7.05162
   911	     0	   42.0073	   26.7814	   22.4546	   8.11272	   3.09362	   8.70179	         0	         0	   10.9062	  -7.13206
   912	     0	   39.8849	   26.7728	   22.4315	 0.0231565	   2.85138	   8.94744	         0	         0	   10.8292	   -7.2253
   913	     0	   40.5257	   26.7256	   21.1662	   9.12037	   2.78217	   8.51372	         0	         0	     10.95	  -6.95507
   914	     0	   39.2805	   26.7343	   22.5449	   7.86002	   2.38088	   8.82872	         0	         0	    10.331	  -7.04839
   915	     0	   35.9957	   26.6128	   20.6226	   10.4212	   2.78384	   8.58487	         0	         0	   10.7989	  -7.14617
   916	     0	   33.5768	   26.6772	   21.2969	   1.97379	   2.92777	   9.13373	         0	         0	   10.9788	  -7.80344
   917	     0	   40.3836	   26.7256	   21.1662	   9.90559	   2.77092	   8.51373	         0	         0	     10.95	  -6.95928
   918	     0	   41.4158	   26.4494	   22.9789	   7.86896	   3.02701	   8.64269	         0	         0	   10.8938	  -7.11676
   919	     0	   37.2048	   26.7869	   21.7604	   4.81352	   2.48098	   9.28496	         0	         0	   10.7837	  -7.70578
   920	     0	   41.2377	     26.91	   22.2908	   8.24161	   2.92743	   8.64891	         0	         0	   10.9512	  -7.41576
   921	     0	   40.3816	   26.8035	   22.5245	   8.31398	   2.70887	   8.90005	         0	         0	   10.6057	  -7.18635
   922	     0	   37.6478	   26.7191	   21.6773	   8.83263	   3.12166	   9.00327	         0	         0	   10.8817	  -7.51028
   923	     0	   32.5515	   26.6351	   21.8359	   1.38061	   2.60012	   8.98439	         0	         0	   10.8623	  -7.34602
   924	     0	   42.2562	   26.8544	    22.512	   8.36439	   2.99568	   8.60312	         0	         0	   10.9934	  -7.18978
   925	     0	   40.6002	   26.8035	   22.5245	    9.1851	   2.69785	   8.90005	         0	         0	   10.6057	  -7.18297
   926	     0	   38.2006	    26.224	    20.921	   12.4903	   3.17933	    8.2722	         0	         0	    10.233	  -6.89285
   927	     0	   38.8901	   26.7525	   21.4682	   8.20944	   2.83706	   9.07784	         0	         0	   10.9036	  -7.42229
   928	     0	   40.7521	   26.7324	   22.4478	   5.12971	   2.62899	   9.14011	         0	         0	   10.4206	  -7.28924
   929	     0	   38.1679	   26.6327	   20.8477	   10.3324	   2.93689	    8.4215	         0	         0	   10.5143	  -6.94511
   930	     0	   38.7109	   26.7334	   22.0952	   8.00842	    2.9412	   8.87256	         0	         0	   10.6767	  -7.26596
   931	     0	   40.4949	   26.8035	   22.5245	   8.53926	    2.7032	   8.90005	         0	         0	   10.6057	  -7.18461
   932	     0	   38.7157	   26.7867	    21.968	   10.9221	   3.00129	   9.15542	         0	         0	   10.9043	  -7.85347
   933	     0	   41.3455	   26.4494	   22.9789	    7.4028	   3.02854	   8.64269	         0	         0	   10.8938	  -7.11768
   934	     0	   38.6787	   26.5699	   21.4824	   6.67886	   3.34495	   8.09092	         0	         0	   10.2414	  -6.84666
   935	     0	   36.6696	   26.7156	   20.2696	   12.1009	   2.36862	   9.20699	         0	         0	   10.0051	  -7.41683
   936	     0	   40.0992	   26.8172	   22.7862	   7.84329	    3.1133	   8.65395	         0	         0	   11.0266	  -7.25631
   937	     0	   41.4006	   26.4494	   22.9789	    7.2995	   3.02738	   8.64269	         0	         0	   10.8938	  -7.11696
   938	     0	   40.8494	   26.7815	   21.6461	   10.6494	   2.81008	   8.84241	         0	         0	   10.9153	  -7.41625
   939	     0	   37.3887	   26.8007	   20.5465	   6.60413	   2.70316	   9.27854	         0	         0	   11.0029	  -8.12484
   940	     0	   37.0738	   26.7705	   20.9393	    8.1805	   1.69786	   7.66807	         0	         0	   10.9153	  -6.94691
   941	     0	   40.0241	   26.3083	   20.4633	   12.1238	   2.26633	   8.59556	         0	         0	   10.5254	   -7.1889
   942	     0	   37.4307	    26.742	   20.4735	   12.4987	    2.7062	   9.29193	         0	         0	    9.9821	  -7.69034
   943	     0	   40.2583	   26.8022	    21.418	   8.47958	   2.71296	   8.22691	         0	         0	   10.8448	  -7.01656
   944	     0	   42.0828	   26.8544	    22.512	   9.62252	    2.9904	   8.60311	         0	         0	   10.9934	   -7.1932
   945	     0	   37.5156	   26.7841	   21.5206	   7.92071	   3.20778	   7.79543	         0	         0	   10.5734	  -6.83955
   946	     0	   37.4978	   26.7841	   21.5206	   8.45755	   3.20505	   7.79543	         0	         0	   10.5734	  -6.84125
   947	     0	   41.7378	   26.8544	    22.512	   9.68248	   2.98008	   8.60311	         0	         0	   10.9934	   -7.1997
   948	     0	   41.3349	    26.618	   21.7557	   7.14818	   2.88687	   8.40166	         0	         0	   10.6818	  -7.13963
   949	     0	   39.3397	    26.784	   21.6956	   11.4109	   2.82649	   9.22334	         0	         0	   10.4838	  -7.67066
   950	     0	   41.2195	   26.4494	   22.9789	   6.43079	   3.03119	   8.64269	         0	         0	   10.8938	  -7.11932
   951	     0	    38.554	    26.224	    20.921	   10.1222	    3.1846	    8.2722	         0	         0	    10.233	  -6.88745
   952	     0	   39.4906	    26.309	   22.1147	   7.91908	    2.7972	   8.48324	         0	         0	    10.337	  -6.82665
   953	     0	   40.9178	   26.6385	   22.1165	   2.88453	   2.48225	   9.07799	         0	         0	   10.4485	  -7.19251
   954	     0	   39.1011	    26.636	   21.3015	   10.0057	   2.53154	   8.01661	         0	         0	   10.8603	  -6.92388
   955	     0	   38.8943	   26.6257	   22.4294	   5.51632	   2.76677	   8.49958	         0	         0	   10.5727	  -6.92729
   956	     0	   38.2687	   26.7437	   21.0011	   12.3153	     2.681	   8.78806	         0	         0	   11.0377	  -7.49164
   957	     0	   38.7708	    26.224	    20.921	   9.73727	   3.18777	    8.2722	         0	         0	    10.233	  -6.88403
   958	     0	   38.5482	   26.6512	   22.3557	   6.77241	    2.8263	   8.89235	         0	         0	   10.1562	  -7.25313
   959	     0	   34.8547	   26.6052	   20.6313	   3.76869	   2.75221	   8.67055	         0	         0	   11.0463	  -7.34052
   960	     0	    38.479	   26.5262	   20.6676	   11.1242	   2.75809	   7.56105	         0	         0	   10.5192	  -6.75249
   961	     0	    38.619	    26.224	    20.921	   10.9326	   3.18556	    8.2722	         0	         0	    10.233	  -6.88643
   962	     0	   37.7264	   26.5821	   21.4096	   9.77508	   3.04907	   8.41434	         0	         0	   10.3139	  -6.84989
   963	     0	   40.1213	    26.784	   21.6956	   8.57956	   2.82313	   9.22334	         0	         0	   10.4838	  -7.65836
   964	     0	   39.7812	   26.7439	   22.5119	   7.48636	   2.88254	   8.67168	         0	         0	   10.6132	  -7.12307
   965	     0	   39.7083	   26.7144	   21.8151	   10.6537	   3.08516	    8.6262	         0	         0	   10.7397	  -7.06574
   966	     0	   40.6043	   26.7091	    22.507	   6.30357	   2.78543	   8.67548	         0	         0	   10.6971	  -6.99354
   967	     0	   38.4851	   26.6857	   21.9273	    6.2105	   3.24536	   8.51899	         0	         0	   10.6515	  -7.07597
   968	     0	   40.4535	   26.3215	    22.219	   8.36161	   3.01168	   8.71047	         0	         0	   10.3481	  -7.01755
   969	     0	   29.4609	   26.6411	   21.8335	  0.112605	   2.40436	   9.01013	         0	         0	   10.3439	  -7.70825
   970	     0	   41.5835	   26.8721	   22.4361	    8.9094	   3.17948	   8.75387	         0	         0	   11.0158	  -7.54423
   971	     0	   40.4044	    26.775	   21.7646	   9.98498	   3.05806	   8.77081	         0	         0	   10.9053	  -7.28936
   972	     0	   36.4212	   26.8368	   20.9619	   8.67261	   1.65781	   8.09567	         0	         0	    10.868	  -7.30245
   973	     0	   37.9888	   26.7827	     20.99	   12.7692	   2.88575	   8.52873	         0	         0	   10.7737	   -7.1311
   974	     0	   39.4685	   26.3076	   22.6869	  -3.15413	  0.961769	    9.1573	         0	         0	   10.3843	  -7.20538
   975	     0	   41.2848	    26.618	   21.7557	    9.4273	   2.88363	   8.40166	         0	         0	   10.6818	  -7.14066
   976	     0	   37.7087	   26.7095	   22.2569	   1.09519	   1.40828	   9.09516	         0	         0	   10.1439	  -7.04463
   977	     0	   39.9606	   26.3083	   20.4633	   12.3595	   2.25322	   8.59556	         0	         0	   10.5254	  -7.19202
   978	     0	    37.547	   26.7191	   21.6773	   7.12782	   3.12164	   9.00327	         0	         0	   10.8817	  -7.51166
   979	     0	   37.6738	   26.4909	    21.047	   10.6051	   3.21615	   7.37916	         0	         0	   10.5259	  -6.61753
   980	     0	   38.6454	    26.726	   22.2967	   1.27661	   2.42123	   9.00776	         0	         0	   10.4322	  -7.24611
   981	     0	   41.4392	   26.7565	   21.8315	   12.0594	   3.03599	   8.87191	         0	         0	   10.6661	  -7.43083
   982	     0	   32.7981	   26.7137	   22.0512	 -0.435891	   2.77166	    9.1015	         0	         0	   11.1708	  -7.71001
   983	     0	   37.5938	   26.7545	   21.7938	     8.226	   2.67272	   9.16256	         0	         0	   10.6483	  -7.49184
   984	     0	   34.8137	   26.7645	   22.5676	  -1.56858	   2.18543	   9.11149	         0	         0	   10.9372	   -7.7031
   985	     0	   37.4573	   26.7841	   21.5206	   9.56747	   3.19953	   7.79543	         0	         0	   10.5734	  -6.84462
   986	     0	   39.3858	    26.436	   21.5214	   10.9111	   2.93587	   7.46031	         0	         0	   10.6954	  -6.86719
   987	     0	   39.6465	   26.6906	   21.7259	   10.2465	   2.65237	   8.08593	         0	         0	   11.0531	  -6.99964
   988	     0	   40.3129	   26.7331	   22.3939	   4.51616	   2.89453	   9.04151	         0	         0	   10.7475	  -7.24913
   989	     0	    30.031	   26.6592	   22.2305	   4.43017	   1.91605	   9.11117	         0	         0	   10.7444	  -7.90068
   990	     0	   39.9815	   26.8172	   22.7862	   7.82317	   3.11207	   8.65395	         0	         0	   11.0266	  -7.25815
   991	     0	   36.9751	   26.7441	    21.288	   8.21375	   2.40832	   8.90465	         0	         0	   11.2163	  -7.66277
   992	     0	   38.2895	   26.7129	   20.6755	   9.46601	   2.85013	   9.10741	         0	         0	   10.4166	  -7.39217
   993	     0	   40.2566	   26.7659	   21.3759	   8.98485	   2.77119	    8.5741	         0	         0	   10.8246	    -7.235
   994	     0	    40.404	   26.7256	   21.1662	   9.71554	   2.77247	   8.51372	         0	         0	     10.95	   -6.9587
   995	     0	   38.4419	    26.224	    20.921	   11.0411	   3.18295	    8.2722	         0	         0	    10.233	  -6.88918
   996	     0	   40.1083	   26.6759	   21.5317	   9.53177	   3.04405	   8.23603	         0	         0	   10.8126	  -6.96678
   997	     0	   39.5243	   26.6906	   21.7259	   10.7838	    2.6421	   8.08593	         0	         0	   11.0531	  -7.00234
   998	     0	   37.7244	   26.2815	   20.4817	   10.1179	   2.59226	    7.0004	         0	         0	   10.3428	  -6.68822
   999	     0	   36.7304	   26.4063	   22.8135	  -3.43432	   1.01295	   9.14505	         0	         0	   10.4021	  -7.15482
