    101685	    107562	    113299	    118865	    124177	    129791	    136824	    147117	    159692	    175820	    196344	    222162	    250457	    283339	    320757	    361095	    399109	    429495	    449092	    466304	    468425	    456614	    439556	    423906	    409079	    390717	    369186	    351464	    338370	    329625	    323624	    318990	    318205	    324965	    317420	    247847	    274889	    305631	    312497	    321717	    329022	    333006	    334741	    334757	    333517	    332753	         	         	         	         	         	         	         	         	         	         	         	         	         	         	         	         	         	         	         	         	         	         	         	         	         	         	         	         	         	         	         	         	         	         	         	         	         	         	         	         	
   99685.6	    105697	    111515	    117283	    122482	    128020	    134554	    144485	    156661	    172115	    191992	    217277	    245163	    277177	    313570	    352942	    390157	    420754	    440554	    458188	    461154	    450399	    434354	    419411	    402478	    382667	    360593	    342260	    328299	    318488	    311870	    306719	    304246	    308519	    300851	    242678	    269320	    280486	    282652	    286160	    289323	    290452	    288705	    283649	    270861	    260615	         	         	         	         	         	         	         	         	         	         	         	         	         	         	         	         	         	         	         	         	         	         	         	         	         	         	         	         	         	         	         	         	         	         	         	         	         	         	         	         	
    103677	    109466	    115360	    121077	    126789	    132827	    140518	    151481	    164684	    181434	    202844	    229925	    259019	    292468	    330373	    371598	    410367	    440697	    460229	    477105	    477169	    464879	    446878	    431231	    417262	    399465	    378233	    360968	    348470	    340447	    335223	    331349	    331413	    339613	    332214	    254336	    281448	    331447	    344685	    360981	    373896	    383895	    391298	    399115	    404974	    412664	         	         	         	         	         	         	         	         	         	         	         	         	         	         	         	         	         	         	         	         	         	         	         	         	         	         	         	         	         	         	         	         	         	         	         	         	         	         	         	         	
   67584.1	     71471	     75281	   78971.9	   82466.1	     86135	   90461.4	     97153	    105083	    115107	    127670	    143227	    159719	    178466	    199267	    221092	    240784	    255659	    263893	    270779	    269415	    260603	    249422	    239656	    230849	    220811	    209600	    200765	    193947	    189321	    186399	    184386	    185117	    190141	    186088	    143151	    159882	    178738	    182722	    188165	    192432	    194637	    195442	    195188	    194154	    193408	         	         	         	         	         	         	         	         	         	         	         	         	         	         	         	         	         	         	         	         	         	         	         	         	         	         	         	         	         	         	         	         	         	         	         	         	         	         	         	         	
   66018.4	   69998.1	   73925.7	   77743.1	   81231.5	   84838.4	   88918.2	   95349.8	    102929	    112657	    124894	    140005	    156114	    174457	    194847	    216161	    235465	    250564	    259005	    266216	    265393	    257218	    246201	    236334	    226895	    216327	    204613	    195267	    187846	    182516	    178785	    175882	    175509	    179205	    174980	    139570	    155942	    163128	    164015	    166004	    167467	    168120	    166970	    163508	    155761	    149445	         	         	         	         	         	         	         	         	         	         	         	         	         	         	         	         	         	         	         	         	         	         	         	         	         	         	         	         	         	         	         	         	         	         	         	         	         	         	         	         	
     69262	   72976.6	   76730.4	   80644.8	   84167.8	   88083.2	   92872.4	    100057	    108418	    118810	    131664	    147547	    164663	    184101	    205566	    227754	    247673	    262277	    270127	    276771	    274618	    265804	    254727	    245441	    236988	    227277	    216301	    207764	    201294	    197096	    194654	    193130	    194515	    200473	    196491	    147803	    164895	    194957	    202917	    212647	    220396	    226120	    230070	    234849	    237904	    241912	         	         	         	         	         	         	         	         	         	         	         	         	         	         	         	         	         	         	         	         	         	         	         	         	         	         	         	         	         	         	         	         	         	         	         	         	         	         	         	         	
   34100.7	   36090.9	   38018.1	     39893	   41710.4	   43655.5	   46362.2	   49963.7	   54608.9	   60712.5	   68674.2	   78935.2	   90737.7	    104873	    121489	    140003	    158324	    173836	    185199	    195525	    199009	    196011	    190134	    184250	    178230	    169906	    159586	    150699	    144422	    140304	    137225	    134604	    133088	    134825	    131332	    104696	    115008	    126893	    129775	    133552	    136589	    138369	    139299	    139568	    139363	    139344	         	         	         	         	         	         	         	         	         	         	         	         	         	         	         	         	         	         	         	         	         	         	         	         	         	         	         	         	         	         	         	         	         	         	         	         	         	         	         	         	
   33615.1	   35583.8	   37472.4	   39318.2	   41063.4	   42895.8	   45521.2	   48995.3	   53482.4	   59394.9	   67123.9	   77104.3	   88570.6	    102336	    118617	    136777	    154691	    170190	    181549	    191973	    195762	    193181	    187727	    182228	    175938	    167311	    156831	    147758	    141132	    136572	    133025	    129947	    127974	    129051	    125557	    103085	    113332	    117553	    118409	    120076	    121524	    122327	    121791	    119693	    115153	    111295	         	         	         	         	         	         	         	         	         	         	         	         	         	         	         	         	         	         	         	         	         	         	         	         	         	         	         	         	         	         	         	         	         	         	         	         	         	         	         	         	
   34670.2	   36680.5	   38671.3	   40646.6	   42579.1	   44661.5	   47546.2	   51383.9	   56334.2	   62833.8	   71302.9	   82026.6	   94277.6	    108924	    126095	    145168	    164101	    179114	    190478	    200614	    203770	    200267	    193849	    187468	    181546	    173073	    162579	    153611	    147282	    143519	    140649	    138405	    137159	    139178	    135754	    106325	    116546	    136417	    141900	    148391	    153999	    157476	    161093	    164067	    167082	    170575	         	         	         	         	         	         	         	         	         	         	         	         	         	         	         	         	         	         	         	         	         	         	         	         	         	         	         	         	         	         	         	         	         	         	         	         	         	         	         	         	
   68.2496	   179.273	    539.64	   1444.84	   3283.59	   6457.94	   11388.1	   18680.8	   28606.5	   41582.9	   57993.7	   78269.7	    101080	    127179	    156470	    187857	    218030	    243740	    262447	    278736	    283903	    278987	    269728	    260619	    251160	    237598	    220696	    205391	    193381	    184514	    177336	    170665	    165600	    165436	    157295	    116391	    128824	    142847	    144086	    146545	    147920	    147564	    146096	    143818	    141015	    138551	         	         	         	         	         	         	         	         	         	         	         	         	         	         	         	         	         	         	         	         	         	         	         	         	         	         	         	         	         	         	         	         	         	         	         	         	         	         	         	         	
   66.6842	   175.703	   528.702	   1414.96	   3214.36	   6319.14	   11138.2	   18259.6	   27940.5	   40574.1	   56511.2	   76189.3	   98332.6	    123628	    152026	    182509	    211870	    237391	    255980	    272339	    277949	    273708	    263891	    254476	    244509	    230745	    213856	    198504	    186207	    176867	    169148	    161957	    156653	    155875	    147555	    113411	    125574	    129855	    128902	    128366	    127466	    126368	    122858	    116989	    110372	    103269	         	         	         	         	         	         	         	         	         	         	         	         	         	         	         	         	         	         	         	         	         	         	         	         	         	         	         	         	         	         	         	         	         	         	         	         	         	         	         	         	
   70.1884	   184.307	   555.161	   1487.34	   3380.25	   6662.53	   11783.8	   19372.7	   29722.8	   43292.7	     60507	   81828.6	    105661	    133188	    164209	    196934	    228094	    253598	    272661	    289060	    293704	    287851	    277852	    268649	    258574	    245246	    228066	    212652	    200909	    192283	    185248	    178647	    173877	    174075	    165764	    119931	    132479	    156260	    160688	    166645	    170818	    173477	    174281	    175577	    176916	    178621	         	         	         	         	         	         	         	         	         	         	         	         	         	         	         	         	         	         	         	         	         	         	         	         	         	         	         	         	         	         	         	         	         	         	         	         	         	         	         	         	
         	         	         	         	         	         	         	         	         	         	         	         	         	         	         	    291.52	    836.83	   1459.89	   2170.93	    4641.1	   9116.63	   14842.4	   21402.2	   28142.4	   36002.4	   43685.5	   53144.3	   61304.1	   64889.4	   68556.9	     73796	   80724.3	   88268.2	   96759.2	   98725.6	     76981	   89127.3	    102633	    106746	    111564	    115365	    117439	    118233	    118010	    116979	    115909	         	         	         	         	         	         	         	         	         	         	         	         	         	         	         	         	         	         	         	         	         	         	         	         	         	         	         	         	         	         	         	         	         	         	         	         	         	         	         	         	
         	         	         	         	         	         	         	         	         	         	         	         	         	         	         	   283.672	   815.028	   1425.77	   2124.28	   4548.86	   8957.84	   14621.8	   21136.6	   27786.5	   35384.8	   42837.1	   51953.4	   59750.2	   62994.1	   66226.4	   71004.3	   77430.4	   84110.2	   91478.2	   93238.9	   75318.3	   87293.6	   93234.9	   95273.9	   97655.7	   99676.7	    100048	   99139.9	   96312.6	   91204.4	   86074.8	         	         	         	         	         	         	         	         	         	         	         	         	         	         	         	         	         	         	         	         	         	         	         	         	         	         	         	         	         	         	         	         	         	         	         	         	         	         	         	         	
         	         	         	         	         	         	         	         	         	         	         	         	         	         	         	   305.015	   871.815	   1510.52	   2237.37	   4787.47	   9355.91	   15167.7	   21781.1	   28579.9	   36645.3	   44585.9	   54398.3	   62852.2	   66784.2	   70834.7	   76509.8	   83973.7	     92107	    101281	    103598	   79042.9	   91160.9	    112416	    119273	    127157	    134095	    138138	    141992	    144912	    147614	    149451	         	         	         	         	         	         	         	         	         	         	         	         	         	         	         	         	         	         	         	         	         	         	         	         	         	         	         	         	         	         	         	         	         	         	         	         	         	         	         	         	
   5279.41	   6686.46	   7460.17	   8217.75	   9231.05	   10646.5	   12642.6	   15590.7	   19619.6	   25052.7	   32171.2	   41259.8	   51891.4	   64512.9	   79061.7	   95162.3	    111790	    127979	    141886	    154277	    160670	    161455	    158879	    155356	    150112	    141561	    129472	    117935	    110172	    104123	     98450	   92400.5	   87404.9	   85239.5	   80497.8	   63766.1	   67529.1	   72608.3	   73064.4	   73675.5	   74131.3	   74477.6	   74543.5	   74348.6	   73986.6	   73688.9	         	         	         	         	         	         	         	         	         	         	         	         	         	         	         	         	         	         	         	         	         	         	         	         	         	         	         	         	         	         	         	         	         	         	         	         	         	         	         	         	
   5167.99	   6519.86	   7266.08	   8004.83	   9002.73	   10405.1	   12391.8	   15236.2	   19113.1	   24329.9	     31149	   39833.5	   49970.2	   61981.9	     75802	   91085.8	    106888	    122515	    135969	    148055	    154510	    155662	    153582	    150555	    145791	    137269	    125492	    114143	    106447	    100424	   94805.4	   88897.4	   83811.7	     81342	   76607.4	     62052	   65610.6	   67415.8	   66903.4	   66532.7	   66090.2	   65421.4	   64931.3	   63564.7	   61941.9	   60887.7	         	         	         	         	         	         	         	         	         	         	         	         	         	         	         	         	         	         	         	         	         	         	         	         	         	         	         	         	         	         	         	         	         	         	         	         	         	         	         	         	
   5388.34	   6855.37	   7655.47	   8439.45	   9476.12	   10943.1	   13033.8	   16121.8	   20388.4	   26205.1	   33815.8	   43573.7	   55036.4	     68694	   84497.8	    102020	    120089	    137388	    152158	    165177	    171542	    171752	    168343	    163977	    157886	    148586	    135557	    123221	    115161	    108696	    103064	   97162.3	   92054.5	   90002.5	     85014	   66007.8	   69969.7	   78452.2	   80092.5	     81886	   83822.8	   85358.1	   86502.3	   87538.3	   88604.8	   89636.9	         	         	         	         	         	         	         	         	         	         	         	         	         	         	         	         	         	         	         	         	         	         	         	         	         	         	         	         	         	         	         	         	         	         	         	         	         	         	         	         	
 0.0519191	 0.0621616	 0.0658425	 0.0691333	 0.0743376	 0.0820303	 0.0924045	   0.10598	  0.122864	  0.142494	  0.163851	  0.185715	  0.207176	   0.22767	  0.246459	  0.263505	   0.28006	  0.297933	  0.315895	  0.330806	  0.342957	  0.353552	  0.361416	  0.366451	  0.366915	  0.362281	   0.35067	   0.33553	  0.325578	  0.315867	  0.304196	  0.289653	   0.27467	  0.262294	  0.253594	  0.257269	   0.24565	  0.237638	  0.233902	  0.229125	   0.22543	  0.223768	  0.222821	   0.22229	  0.222152	   0.22189	         	         	         	         	         	         	         	         	         	         	         	         	         	         	         	         	         	         	         	         	         	         	         	         	         	         	         	         	         	         	         	         	         	         	         	         	         	         	         	         	
 0.0515673	 0.0614315	 0.0647592	 0.0678116	 0.0727388	 0.0802028	 0.0903095	  0.103446	  0.119846	  0.138977	  0.159853	   0.18129	  0.202396	  0.222588	  0.241128	  0.257986	  0.273961	  0.291181	  0.308631	  0.323131	   0.33505	  0.345608	  0.353588	  0.358815	  0.359549	  0.355269	  0.344153	  0.329487	  0.319856	   0.31041	  0.298993	  0.284714	  0.269961	  0.257695	  0.249096	  0.253546	  0.241827	  0.231987	  0.228094	   0.22325	  0.218914	  0.216223	  0.213579	  0.210983	  0.208258	  0.206074	         	         	         	         	         	         	         	         	         	         	         	         	         	         	         	         	         	         	         	         	         	         	         	         	         	         	         	         	         	         	         	         	         	         	         	         	         	         	         	         	
 0.0522364	 0.0629435	 0.0670147	 0.0706093	 0.0761278	 0.0840979	 0.0946342	  0.108548	  0.126062	   0.14703	  0.169391	  0.192676	  0.215269	  0.236991	  0.256921	  0.274979	  0.292755	  0.311751	  0.330613	  0.346208	  0.358674	  0.369206	   0.37671	  0.381238	  0.381023	   0.37553	   0.36277	  0.346549	  0.335851	  0.325532	  0.313301	  0.298193	   0.28274	  0.270114	  0.261128	  0.263514	  0.252213	  0.244649	  0.241031	  0.236368	  0.232752	  0.231881	   0.23293	   0.23479	  0.237335	  0.239264	         	         	         	         	         	         	         	         	         	         	         	         	         	         	         	         	         	         	         	         	         	         	         	         	         	         	         	         	         	         	         	         	         	         	         	         	         	         	         	         	
0.00520744	0.00536719	0.00550807	0.00562863	 0.0057275	0.00583313	0.00597024	0.00619664	0.00650256	0.00692938	0.00749587	 0.0082209	0.00904612	0.00999043	 0.0110463	 0.0121587	 0.0131497	 0.0138417	 0.0141829	 0.0144578	 0.0142784	 0.0136943	 0.0129356	 0.0122435	 0.0115991	 0.0108782	 0.0100948	0.00942284	0.00890574	0.00852417	0.00822489	0.00797284	 0.0078229	0.00785993	0.00755028	0.00579437	0.00632756	0.00691906	0.00693994	0.00701074	0.00704078	 0.0070002	0.00691404	0.00679448	0.00665302	0.00652587	         	         	         	         	         	         	         	         	         	         	         	         	         	         	         	         	         	         	         	         	         	         	         	         	         	         	         	         	         	         	         	         	         	         	         	         	         	         	         	         	
0.00510506	0.00527411	0.00542132	0.00555372	0.00564934	0.00575357	0.00587121	0.00608577	0.00637916	0.00678339	0.00732973	0.00804012	0.00885492	0.00977316	 0.0107988	 0.0118842	 0.0128548	   0.01356	 0.0139133	 0.0142061	 0.0140567	  0.013508	 0.0127825	 0.0121136	 0.0114119	 0.0106541	0.00985982	0.00917609	0.00864069	0.00823617	0.00792617	0.00766615	0.00747971	0.00746214	0.00715617	0.00567352	0.00619937	 0.0063498	0.00627715	0.00623589	0.00619126	0.00610574	0.00596346	0.00575666	0.00540281	0.00511064	         	         	         	         	         	         	         	         	         	         	         	         	         	         	         	         	         	         	         	         	         	         	         	         	         	         	         	         	         	         	         	         	         	         	         	         	         	         	         	         	
0.00530946	0.00546218	0.00560828	0.00573336	0.00584797	0.00596961	0.00613143	0.00638048	0.00670586	0.00715065	  0.007744	0.00850815	0.00935539	 0.0103123	 0.0113775	 0.0125124	 0.0135207	 0.0142028	 0.0145347	 0.0147927	 0.0145449	 0.0139422	 0.0131511	  0.012455	 0.0118311	 0.0111218	 0.0103422	0.00967765	0.00917159	0.00880402	0.00851969	0.00828173	 0.0081476	0.00821422	0.00790218	0.00594607	0.00647853	0.00750349	0.00765477	0.00786637	0.00800106	0.00807009	0.00808241	0.00810015	0.00807782	0.00809214	         	         	         	         	         	         	         	         	         	         	         	         	         	         	         	         	         	         	         	         	         	         	         	         	         	         	         	         	         	         	         	         	         	         	         	         	         	         	         	         	
0.00708375	0.00731888	0.00753192	0.00771673	0.00786888	0.00802768	0.00823866	0.00855116	0.00895199	0.00950207	 0.0102203	 0.0111248	 0.0121264	 0.0132442	 0.0144577	 0.0156959	 0.0167331	 0.0173677	 0.0175538	 0.0176683	 0.0172635	 0.0164134	 0.0153915	  0.014495	 0.0136902	 0.0128434	 0.0119598	 0.0112333	 0.0106546	 0.0102207	0.00989138	0.00962442	0.00950608	0.00960827	0.00924945	0.00699286	0.00768819	0.00845308	0.00847851	0.00856878	0.00860684	0.00855327	0.00844043	0.00828477	0.00810077	0.00793514	         	         	         	         	         	         	         	         	         	         	         	         	         	         	         	         	         	         	         	         	         	         	         	         	         	         	         	         	         	         	         	         	         	         	         	         	         	         	         	         	
0.00691964	0.00716804	0.00739632	0.00759665	0.00775107	0.00790684	0.00809812	0.00839244	0.00876852	0.00929983	0.00999803	 0.0108745	 0.0118527	 0.0129467	  0.014137	 0.0153459	 0.0163634	 0.0170216	 0.0172287	 0.0173705	 0.0170057	 0.0162002	 0.0151927	 0.0142941	 0.0134557	 0.0125826	 0.0116752	 0.0109256	 0.0103194	0.00985329	0.00948733	0.00918052	0.00901269	0.00905568	0.00869736	 0.0068179	0.00749877	0.00771485	0.00761052	0.00755958	0.00749024	0.00738807	0.00721073	0.00693959	 0.0064988	0.00613076	         	         	         	         	         	         	         	         	         	         	         	         	         	         	         	         	         	         	         	         	         	         	         	         	         	         	         	         	         	         	         	         	         	         	         	         	         	         	         	         	
0.00725962	0.00747305	0.00767692	0.00788019	0.00803125	0.00820925	0.00845824	0.00880677	0.00923607	0.00980776	   0.01054	 0.0114603	 0.0125017	 0.0136624	 0.0149148	 0.0161689	 0.0172118	 0.0178173	 0.0179685	 0.0180593	 0.0175968	  0.016741	 0.0157189	 0.0148449	 0.0140542	 0.0132195	 0.0123422	 0.0116249	 0.0110582	 0.0106404	 0.0103294	 0.0100808	0.00998866	 0.0101304	0.00976652	0.00722009	0.00792928	0.00922014	0.00941559	0.00968366	0.00985755	0.00993685	 0.0099359	0.00996827	0.00992603	0.00992924	         	         	         	         	         	         	         	         	         	         	         	         	         	         	         	         	         	         	         	         	         	         	         	         	         	         	         	         	         	         	         	         	         	         	         	         	         	         	         	         	
0.00341482	0.00351238	0.00359518	0.00366527	 0.0037239	0.00378926	0.00388374	0.00403584	0.00425973	0.00457891	0.00501206	0.00557867	 0.0062511	0.00704507	0.00796403	0.00896734	0.00991926	 0.0106592	 0.0111358	  0.011551	 0.0115699	 0.0112226	 0.0106966	 0.0101855	 0.0096833	 0.0090738	 0.0083787	0.00775728	0.00729722	0.00696432	0.00669315	0.00645539	0.00627698	0.00625484	0.00599087	0.00469431	0.00507817	0.00551047	0.00552762	0.00558098	0.00560418	0.00557601	0.00551478	0.00542877	0.00532676	0.00523533	         	         	         	         	         	         	         	         	         	         	         	         	         	         	         	         	         	         	         	         	         	         	         	         	         	         	         	         	         	         	         	         	         	         	         	         	         	         	         	         	
0.00336619	0.00346302	0.00354357	0.00361245	0.00366613	0.00372332	 0.0038133	0.00395762	0.00417186	0.00447954	0.00489891	0.00544927	0.00610181	0.00687465	0.00777575	0.00876066	0.00969164	 0.0104356	 0.0109164	 0.0113411	 0.0113811	 0.0110606	 0.0105612	 0.0100738	0.00955874	0.00893521	0.00823406	0.00760594	0.00713097	 0.0067791	0.00648829	0.00623204	 0.0060358	0.00598699	0.00572745	0.00462209	0.00500418	0.00510483	0.00504347	0.00501787	0.00498605	0.00492957	0.00482167	0.00465526	0.00440069	0.00418159	         	         	         	         	         	         	         	         	         	         	         	         	         	         	         	         	         	         	         	         	         	         	         	         	         	         	         	         	         	         	         	         	         	         	         	         	         	         	         	         	
0.00347184	0.00356975	0.00365695	0.00373451	0.00380145	0.00387658	0.00398293	0.00415056	0.00439432	 0.0047389	0.00520391	0.00579715	0.00649497	 0.0073172	0.00826596	0.00929813	 0.0102811	 0.0109828	 0.0114533	 0.0118516	 0.0118467	 0.0114663	 0.0109056	 0.0103635	0.00986342	0.00924292	0.00853584	0.00790718	0.00744173	0.00712392	0.00686016	0.00663766	0.00646897	0.00645679	0.00619257	0.00476736	 0.0051461	0.00592406	0.00604407	 0.0062011	0.00631851	0.00634602	0.00637766	0.00638161	0.00638666	0.00640806	         	         	         	         	         	         	         	         	         	         	         	         	         	         	         	         	         	         	         	         	         	         	         	         	         	         	         	         	         	         	         	         	         	         	         	         	         	         	         	         	
   0.60514	  0.595113	  0.581834	  0.571819	  0.567599	  0.567104	  0.568018	  0.566408	  0.562336	  0.554694	  0.542415	  0.524865	  0.506291	  0.485539	  0.462371	   0.44004	  0.423866	  0.418772	  0.422877	  0.426446	  0.438931	  0.461985	  0.489666	  0.515396	  0.538532	  0.560911	  0.584524	  0.599953	  0.609881	  0.613987	  0.613324	  0.608485	  0.597683	  0.577293	  0.584679	  0.743959	  0.666289	  0.600466	  0.591047	  0.576717	  0.566829	  0.564222	  0.565541	  0.569748	   0.57655	  0.582541	         	         	         	         	         	         	         	         	         	         	         	         	         	         	         	         	         	         	         	         	         	         	         	         	         	         	         	         	         	         	         	         	         	         	         	         	         	         	         	         	
  0.591205	  0.582913	  0.569154	  0.558528	  0.553448	  0.551594	  0.550837	  0.547867	  0.543065	  0.535262	  0.522446	  0.504865	  0.487664	  0.468857	  0.447747	  0.427399	  0.412747	  0.410258	  0.415536	  0.421269	  0.434392	  0.458146	  0.486172	  0.512057	  0.535205	  0.556869	  0.579312	  0.594234	  0.602934	  0.604855	  0.602652	  0.596843	  0.584117	  0.562212	  0.568951	  0.738719	  0.660525	  0.551392	  0.532733	  0.510121	  0.495401	  0.488467	  0.482746	   0.47657	  0.471983	  0.467722	         	         	         	         	         	         	         	         	         	         	         	         	         	         	         	         	         	         	         	         	         	         	         	         	         	         	         	         	         	         	         	         	         	         	         	         	         	         	         	         	
  0.617342	  0.605718	  0.592593	  0.583712	  0.580389	  0.580857	  0.582932	  0.581848	  0.578252	  0.570693	  0.558336	  0.540425	  0.521256	   0.49971	  0.475543	   0.45212	  0.434398	  0.427928	  0.431175	  0.433799	  0.445353	   0.46754	   0.49418	  0.519605	  0.542622	  0.565298	  0.590463	  0.607724	  0.619868	  0.626454	  0.628347	  0.625971	  0.617451	  0.599278	  0.607751	  0.750114	  0.673418	  0.651808	  0.650859	  0.644313	  0.639466	   0.64309	  0.648319	  0.667755	  0.698171	  0.728299	         	         	         	         	         	         	         	         	         	         	         	         	         	         	         	         	         	         	         	         	         	         	         	         	         	         	         	         	         	         	         	         	         	         	         	         	         	         	         	         	
         	         	         	         	         	         	         	         	         	         	         	         	         	         	         	         	         	         	         	         	         	         	         	         	         	         	         	         	         	         	         	         	         	         	         	         	         	         	         	         	         	         	         	         	         	         	         	         	         	         	         	         	         	         	         	         	         	         	         	         	         	         	         	         	         	         	         	         	         	         	         	         	         	         	         	         	         	         	         	         	         	         	         	         	         	         	
         	         	         	         	         	         	         	         	         	         	         	         	         	         	         	         	         	         	         	         	         	         	         	         	         	         	         	         	         	         	         	         	         	         	         	         	         	         	         	         	         	         	         	         	         	         	         	         	         	         	         	         	         	         	         	         	         	         	         	         	         	         	         	         	         	         	         	         	         	         	         	         	         	         	         	         	         	         	         	         	         	         	         	         	         	         	
         	         	         	         	         	         	         	         	         	         	         	         	         	         	         	         	         	         	         	         	         	         	         	         	         	         	         	         	         	         	         	         	         	         	         	         	         	         	         	         	         	         	         	         	         	         	         	         	         	         	         	         	         	         	         	         	         	         	         	         	         	         	         	         	         	         	         	         	         	         	         	         	         	         	         	         	         	         	         	         	         	         	         	         	         	         	
  0.826958	  0.818426	  0.814528	  0.810596	   0.80668	  0.802663	  0.799325	  0.795624	  0.792558	  0.789963	  0.787859	  0.786386	  0.785633	  0.785902	  0.787402	  0.790101	   0.79423	  0.799769	  0.805749	  0.811063	  0.816561	  0.821712	  0.825816	  0.829186	  0.831966	  0.834442	   0.83647	  0.838443	  0.839948	  0.841193	  0.842582	  0.843697	   0.84509	   0.84656	  0.848229	  0.849826	  0.848724	  0.848789	  0.849442	  0.849639	  0.849623	  0.849211	  0.847866	  0.845205	  0.841871	   0.83822	         	         	         	         	         	         	         	         	         	         	         	         	         	         	         	         	         	         	         	         	         	         	         	         	         	         	         	         	         	         	         	         	         	         	         	         	         	         	         	         	
  0.826958	  0.818045	  0.813775	  0.809509	  0.805297	  0.800996	  0.797193	  0.792987	  0.789396	  0.786264	  0.783617	  0.781602	  0.780316	  0.780073	  0.781088	  0.783332	  0.787052	  0.792244	  0.797981	  0.803088	  0.808441	  0.813492	  0.817504	  0.820794	  0.823492	  0.825884	  0.827817	  0.829701	  0.831066	  0.832103	  0.833284	  0.834165	  0.835326	   0.83655	  0.837844	  0.838965	  0.837702	  0.837628	  0.837953	  0.837965	  0.837647	  0.836664	  0.834304	  0.830556	  0.825557	   0.81979	         	         	         	         	         	         	         	         	         	         	         	         	         	         	         	         	         	         	         	         	         	         	         	         	         	         	         	         	         	         	         	         	         	         	         	         	         	         	         	         	
  0.826958	  0.819043	  0.815784	  0.812592	  0.809498	  0.806384	  0.803792	  0.800775	  0.798353	  0.796585	  0.795336	  0.794421	  0.794213	  0.795035	  0.797101	  0.800392	  0.805119	  0.811226	   0.81778	  0.823657	  0.829677	  0.835306	  0.839843	  0.843391	  0.846377	  0.849055	  0.851297	   0.85346	  0.855171	  0.856637	  0.858231	    0.8596	  0.861311	  0.863121	  0.865156	  0.867088	  0.866243	    0.8665	  0.867154	  0.867676	  0.867036	  0.867101	  0.865787	  0.863667	  0.861392	  0.858696	         	         	         	         	         	         	         	         	         	         	         	         	         	         	         	         	         	         	         	         	         	         	         	         	         	         	         	         	         	         	         	         	         	         	         	         	         	         	         	         	
0.00800071	 0.0100171	 0.0108751	 0.0115459	 0.0120296	  0.012304	 0.0124291	 0.0125154	 0.0126537	 0.0128934	 0.0132973	 0.0139249	 0.0148294	 0.0159345	 0.0172738	 0.0188733	 0.0205512	 0.0219968	 0.0229928	 0.0235779	  0.023757	 0.0233238	 0.0222348	  0.020746	  0.019223	 0.0178042	 0.0163707	   0.01488	 0.0138094	 0.0130254	 0.0124282	 0.0120428	 0.0117975	 0.0117749	 0.0120675	 0.0122679	 0.0113631	 0.0112395	 0.0115605	 0.0118977	 0.0123434	 0.0125823	 0.0126029	 0.0124785	 0.0122594	 0.0119843	         	         	         	         	         	         	         	         	         	         	         	         	         	         	         	         	         	         	         	         	         	         	         	         	         	         	         	         	         	         	         	         	         	         	         	         	         	         	         	         	
0.00800071	0.00995375	 0.0107126	 0.0112926	 0.0116681	 0.0118204	 0.0118666	 0.0118836	 0.0119607	 0.0121462	  0.012502	 0.0130841	 0.0139443	 0.0150228	 0.0163328	 0.0179049	   0.01956	 0.0210063	 0.0220473	 0.0226753	 0.0228729	 0.0225134	 0.0214611	 0.0200611	 0.0185576	 0.0171638	 0.0157462	 0.0142054	 0.0130771	 0.0122407	 0.0116497	  0.011254	 0.0110028	 0.0109528	 0.0112041	 0.0114203	 0.0106132	 0.0105552	   0.01083	 0.0108961	 0.0110548	 0.0110253	 0.0108431	 0.0103687	0.00957451	0.00876998	         	         	         	         	         	         	         	         	         	         	         	         	         	         	         	         	         	         	         	         	         	         	         	         	         	         	         	         	         	         	         	         	         	         	         	         	         	         	         	         	
0.00800071	 0.0100856	 0.0110179	 0.0117864	 0.0123593	 0.0127326	 0.0129414	  0.013096	 0.0132873	 0.0135775	  0.014019	 0.0146705	  0.015598	 0.0167203	 0.0180764	 0.0196941	 0.0213778	 0.0228257	 0.0238235	 0.0243735	 0.0245458	 0.0241036	 0.0229967	 0.0214953	 0.0199488	 0.0185175	 0.0170524	 0.0155336	  0.014459	 0.0136618	 0.0130801	 0.0126947	 0.0124612	 0.0124934	  0.012894	 0.0130829	 0.0120437	 0.0118671	 0.0123539	 0.0130135	 0.0138317	 0.0143557	 0.0147363	 0.0149325	 0.0151503	 0.0153815	         	         	         	         	         	         	         	         	         	         	         	         	         	         	         	         	         	         	         	         	         	         	         	         	         	         	         	         	         	         	         	         	         	         	         	         	         	         	         	         	
 0.0103685	 0.0131263	 0.0142847	 0.0151935	  0.015844	 0.0162002	  0.016372	 0.0164535	 0.0166044	 0.0168757	 0.0173487	 0.0180988	 0.0191919	 0.0205084	 0.0220917	 0.0239691	 0.0258967	 0.0274535	 0.0283863	 0.0287929	 0.0287413	 0.0279659	 0.0264224	 0.0244822	 0.0225841	  0.020886	 0.0192112	 0.0175455	 0.0163126	 0.0153872	 0.0146999	 0.0142738	 0.0140314	 0.0140645	 0.0144889	 0.0147851	  0.013637	 0.0134817	 0.0138941	 0.0143534	 0.0149724	 0.0153085	  0.015346	  0.015189	 0.0149081	 0.0145548	         	         	         	         	         	         	         	         	         	         	         	         	         	         	         	         	         	         	         	         	         	         	         	         	         	         	         	         	         	         	         	         	         	         	         	         	         	         	         	         	
 0.0103685	 0.0130419	 0.0140642	 0.0148308	 0.0153172	 0.0155258	 0.0155864	 0.0155737	 0.0156434	  0.015845	 0.0162583	 0.0169568	 0.0180232	  0.019293	 0.0208384	 0.0226942	  0.024625	 0.0261954	 0.0271992	 0.0276641	 0.0276362	 0.0269331	 0.0254206	 0.0235577	 0.0217934	 0.0200858	 0.0183963	 0.0167606	 0.0154448	 0.0144393	 0.0137129	 0.0132674	 0.0129988	 0.0130119	 0.0134157	 0.0137267	 0.0127064	 0.0126354	 0.0129276	 0.0130426	 0.0132812	 0.0132761	 0.0130501	  0.012429	 0.0114536	 0.0103901	         	         	         	         	         	         	         	         	         	         	         	         	         	         	         	         	         	         	         	         	         	         	         	         	         	         	         	         	         	         	         	         	         	         	         	         	         	         	         	         	
 0.0103685	   0.01323	  0.014483	 0.0155193	 0.0163056	 0.0167916	 0.0170812	 0.0172564	  0.017481	 0.0178204	 0.0183448	 0.0191071	 0.0202155	  0.021549	 0.0231523	 0.0250467	 0.0269741	  0.028547	 0.0294649	  0.029836	 0.0297788	 0.0289914	 0.0274411	    0.0255	 0.0235392	  0.021814	  0.020118	 0.0184246	 0.0171724	 0.0162352	 0.0155404	 0.0151191	 0.0149238	 0.0150572	 0.0155897	 0.0158527	 0.0145566	  0.014343	 0.0149126	 0.0157881	 0.0168778	 0.0176527	 0.0181296	 0.0184477	 0.0187302	 0.0191035	         	         	         	         	         	         	         	         	         	         	         	         	         	         	         	         	         	         	         	         	         	         	         	         	         	         	         	         	         	         	         	         	         	         	         	         	         	         	         	         	
0.00573848	0.00706215	0.00765247	0.00811627	0.00846073	0.00867537	0.00880235	0.00890122	0.00903621	0.00925511	0.00960368	 0.0101271	 0.0108709	 0.0117941	 0.0129208	 0.0142758	 0.0157319	 0.0170716	 0.0181173	 0.0188562	 0.0192347	 0.0191039	  0.018417	 0.0173311	 0.0161438	 0.0149747	  0.013757	 0.0124276	 0.0115071	 0.0108538	 0.0103402	0.00999288	0.00974579	0.00967297	0.00984514	 0.0099575	0.00927519	0.00918071	0.00941827	0.00964432	0.00993166	 0.0100824	 0.0100883	0.00999467	0.00983295	0.00963041	         	         	         	         	         	         	         	         	         	         	         	         	         	         	         	         	         	         	         	         	         	         	         	         	         	         	         	         	         	         	         	         	         	         	         	         	         	         	         	         	
0.00573848	0.00701675	0.00753806	0.00793362	0.00821634	0.00836943	0.00843676	0.00848498	0.00857737	0.00875137	0.00905377	0.00953389	 0.0102387	 0.0111365	 0.0122549	 0.0135921	 0.0150235	 0.0163485	 0.0174019	 0.0181536	 0.0185728	 0.0184833	 0.0178218	 0.0167595	 0.0155925	 0.0144445	  0.013203	 0.0118546	 0.0108994	 0.0102411	0.00973502	0.00939567	0.00913795	0.00906305	0.00922845	0.00934512	0.00871753	0.00865253	 0.0088726	0.00891385	0.00899998	0.00897569	0.00883593	0.00851078	0.00787784	0.00732323	         	         	         	         	         	         	         	         	         	         	         	         	         	         	         	         	         	         	         	         	         	         	         	         	         	         	         	         	         	         	         	         	         	         	         	         	         	         	         	         	
0.00573848	0.00710656	 0.0077488	0.00827092	 0.0086778	0.00895226	0.00913523	0.00928701	0.00947238	0.00973118	 0.0101121	 0.0106688	 0.0114426	 0.0123856	 0.0135316	  0.014909	  0.016386	 0.0177283	 0.0187582	  0.019501	  0.019875	 0.0196993	 0.0190058	 0.0179059	 0.0167015	 0.0155103	 0.0142635	 0.0129144	 0.0119873	 0.0113308	 0.0108188	 0.0104741	 0.0102401	 0.0101654	 0.0103548	 0.0104851	 0.0097497	0.00964371	 0.0100115	 0.0104674	 0.0109777	 0.0113597	 0.0116007	 0.0117473	 0.0118689	 0.0120257	         	         	         	         	         	         	         	         	         	         	         	         	         	         	         	         	         	         	         	         	         	         	         	         	         	         	         	         	         	         	         	         	         	         	         	         	         	         	         	         	
    156229	    200749	    223697	    243826	    260812	    273771	    284844	    297132	    310753	    327145	    348305	    376308	    410577	    451918	    501588	    560509	    623749	    682538	    728048	    760453	    779388	    777691	    755546	    718287	    677965	    639482	    598708	    555010	    524682	    503684	    489010	    481825	    479877	    486830	    507326	    524747	    493652	    496477	    520553	    545978	    576816	    598553	    610166	    614803	    614567	    611078	         	         	         	         	         	         	         	         	         	         	         	         	         	         	         	         	         	         	         	         	         	         	         	         	         	         	         	         	         	         	         	         	         	         	         	         	         	         	         	         	
    156229	    199480	    220355	    238476	    252973	    263011	    271954	    282133	    293735	    308187	    327472	    353586	    386069	    426062	    474265	    531748	    593666	    651804	    698111	    731343	    750385	    750668	    729257	    694576	    654494	    616481	    575869	    529848	    496859	    473342	    458378	    450269	    447549	    452838	    471029	    488490	    461070	    466248	    487662	    500012	    516601	    524482	    524954	    510871	    479985	    447170	         	         	         	         	         	         	         	         	         	         	         	         	         	         	         	         	         	         	         	         	         	         	         	         	         	         	         	         	         	         	         	         	         	         	         	         	         	         	         	         	
    156229	    202123	    226636	    248903	    267959	    283307	    296585	    310917	    326314	    344503	    367209	    396456	    431857	    474206	    524892	    584887	    648839	    708257	    754353	    786115	    805266	    803692	    781435	    744231	    703561	    665102	    623639	    579389	    549364	    528295	    514662	    507910	    506874	    516533	    542073	    559604	    523216	    524199	    556278	    597180	    646370	    682921	    713454	    735697	    759351	    784448	         	         	         	         	         	         	         	         	         	         	         	         	         	         	         	         	         	         	         	         	         	         	         	         	         	         	         	         	         	         	         	         	         	         	         	         	         	         	         	         	
0.00720053	0.00901485	0.00978582	  0.010386	 0.0108135	 0.0110465	 0.0111379	 0.0111857	 0.0112703	 0.0114354	 0.0117362	 0.0122245	 0.0129472	 0.0138382	  0.014926	 0.0162334	 0.0176101	 0.0187951	 0.0196046	 0.0200708	 0.0202042	 0.0198301	  0.018908	 0.0176566	 0.0163788	 0.0151897	 0.0139924	  0.012754	 0.0118568	 0.0111969	 0.0106965	 0.0103761	 0.0101784	 0.0101695	 0.0104267	 0.0106108	0.00985955	0.00975697	 0.0100313	 0.0103255	 0.0107159	 0.0109353	 0.0109673	 0.0108722	 0.0106929	 0.0104628	         	         	         	         	         	         	         	         	         	         	         	         	         	         	         	         	         	         	         	         	         	         	         	         	         	         	         	         	         	         	         	         	         	         	         	         	         	         	         	         	
0.00720053	0.00895787	0.00963961	 0.0101581	 0.0104886	 0.0106116	 0.0106323	 0.0106184	  0.010649	 0.0107667	 0.0110258	 0.0114771	 0.0121658	 0.0130319	 0.0140936	 0.0153851	 0.0167612	 0.0179499	 0.0187999	 0.0193108	 0.0194626	 0.0191154	 0.0182304	 0.0170306	  0.015819	 0.0146332	 0.0134623	 0.0121948	 0.0112446	 0.0105313	 0.0100148	0.00969244	0.00948419	0.00945247	0.00968302	0.00988004	0.00920993	0.00916298	0.00940094	0.00946815	0.00961205	0.00960118	0.00944896	0.00905736	0.00838667	 0.0076842	         	         	         	         	         	         	         	         	         	         	         	         	         	         	         	         	         	         	         	         	         	         	         	         	         	         	         	         	         	         	         	         	         	         	         	         	         	         	         	         	
0.00720053	0.00907656	0.00991437	 0.0106023	 0.0111098	 0.0114315	 0.0115973	 0.0117053	 0.0118346	 0.0120422	 0.0123734	 0.0128795	 0.0136193	 0.0145223	 0.0156218	 0.0169424	  0.018321	 0.0195041	 0.0203192	 0.0207531	 0.0208837	 0.0205026	 0.0195606	 0.0183122	 0.0170112	 0.0158076	 0.0145816	 0.0133223	 0.0124209	 0.0117503	 0.0112653	 0.0109434	 0.0107494	 0.0107778	 0.0111279	 0.0113031	 0.0104416	  0.010302	 0.0107154	 0.0112842	 0.0119921	 0.0124645	 0.0128012	 0.0129728	 0.0131646	 0.0134144	         	         	         	         	         	         	         	         	         	         	         	         	         	         	         	         	         	         	         	         	         	         	         	         	         	         	         	         	         	         	         	         	         	         	         	         	         	         	         	         	
0.00933156	  0.011813	 0.0128537	 0.0136665	 0.0142408	 0.0145422	 0.0146683	 0.0147028	 0.0147883	 0.0149705	 0.0153216	 0.0159079	 0.0167881	 0.0178593	 0.0191587	 0.0207106	 0.0223121	 0.0236064	 0.0243763	 0.0247017	 0.0246461	 0.0239831	 0.0226693	  0.021024	 0.0194143	  0.017973	 0.0165553	 0.0151511	 0.0141036	 0.0133152	 0.0127315	 0.0123719	 0.0121737	  0.012212	 0.0125839	 0.0128541	  0.011894	 0.0117639	 0.0121189	 0.0125211	 0.0130647	 0.0133729	 0.0134232	 0.0133019	 0.0130698	 0.0127717	         	         	         	         	         	         	         	         	         	         	         	         	         	         	         	         	         	         	         	         	         	         	         	         	         	         	         	         	         	         	         	         	         	         	         	         	         	         	         	         	
0.00933156	  0.011737	 0.0126553	 0.0133401	 0.0137668	 0.0139355	 0.0139619	 0.0139123	 0.0139257	 0.0140466	 0.0143455	 0.0148885	 0.0157665	 0.0168019	 0.0180731	 0.0196108	 0.0212189	 0.0225212	 0.0233351	 0.0237136	 0.0236765	 0.0231089	  0.021822	 0.0201916	 0.0186832	 0.0172938	 0.0158529	 0.0144803	 0.0133727	 0.0125121	  0.011875	 0.0115137	  0.011282	 0.0113011	 0.0116551	 0.0119373	 0.0110841	 0.0110253	 0.0112906	 0.0113892	 0.0116121	 0.0116159	 0.0114156	 0.0109047	 0.0100796	0.00914787	         	         	         	         	         	         	         	         	         	         	         	         	         	         	         	         	         	         	         	         	         	         	         	         	         	         	         	         	         	         	         	         	         	         	         	         	         	         	         	         	
0.00933156	 0.0119063	 0.0130322	 0.0139595	 0.0146557	 0.0150731	 0.0153039	 0.0154207	  0.015569	 0.0158089	 0.0162021	 0.0167946	 0.0176876	 0.0187705	 0.0200839	 0.0216454	 0.0232452	 0.0245371	 0.0253091	 0.0256036	 0.0255437	 0.0248715	 0.0235425	 0.0218991	 0.0202465	 0.0187802	 0.0173478	 0.0159206	 0.0148567	 0.0140552	 0.0134656	 0.0131062	 0.0129437	 0.0130557	 0.0135234	 0.0137704	 0.0126976	 0.0125111	 0.0130099	 0.0137685	 0.0147015	 0.0154049	 0.0158315	 0.0161106	 0.0163571	  0.016707	         	         	         	         	         	         	         	         	         	         	         	         	         	         	         	         	         	         	         	         	         	         	         	         	         	         	         	         	         	         	         	         	         	         	         	         	         	         	         	         	
0.00516454	0.00635558	0.00688612	0.00730145	0.00760669	0.00779094	0.00789062	 0.0079579	0.00804907	0.00820572	0.00846747	0.00887303	0.00946191	 0.0101981	 0.0111017	  0.012194	 0.0133712	 0.0144524	 0.0152913	  0.015878	 0.0161742	 0.0160547	 0.0154788	 0.0145788	 0.0135978	 0.0126342	 0.0116342	 0.0105487	0.00979024	0.00924925	0.00882613	0.00854245	0.00834572	0.00829437	0.00844694	0.00855181	0.00799143	0.00791416	 0.0081149	0.00831068	 0.0085612	0.00869998	  0.008716	0.00864568	0.00851546	0.00834844	         	         	         	         	         	         	         	         	         	         	         	         	         	         	         	         	         	         	         	         	         	         	         	         	         	         	         	         	         	         	         	         	         	         	         	         	         	         	         	         	
0.00516454	0.00631472	0.00678316	0.00713714	0.00738695	0.00751591	0.00756287	0.00758576	0.00764033	0.00775899	0.00798247	0.00835304	0.00891094	0.00962881	 0.0105165	 0.0115933	  0.012755	 0.0138192	 0.0146755	  0.015275	 0.0156004	  0.015522	 0.0149869	  0.014106	 0.0131409	 0.0121937	 0.0111845	 0.0100781	0.00928726	0.00873042	0.00831255	0.00803455	0.00782343	0.00777006	0.00791681	0.00802522	 0.0075102	0.00745887	0.00764862	0.00769402	0.00776859	0.00776537	 0.0076482	 0.0073794	 0.0068497	0.00638041	         	         	         	         	         	         	         	         	         	         	         	         	         	         	         	         	         	         	         	         	         	         	         	         	         	         	         	         	         	         	         	         	         	         	         	         	         	         	         	         	
0.00516454	0.00639556	 0.0069728	0.00744055	0.00780179	0.00803986	0.00818923	0.00830329	0.00843776	0.00862818	0.00891652	0.00934414	0.00995738	  0.010712	 0.0116293	  0.012738	 0.0139222	 0.0150022	 0.0158201	 0.0164132	 0.0167036	 0.0165545	 0.0159738	 0.0150631	 0.0140687	 0.0130876	 0.0120676	 0.0109671	 0.0101962	0.00964827	0.00923221	0.00895876	0.00876601	0.00872085	0.00888457	0.00900102	0.00840003	0.00831277	0.00862335	0.00901193	0.00944877	0.00978758	0.00999825	 0.0101364	 0.0102505	 0.0103868	         	         	         	         	         	         	         	         	         	         	         	         	         	         	         	         	         	         	         	         	         	         	         	         	         	         	         	         	         	         	         	         	         	         	         	         	         	         	         	         	
0.00822053	 0.0209048	  0.027489	 0.0312269	 0.0335206	 0.0347348	 0.0352925	 0.0356135	 0.0360619	  0.036795	 0.0380682	 0.0400971	 0.0430873	 0.0466077	 0.0509206	 0.0561526	  0.061494	 0.0658538	 0.0687712	  0.070555	 0.0709042	 0.0689119	 0.0644731	 0.0583117	 0.0520424	 0.0462304	 0.0403199	 0.0340949	 0.0299925	 0.0271051	  0.024801	 0.0231191	 0.0217087	 0.0209492	 0.0211017	 0.0208336	 0.0177327	 0.0173086	 0.0180526	 0.0185725	 0.0191805	 0.0190756	 0.0185361	 0.0178369	 0.0170922	  0.016368	         	         	         	         	         	         	         	         	         	         	         	         	         	         	         	         	         	         	         	         	         	         	         	         	         	         	         	         	         	         	         	         	         	         	         	         	         	         	         	         	
0.00822053	 0.0206754	 0.0270541	 0.0304205	 0.0323653	 0.0332339	 0.0335014	 0.0335967	 0.0338703	 0.0344684	 0.0356334	 0.0375711	 0.0404802	 0.0439147	 0.0481189	 0.0532194	 0.0584312	 0.0626668	 0.0656126	 0.0674237	 0.0678741	 0.0660337	 0.0616824	 0.0555772	  0.049478	  0.043829	 0.0380915	 0.0320872	 0.0281148	 0.0253497	 0.0231577	 0.0214683	  0.020087	 0.0193324	  0.019478	  0.019249	 0.0165076	 0.0162529	 0.0165332	 0.0163423	 0.0164079	 0.0159955	 0.0149946	 0.0135189	 0.0118215	 0.0102349	         	         	         	         	         	         	         	         	         	         	         	         	         	         	         	         	         	         	         	         	         	         	         	         	         	         	         	         	         	         	         	         	         	         	         	         	         	         	         	         	
0.00822053	 0.0212292	 0.0279362	 0.0319308	 0.0345996	 0.0361726	 0.0370559	 0.0376397	 0.0382309	 0.0390873	 0.0404435	 0.0425149	 0.0455101	 0.0490604	 0.0534556	 0.0587719	 0.0640953	 0.0685777	 0.0714782	 0.0732834	 0.0735824	 0.0714206	 0.0668748	 0.0605553	 0.0541289	 0.0481666	 0.0421883	 0.0357332	 0.0314719	 0.0284913	 0.0262791	 0.0247133	 0.0233251	 0.0225814	 0.0227766	 0.0224509	 0.0189859	 0.0183912	 0.0197355	 0.0210347	 0.0222541	 0.0227036	 0.0228571	 0.0228722	 0.0228017	 0.0230476	         	         	         	         	         	         	         	         	         	         	         	         	         	         	         	         	         	         	         	         	         	         	         	         	         	         	         	         	         	         	         	         	         	         	         	         	         	         	         	         	
0.00800069	 0.0100149	 0.0108661	 0.0115178	 0.0119589	 0.0121575	 0.0121655	  0.012085	 0.0119975	 0.0119443	  0.011976	 0.0121357	 0.0124644	 0.0129041	 0.0134713	 0.0141864	 0.0149653	 0.0156282	 0.0160342	 0.0161995	 0.0161875	 0.0158752	 0.0152093	 0.0143741	 0.0135387	 0.0127743	 0.0120381	 0.0113302	 0.0107534	 0.0103097	 0.0099965	0.00982773	0.00978666	0.00989291	 0.0101988	 0.0104871	 0.0100344	0.00997299	 0.0102095	  0.010515	 0.0109349	 0.0112539	 0.0113986	 0.0114007	 0.0112971	 0.0111212	         	         	         	         	         	         	         	         	         	         	         	         	         	         	         	         	         	         	         	         	         	         	         	         	         	         	         	         	         	         	         	         	         	         	         	         	         	         	         	         	
0.00800069	0.00995154	 0.0107038	 0.0112653	 0.0116004	 0.0116767	 0.0116021	 0.0114527	 0.0113051	 0.0111997	 0.0111915	 0.0113438	 0.0116786	 0.0121324	 0.0127093	 0.0133991	 0.0141775	  0.014838	 0.0152239	 0.0153709	  0.015376	  0.015098	 0.0145138	 0.0136945	 0.0129083	 0.0121833	 0.0114785	 0.0108144	 0.0102741	0.00981848	0.00945271	0.00922412	0.00912679	0.00920155	0.00949276	0.00978618	0.00938342	0.00936654	0.00961257	0.00974988	0.00992227	 0.0100444	0.00997492	0.00970139	 0.0091459	 0.0084506	         	         	         	         	         	         	         	         	         	         	         	         	         	         	         	         	         	         	         	         	         	         	         	         	         	         	         	         	         	         	         	         	         	         	         	         	         	         	         	         	
0.00800069	 0.0100835	 0.0110091	 0.0117577	 0.0122867	 0.0125818	 0.0126696	 0.0126513	 0.0126072	 0.0125803	 0.0126228	 0.0127883	 0.0131089	 0.0135504	 0.0141197	 0.0148385	 0.0156074	 0.0162687	 0.0166542	 0.0168183	 0.0168081	 0.0164984	 0.0158333	 0.0149885	 0.0141419	 0.0133544	 0.0126176	 0.0119095	  0.011342	 0.0109004	 0.0105772	 0.0103943	  0.010351	 0.0104758	 0.0107946	 0.0110984	  0.010613	 0.0105321	 0.0108997	 0.0113728	 0.0120446	 0.0126843	 0.0130988	 0.0133785	 0.0136301	 0.0138491	         	         	         	         	         	         	         	         	         	         	         	         	         	         	         	         	         	         	         	         	         	         	         	         	         	         	         	         	         	         	         	         	         	         	         	         	         	         	         	         	
   1.02771	   2.11062	   2.57309	   2.76641	   2.86556	   2.92392	   2.97058	   3.01884	   3.08091	   3.16021	   3.26523	   3.40074	   3.56804	   3.74028	   3.92997	   4.13521	   4.31395	   4.44156	   4.53327	   4.61154	   4.63964	    4.5896	    4.4637	   4.24729	   4.00126	   3.74693	   3.44883	   3.08069	   2.84483	   2.67474	   2.51875	   2.38446	   2.24514	   2.14133	   2.09181	   2.00726	   1.78086	   1.74847	   1.78184	   1.77932	   1.76636	   1.70549	   1.63404	   1.56905	   1.51329	   1.46724	         	         	         	         	         	         	         	         	         	         	         	         	         	         	         	         	         	         	         	         	         	         	         	         	         	         	         	         	         	         	         	         	         	         	         	         	         	         	         	         	
   1.02771	   2.08814	   2.53174	   2.70833	   2.79473	   2.84278	   2.88202	   2.92508	   2.98301	   3.05845	    3.1588	   3.28771	   3.44541	   3.60503	    3.7753	   3.95563	   4.11571	   4.22872	   4.30713	   4.37317	   4.39418	   4.34306	   4.22235	   4.01684	   3.78431	   3.54632	   3.26789	   2.92641	   2.70816	   2.55209	   2.40939	   2.28648	   2.15786	   2.06262	   2.01825	   1.93628	   1.71936	   1.69638	   1.70516	   1.67801	    1.6508	   1.58603	   1.48522	    1.3895	   1.29906	   1.22998	         	         	         	         	         	         	         	         	         	         	         	         	         	         	         	         	         	         	         	         	         	         	         	         	         	         	         	         	         	         	         	         	         	         	         	         	         	         	         	         	
   1.02771	   2.14284	   2.61708	   2.81715	   2.92766	   2.99616	   3.04933	   3.10361	   3.17418	   3.25724	   3.36554	   3.50854	   3.68678	   3.86718	   4.06621	   4.28886	   4.48645	   4.63236	   4.73612	    4.8251	   4.85773	   4.80598	   4.67093	   4.44037	   4.18542	   3.92118	   3.60901	   3.22075	   2.97089	   2.78873	   2.62225	   2.48105	   2.33473	   2.22982	   2.17871	   2.07919	   1.83417	   1.79154	   1.85972	   1.88489	   1.88484	   1.83465	    1.7823	    1.7499	   1.72346	   1.69556	         	         	         	         	         	         	         	         	         	         	         	         	         	         	         	         	         	         	         	         	         	         	         	         	         	         	         	         	         	         	         	         	         	         	         	         	         	         	         	         	
         	         	         	         	         	         	         	         	         	         	         	         	         	         	         	         	 0.0221464	 0.0380361	 0.0444444	  0.046693	 0.0481911	 0.0469603	  0.043593	 0.0388987	 0.0343583	 0.0305944	 0.0268452	 0.0234008	  0.020894	 0.0189126	 0.0173803	 0.0165374	 0.0160335	 0.0159003	 0.0164726	  0.016676	 0.0145051	 0.0144315	 0.0152946	  0.015874	 0.0165315	  0.016602	 0.0162916	 0.0158141	  0.015264	 0.0146953	         	         	         	         	         	         	         	         	         	         	         	         	         	         	         	         	         	         	         	         	         	         	         	         	         	         	         	         	         	         	         	         	         	         	         	         	         	         	         	         	
         	         	         	         	         	         	         	         	         	         	         	         	         	         	         	         	 0.0211261	 0.0366882	 0.0430116	 0.0452493	 0.0468577	 0.0456944	 0.0423993	  0.037766	 0.0332745	 0.0294895	  0.025745	 0.0223094	 0.0198224	 0.0178694	 0.0163475	 0.0154983	 0.0149634	 0.0147916	 0.0152926	 0.0154642	 0.0135654	 0.0135988	 0.0140153	 0.0139902	 0.0141651	 0.0139331	 0.0132064	 0.0120251	  0.010657	0.00946081	         	         	         	         	         	         	         	         	         	         	         	         	         	         	         	         	         	         	         	         	         	         	         	         	         	         	         	         	         	         	         	         	         	         	         	         	         	         	         	         	
         	         	         	         	         	         	         	         	         	         	         	         	         	         	         	         	 0.0230196	 0.0392793	 0.0457317	  0.048003	 0.0494399	 0.0481054	 0.0446889	 0.0399803	 0.0354058	 0.0315839	 0.0277614	 0.0242519	 0.0217469	 0.0197922	 0.0183164	  0.017518	  0.017085	 0.0170232	 0.0176943	 0.0179588	 0.0154777	 0.0152962	 0.0166516	 0.0179604	 0.0191939	 0.0197492	 0.0200197	 0.0201633	 0.0204241	 0.0207872	         	         	         	         	         	         	         	         	         	         	         	         	         	         	         	         	         	         	         	         	         	         	         	         	         	         	         	         	         	         	         	         	         	         	         	         	         	         	         	         	
         	         	         	         	         	         	         	         	         	         	         	         	         	         	         	         	 0.0222179	 0.0388789	 0.0456485	 0.0480771	 0.0496822	 0.0484359	 0.0449691	 0.0401314	 0.0354661	 0.0316486	 0.0279241	 0.0245951	 0.0221747	  0.020348	 0.0191778	 0.0187681	 0.0188817	  0.019416	  0.020823	 0.0217031	  0.019262	 0.0195845	 0.0211491	 0.0222783	 0.0235203	 0.0239014	 0.0237055	 0.0232433	 0.0226556	 0.0220175	         	         	         	         	         	         	         	         	         	         	         	         	         	         	         	         	         	         	         	         	         	         	         	         	         	         	         	         	         	         	         	         	         	         	         	         	         	         	         	         	
         	         	         	         	         	         	         	         	         	         	         	         	         	         	         	         	 0.0211946	 0.0375002	 0.0441744	 0.0465882	 0.0483061	 0.0471281	 0.0437357	 0.0389614	 0.0343462	 0.0305033	 0.0267766	 0.0234405	 0.0210244	 0.0192194	 0.0180556	 0.0175933	 0.0176275	 0.0180703	 0.0193382	 0.0201339	  0.018044	 0.0184193	 0.0193532	 0.0196106	 0.0200643	 0.0199944	 0.0191369	 0.0175353	 0.0156855	 0.0140385	         	         	         	         	         	         	         	         	         	         	         	         	         	         	         	         	         	         	         	         	         	         	         	         	         	         	         	         	         	         	         	         	         	         	         	         	         	         	         	         	
         	         	         	         	         	         	         	         	         	         	         	         	         	         	         	         	 0.0230941	 0.0401397	 0.0469842	 0.0494269	 0.0509441	 0.0496236	 0.0460902	 0.0412404	 0.0365427	 0.0326701	 0.0288802	 0.0255017	 0.0230884	 0.0213137	 0.0202175	 0.0198829	 0.0201093	 0.0207963	 0.0223731	 0.0233927	 0.0205216	 0.0207223	  0.023057	 0.0252549	 0.0273984	 0.0285387	 0.0292392	 0.0298059	 0.0305408	 0.0313576	         	         	         	         	         	         	         	         	         	         	         	         	         	         	         	         	         	         	         	         	         	         	         	         	         	         	         	         	         	         	         	         	         	         	         	         	         	         	         	         	
         	         	         	         	         	         	         	         	         	         	         	         	         	         	         	         	 0.0215194	 0.0303874	 0.0333022	 0.0335706	 0.0335564	 0.0326122	 0.0303836	 0.0272637	 0.0241611	 0.0217945	 0.0200994	 0.0192739	 0.0177285	 0.0159322	 0.0143322	  0.013427	  0.013129	 0.0131787	 0.0138238	 0.0141905	 0.0125109	 0.0125804	 0.0134666	 0.0141279	  0.014877	 0.0151259	 0.0150312	 0.0147725	 0.0144302	 0.0140486	         	         	         	         	         	         	         	         	         	         	         	         	         	         	         	         	         	         	         	         	         	         	         	         	         	         	         	         	         	         	         	         	         	         	         	         	         	         	         	         	
         	         	         	         	         	         	         	         	         	         	         	         	         	         	         	         	 0.0205254	 0.0292836	 0.0322176	 0.0324675	 0.0325273	 0.0316178	 0.0295011	  0.026452	 0.0234122	 0.0210713	 0.0192998	 0.0184162	 0.0168555	 0.0150686	 0.0134654	 0.0125687	 0.0122444	 0.0122541	 0.0128284	  0.013146	 0.0116896	 0.0118544	 0.0123524	 0.0124633	 0.0127693	 0.0127084	 0.0122176	 0.0112954	 0.0101903	0.00908536	         	         	         	         	         	         	         	         	         	         	         	         	         	         	         	         	         	         	         	         	         	         	         	         	         	         	         	         	         	         	         	         	         	         	         	         	         	         	         	         	
         	         	         	         	         	         	         	         	         	         	         	         	         	         	         	         	 0.0223665	 0.0314757	  0.034378	 0.0347219	  0.034613	  0.033562	 0.0312444	 0.0280865	 0.0249402	 0.0225151	  0.020761	 0.0199549	 0.0184085	 0.0166436	  0.015092	 0.0142189	   0.01399	 0.0141044	 0.0148445	 0.0152651	   0.01336	  0.013346	 0.0146597	 0.0159641	 0.0172554	 0.0179587	 0.0184475	 0.0188024	 0.0192307	 0.0197108	         	         	         	         	         	         	         	         	         	         	         	         	         	         	         	         	         	         	         	         	         	         	         	         	         	         	         	         	         	         	         	         	         	         	         	         	         	         	         	         	
         	         	         	         	         	         	         	         	         	         	         	         	         	         	         	         	  0.020838	 0.0250732	 0.0259125	 0.0251416	 0.0245606	 0.0249841	 0.0234359	 0.0207942	  0.017835	 0.0156195	 0.0136448	 0.0116004	 0.0128565	 0.0118432	 0.0122195	 0.0117508	 0.0111018	 0.0103279	0.00989413	0.00944519	0.00795958	0.00762938	0.00785215	0.00802367	0.00828878	0.00831438	0.00818138	0.00797476	0.00773256	0.00748214	         	         	         	         	         	         	         	         	         	         	         	         	         	         	         	         	         	         	         	         	         	         	         	         	         	         	         	         	         	         	         	         	         	         	         	         	         	         	         	         	
         	         	         	         	         	         	         	         	         	         	         	         	         	         	         	         	 0.0198824	 0.0240835	 0.0249527	 0.0241846	 0.0237003	 0.0241933	 0.0227035	  0.020133	 0.0172352	 0.0150733	 0.0130557	 0.0110283	  0.012213	 0.0111974	 0.0115017	 0.0109994	 0.0103554	0.00959072	0.00915783	0.00873411	0.00739823	0.00715455	0.00723803	 0.0071209	0.00716029	0.00702651	0.00669331	0.00614877	0.00555856	0.00493614	         	         	         	         	         	         	         	         	         	         	         	         	         	         	         	         	         	         	         	         	         	         	         	         	         	         	         	         	         	         	         	         	         	         	         	         	         	         	         	         	
         	         	         	         	         	         	         	         	         	         	         	         	         	         	         	         	 0.0216607	 0.0260121	  0.026824	 0.0260189	 0.0253825	 0.0257623	 0.0241483	 0.0214748	 0.0184664	 0.0161946	 0.0141615	 0.0120565	 0.0133666	 0.0123801	 0.0128307	 0.0124268	 0.0118029	 0.0110445	 0.0106318	 0.0101475	0.00855458	 0.0081441	0.00853465	0.00902489	0.00956423	0.00982026	0.00995385	0.00998214	 0.0101628	 0.0103122	         	         	         	         	         	         	         	         	         	         	         	         	         	         	         	         	         	         	         	         	         	         	         	         	         	         	         	         	         	         	         	         	         	         	         	         	         	         	         	         	
         	         	         	         	         	         	         	         	         	         	         	         	         	         	         	         	 0.0199878	 0.0206368	 0.0198317	 0.0183099	 0.0168432	 0.0172139	  0.015963	 0.0139203	 0.0116953	  0.010196	0.00888804	0.00742513	0.00853245	0.00770815	0.00698853	0.00640153	0.00823292	0.00778125	0.00733265	0.00677544	0.00558935	0.00518734	0.00518711	 0.0052133	0.00533632	0.00532534	0.00522246	0.00508005	 0.0049212	0.00475242	         	         	         	         	         	         	         	         	         	         	         	         	         	         	         	         	         	         	         	         	         	         	         	         	         	         	         	         	         	         	         	         	         	         	         	         	         	         	         	         	
         	         	         	         	         	         	         	         	         	         	         	         	         	         	         	         	 0.0190775	 0.0197528	 0.0190311	 0.0175733	 0.0161643	 0.0165765	 0.0154202	 0.0134121	  0.011257	0.00980951	 0.0084752	0.00702566	0.00806344	0.00725452	  0.006543	0.00595177	0.00765412	0.00721595	0.00678487	0.00625398	 0.0051715	0.00484169	0.00478878	 0.0046554	0.00464955	0.00453485	0.00431581	0.00397137	0.00360773	0.00321834	         	         	         	         	         	         	         	         	         	         	         	         	         	         	         	         	         	         	         	         	         	         	         	         	         	         	         	         	         	         	         	         	         	         	         	         	         	         	         	         	
         	         	         	         	         	         	         	         	         	         	         	         	         	         	         	         	 0.0207961	 0.0214906	 0.0205843	 0.0189687	  0.017462	 0.0178196	 0.0165382	   0.01445	 0.0121659	 0.0106152	0.00925823	0.00774078	0.00891944	0.00811547	0.00738993	0.00678673	0.00876074	0.00833038	0.00788419	0.00729829	0.00601414	0.00553188	0.00561418	0.00581847	0.00611354	0.00626728	0.00629381	0.00630538	0.00635199	 0.0064575	         	         	         	         	         	         	         	         	         	         	         	         	         	         	         	         	         	         	         	         	         	         	         	         	         	         	         	         	         	         	         	         	         	         	         	         	         	         	         	         	
    156229	    200749	    223697	    243826	    260812	    273771	    284844	    297132	    310753	    327145	    348305	    376308	    410577	    451918	    501588	    560509	    623749	    682538	    728048	    760453	    779388	    777691	    755546	    718287	    677965	    639482	    598708	    555010	    524682	    503684	    489010	    481825	    479877	    486830	    507326	    524747	    493652	    496477	    520553	    545978	    576816	    598553	    610166	    614803	    614567	    611078	         	         	         	         	         	         	         	         	         	         	         	         	         	         	         	         	         	         	         	         	         	         	         	         	         	         	         	         	         	         	         	         	         	         	         	         	         	         	         	         	
    156229	    199480	    220355	    238476	    252973	    263011	    271954	    282133	    293735	    308187	    327472	    353586	    386069	    426062	    474265	    531748	    593666	    651804	    698111	    731343	    750385	    750668	    729257	    694576	    654494	    616481	    575869	    529848	    496859	    473342	    458378	    450269	    447549	    452838	    471029	    488490	    461070	    466248	    487662	    500012	    516601	    524482	    524954	    510871	    479985	    447170	         	         	         	         	         	         	         	         	         	         	         	         	         	         	         	         	         	         	         	         	         	         	         	         	         	         	         	         	         	         	         	         	         	         	         	         	         	         	         	         	
    156229	    202123	    226636	    248903	    267959	    283307	    296585	    310917	    326314	    344503	    367209	    396456	    431857	    474206	    524892	    584887	    648839	    708257	    754353	    786115	    805266	    803692	    781435	    744231	    703561	    665102	    623639	    579389	    549364	    528295	    514662	    507910	    506874	    516533	    542073	    559604	    523216	    524199	    556278	    597180	    646370	    682921	    713454	    735697	    759351	    784448	         	         	         	         	         	         	         	         	         	         	         	         	         	         	         	         	         	         	         	         	         	         	         	         	         	         	         	         	         	         	         	         	         	         	         	         	         	         	         	         	
   98923.5	    128182	    142775	    155488	    166045	    173824	    179766	    186935	    194911	    204430	    216717	    233015	    252780	    276351	    304484	    337627	    372647	    404125	    426741	    441272	    448540	    444028	    428180	    404780	    380822	    359082	    336684	    313581	    296940	    285023	    277013	    273459	    273241	    278326	    291500	    302667	    283592	    285066	    299435	    315191	    334754	    348359	    355343	    357850	    357310	    354754	         	         	         	         	         	         	         	         	         	         	         	         	         	         	         	         	         	         	         	         	         	         	         	         	         	         	         	         	         	         	         	         	         	         	         	         	         	         	         	         	
   98923.5	    127358	    140571	    151776	    160524	    166588	    171141	    176939	    183630	    191945	    203095	    218313	    237386	    259974	    287211	    319669	    354348	    385606	    408895	    423971	    431293	    427629	    411944	    389494	    367490	    345325	    322403	    299552	    281144	    267464	    258413	    254179	    253133	    257495	    269909	    281001	    264238	    267172	    278605	    286407	    296943	    302108	    302166	    292831	    274521	    253239	         	         	         	         	         	         	         	         	         	         	         	         	         	         	         	         	         	         	         	         	         	         	         	         	         	         	         	         	         	         	         	         	         	         	         	         	         	         	         	         	
   98923.5	    129195	    144757	    158822	    170883	    180170	    187554	    196057	    205201	    215875	    229160	    245997	    266262	    290373	    319102	    352805	    388150	    420222	    442956	    457258	    464732	    460310	    444688	    421607	    396927	    375038	    352575	    329291	    312591	    300731	    292852	    289654	    290619	    297970	    313646	    324521	    302715	    303279	    321385	    346697	    377355	    401711	    419797	    434620	    448822	    465467	         	         	         	         	         	         	         	         	         	         	         	         	         	         	         	         	         	         	         	         	         	         	         	         	         	         	         	         	         	         	         	         	         	         	         	         	         	         	         	         	
   57305.1	   72566.1	   80922.8	     88338	   94766.4	   99947.6	    105078	    110197	    115842	    122715	    131588	    143293	    157797	    175567	    197104	    222882	    251102	    278413	    301306	    319180	    330848	    333663	    327366	    313507	    297143	    280399	    262024	    241428	    227741	    218661	    211997	    208366	    206635	    208504	    215825	    222080	    210060	    211410	    221118	    230786	    242062	    250194	    254823	    256953	    257257	    256324	         	         	         	         	         	         	         	         	         	         	         	         	         	         	         	         	         	         	         	         	         	         	         	         	         	         	         	         	         	         	         	         	         	         	         	         	         	         	         	         	
   57305.1	   72099.6	     79713	     86350	     92029	   96422.9	    100714	    105044	    109960	    116036	    124053	    134899	    148620	    165779	    186946	    212207	    239795	    266621	    289409	    307289	    319462	    322825	    316785	    303169	    286995	    270473	    251472	    230296	    215715	    206318	    199590	    195913	    193748	    195357	    202306	    208422	    197430	    199248	    208307	    213306	    219354	    222730	    223182	    218792	    206112	    194946	         	         	         	         	         	         	         	         	         	         	         	         	         	         	         	         	         	         	         	         	         	         	         	         	         	         	         	         	         	         	         	         	         	         	         	         	         	         	         	         	
   57305.1	   73022.5	   81941.5	   90021.2	   97197.8	    103138	    109052	    114973	    121434	    129027	    138555	    150958	    166095	    184373	    206420	    232768	    261542	    289124	    311965	    330095	    341862	    344063	    337831	    323906	    307406	    290429	    271672	    250885	    237247	    228271	    221810	    218399	    217116	    219118	    226998	    233848	    220806	    222072	    235046	    250483	    267556	    281891	    293027	    302032	    310528	    320049	         	         	         	         	         	         	         	         	         	         	         	         	         	         	         	         	         	         	         	         	         	         	         	         	         	         	         	         	         	         	         	         	         	         	         	         	         	         	         	         	
   18.4576	   84.4772	   305.032	   942.417	   2383.19	   5016.61	   9217.35	   15465.2	   24150.5	   35657.1	   50496.5	   69338.5	   92131.2	    118851	    150134	    186249	    224066	    259100	    287327	    308897	    321798	    322702	    312432	    292787	    270971	    249644	    225895	    198300	    181009	    169475	    160285	    154150	    148937	    147436	    152046	    153379	    132966	    132007	    140018	    146261	    153101	    154119	    151418	    147165	    142272	    137278	         	         	         	         	         	         	         	         	         	         	         	         	         	         	         	         	         	         	         	         	         	         	         	         	         	         	         	         	         	         	         	         	         	         	         	         	         	         	         	         	
   18.4576	   83.5501	   300.207	   918.079	   2301.06	   4799.84	   8749.56	   14589.4	   22682.8	   33402.4	   47266.9	   64970.4	   86556.5	    111984	    141874	    176520	    212906	    246561	    274131	    295188	    308046	    309223	    298908	    279057	    257619	    236676	    213410	    186623	    169677	    158499	    149665	    143143	    137810	    136057	    140347	    141713	    123780	    123955	    128234	    128698	    130974	    129268	    122622	    111479	   98268.4	   85669.1	         	         	         	         	         	         	         	         	         	         	         	         	         	         	         	         	         	         	         	         	         	         	         	         	         	         	         	         	         	         	         	         	         	         	         	         	         	         	         	         	
   18.4576	   85.7879	   309.994	   963.659	   2459.91	   5224.26	   9677.89	   16345.1	     25603	   37878.5	   53647.4	   73519.4	   97311.6	    125105	    157608	    194937	    233544	    269817	    298637	    320842	    333952	    334449	    324070	    304052	    281835	    260099	    236363	    207829	    189937	    178142	    169838	    164779	    160025	    158923	    164114	    165286	    142363	    140263	    153071	    165651	    177615	    183306	    186764	    188862	    189885	    192690	         	         	         	         	         	         	         	         	         	         	         	         	         	         	         	         	         	         	         	         	         	         	         	         	         	         	         	         	         	         	         	         	         	         	         	         	         	         	         	         	
    156210	    200664	    223392	    242884	    258429	    268755	    275627	    281667	    286603	    291488	    297808	    306970	    318446	    333067	    351453	    374260	    399683	    423439	    440720	    451555	    457590	    454990	    443114	    425500	    406993	    389838	    372813	    356709	    343673	    334208	    328725	    327676	    330940	    339394	    355280	    371367	    360685	    364470	    380535	    399716	    423715	    444434	    458748	    467638	    472295	    473800	         	         	         	         	         	         	         	         	         	         	         	         	         	         	         	         	         	         	         	         	         	         	         	         	         	         	         	         	         	         	         	         	         	         	         	         	         	         	         	         	
    156210	    199395	    220055	    237560	    250680	    258127	    262863	    266930	    270062	    273317	    278302	    286939	    298370	    313148	    331574	    353490	    378642	    402029	    418446	    428459	    434652	    432714	    422851	    405385	    388045	    371802	    355482	    340470	    328353	    318285	    310843	    307550	    308626	    315676	    330684	    346546	    337286	    342307	    358285	    370632	    384492	    396630	    401481	    398165	    382030	    360229	         	         	         	         	         	         	         	         	         	         	         	         	         	         	         	         	         	         	         	         	         	         	         	         	         	         	         	         	         	         	         	         	         	         	         	         	         	         	         	         	
    156210	    202038	    226332	    247943	    265512	    278135	    287048	    294866	    301169	    307009	    313892	    323477	    334911	    349750	    368370	    391465	    416832	    440793	    457761	    468805	    475135	    472849	    461294	    443688	    425129	    407541	    390761	    374948	    362484	    353357	    347822	    346566	    350024	    359392	    376036	    393014	    381482	    384902	    406260	    432325	    466703	    500928	    527305	    548841	    569745	    590279	         	         	         	         	         	         	         	         	         	         	         	         	         	         	         	         	         	         	         	         	         	         	         	         	         	         	         	         	         	         	         	         	         	         	         	         	         	         	         	         	
   1.53658	   1.86653	   1.97457	   2.05145	   2.10044	   2.10938	    2.0818	    2.0196	   1.94581	   1.86052	   1.77379	   1.69372	   1.63923	   1.59494	   1.56378	   1.55231	   1.56296	   1.58931	   1.62132	   1.63099	   1.66404	   1.70336	   1.71906	   1.69461	   1.65744	   1.63681	    1.6218	   1.57921	   1.55066	   1.52806	   1.51102	   1.51042	     1.508	   1.49802	   1.59817	   2.11699	   1.79567	   1.62748	   1.66858	   1.69963	   1.75522	   1.79901	   1.82371	   1.83645	    1.8409	   1.83188	         	         	         	         	         	         	         	         	         	         	         	         	         	         	         	         	         	         	         	         	         	         	         	         	         	         	         	         	         	         	         	         	         	         	         	         	         	         	         	         	
   1.50745	   1.82995	   1.93259	    2.0017	   2.04422	   2.04589	   2.01108	   1.94339	   1.86477	   1.77795	   1.69199	   1.61437	   1.56346	   1.52418	   1.49766	   1.48777	   1.49806	   1.52168	   1.55209	   1.56041	   1.59188	   1.62992	   1.64536	   1.62221	   1.58696	   1.56806	   1.55444	   1.51489	   1.49038	   1.46638	   1.45093	   1.45279	   1.44936	   1.44036	    1.5354	   1.99591	    1.6957	   1.47233	   1.54398	   1.59109	   1.65801	    1.7104	   1.74207	   1.74718	   1.73669	   1.68887	         	         	         	         	         	         	         	         	         	         	         	         	         	         	         	         	         	         	         	         	         	         	         	         	         	         	         	         	         	         	         	         	         	         	         	         	         	         	         	         	
   1.56721	   1.90621	   2.02537	   2.11107	   2.16717	   2.18307	   2.16168	   2.10326	   2.03103	   1.94495	   1.85552	   1.77148	    1.7164	   1.67089	    1.6382	   1.62436	   1.63263	   1.65962	   1.69014	   1.69908	    1.7321	   1.77187	   1.78694	   1.76067	   1.72279	   1.70317	   1.68859	   1.64089	   1.61385	   1.59261	   1.57679	   1.57751	   1.57565	   1.56511	   1.67236	   2.23095	   1.89472	   1.78917	   1.80405	   1.82269	   1.86777	   1.90385	    1.9172	   1.93297	   1.94816	   1.97489	         	         	         	         	         	         	         	         	         	         	         	         	         	         	         	         	         	         	         	         	         	         	         	         	         	         	         	         	         	         	         	         	         	         	         	         	         	         	         	         	
   1.46394	    1.7937	   1.89676	   1.96909	   2.01363	    2.0181	    1.9872	   1.92404	   1.85469	   1.77585	   1.69733	   1.62678	   1.58259	   1.54847	   1.52806	   1.52717	   1.54776	   1.58089	   1.61729	   1.62986	   1.66509	   1.70409	   1.71692	   1.68923	   1.64987	   1.62639	   1.60649	   1.56207	   1.53114	   1.50557	   1.48617	   1.48308	   1.47602	   1.46376	   1.56639	   2.11404	   1.77359	   1.59826	   1.64181	   1.67784	   1.74177	   1.79135	   1.81889	   1.83284	   1.83779	   1.82837	         	         	         	         	         	         	         	         	         	         	         	         	         	         	         	         	         	         	         	         	         	         	         	         	         	         	         	         	         	         	         	         	         	         	         	         	         	         	         	         	
   1.42825	   1.75805	   1.85144	   1.91454	    1.9526	   1.95202	   1.91297	     1.844	   1.77034	   1.68944	    1.6104	   1.54263	   1.50246	   1.47259	   1.45411	   1.45328	   1.47289	   1.50241	    1.5369	   1.54827	    1.5819	    1.6187	   1.63112	   1.60566	   1.56804	   1.54491	   1.52369	   1.48465	   1.45703	   1.43622	   1.42117	   1.41907	   1.41271	   1.39985	   1.49905	   1.98848	   1.67128	   1.44084	   1.51346	   1.56704	   1.64624	   1.70227	   1.73468	   1.74028	   1.72182	   1.66486	         	         	         	         	         	         	         	         	         	         	         	         	         	         	         	         	         	         	         	         	         	         	         	         	         	         	         	         	         	         	         	         	         	         	         	         	         	         	         	         	
   1.49842	   1.83512	   1.94881	   2.02979	    2.0813	   2.09265	   2.06778	   2.00811	   1.94014	   1.86264	   1.78311	   1.71387	   1.66878	   1.63084	   1.60631	   1.60228	   1.62116	    1.6557	   1.69146	   1.70399	   1.73931	   1.77886	    1.7917	   1.76332	   1.72355	   1.70088	   1.68289	   1.63611	   1.60197	   1.57737	   1.55775	   1.55488	   1.54792	   1.53705	   1.64734	   2.23816	   1.88011	   1.76777	   1.78177	   1.80305	   1.85701	   1.89859	   1.91678	   1.93678	   1.95658	   1.99138	         	         	         	         	         	         	         	         	         	         	         	         	         	         	         	         	         	         	         	         	         	         	         	         	         	         	         	         	         	         	         	         	         	         	         	         	         	         	         	         	
   1.68059	   2.01078	   2.12867	    2.2145	    2.2721	   2.28949	   2.26642	   2.20544	   2.12116	   2.02107	   1.91594	   1.81519	   1.73895	   1.67405	    1.6224	   1.59203	    1.5861	    1.6017	   1.62707	   1.63257	   1.66262	   1.70241	   1.72189	   1.70164	   1.66726	   1.65037	   1.64193	   1.60206	   1.57689	   1.55843	    1.5448	   1.54789	    1.5525	   1.54635	   1.64321	   2.12104	   1.82637	   1.66867	   1.70629	   1.73035	   1.77415	   1.80976	   1.83043	   1.84144	   1.84513	   1.83657	         	         	         	         	         	         	         	         	         	         	         	         	         	         	         	         	         	         	         	         	         	         	         	         	         	         	         	         	         	         	         	         	         	         	         	         	         	         	         	         	
   1.65286	   1.97625	   2.08335	    2.1657	   2.21849	   2.23084	   2.19877	    2.1329	   2.04656	   1.94592	   1.84129	   1.74194	   1.66734	   1.60548	   1.55784	   1.53159	   1.52886	   1.54156	   1.56859	   1.57461	   1.60464	   1.64419	   1.66447	   1.64606	    1.6136	   1.59686	   1.58596	   1.54694	   1.52179	   1.50634	   1.49176	   1.49346	   1.49583	   1.48933	   1.57818	   2.00607	   1.72986	    1.5191	   1.58537	   1.62433	   1.67751	   1.71992	    1.7502	   1.75911	   1.75385	   1.71792	         	         	         	         	         	         	         	         	         	         	         	         	         	         	         	         	         	         	         	         	         	         	         	         	         	         	         	         	         	         	         	         	         	         	         	         	         	         	         	         	
   1.70712	   2.04688	   2.17614	   2.27122	   2.33634	   2.36098	   2.34453	   2.28797	   2.20568	   2.10508	   1.99741	   1.89276	   1.81199	   1.74229	   1.68662	   1.65365	   1.64685	   1.66547	   1.69047	   1.69617	   1.72624	   1.76615	   1.78466	   1.76238	   1.72599	   1.70779	   1.69875	   1.65746	   1.63285	   1.61488	   1.60176	   1.60608	   1.61203	    1.6065	   1.70918	   2.22037	   1.91538	   1.82114	   1.83662	   1.84628	   1.88112	   1.90989	   1.91893	   1.93059	   1.93996	   1.95288	         	         	         	         	         	         	         	         	         	         	         	         	         	         	         	         	         	         	         	         	         	         	         	         	         	         	         	         	         	         	         	         	         	         	         	         	         	         	         	         	
  0.270494	   0.47126	  0.565314	  0.652341	  0.725855	  0.776848	  0.809382	   0.82783	   0.84417	  0.857427	  0.870666	  0.885858	  0.911466	  0.934556	  0.959588	  0.991563	   1.02784	   1.06319	   1.09498	   1.10839	   1.13365	   1.15685	   1.15845	   1.12353	   1.07895	   1.05074	   1.02356	   0.96545	  0.935968	  0.918412	  0.903737	  0.903097	  0.899227	  0.891038	  0.966433	   1.31756	   1.03204	  0.926315	  0.973135	   0.99883	   1.03522	   1.04415	    1.0354	   1.02093	   1.00453	   0.98362	         	         	         	         	         	         	         	         	         	         	         	         	         	         	         	         	         	         	         	         	         	         	         	         	         	         	         	         	         	         	         	         	         	         	         	         	         	         	         	         	
  0.263284	  0.464784	  0.553145	  0.634458	  0.703439	  0.750461	  0.779415	  0.795385	  0.810166	  0.822318	  0.834511	  0.849266	  0.874521	  0.898258	  0.923334	  0.954055	  0.987362	   1.02143	   1.05288	   1.06575	    1.0907	   1.11386	   1.11627	   1.08356	   1.04177	   1.01553	  0.989285	  0.931077	  0.902611	  0.883782	  0.867928	   0.86731	  0.862453	  0.852408	  0.921651	   1.23986	  0.973627	  0.827004	  0.907874	  0.946144	  0.984388	  0.991396	  0.970573	  0.934528	  0.896759	  0.841976	         	         	         	         	         	         	         	         	         	         	         	         	         	         	         	         	         	         	         	         	         	         	         	         	         	         	         	         	         	         	         	         	         	         	         	         	         	         	         	         	
  0.276791	  0.477427	  0.578011	  0.672081	   0.75134	  0.807176	  0.843413	  0.864402	  0.882633	  0.897227	  0.911362	  0.927155	  0.953307	  0.976867	    1.0028	   1.03639	    1.0746	   1.11339	   1.14539	   1.15917	   1.18435	    1.2071	   1.20704	   1.16936	   1.12191	   1.09143	   1.06238	   1.00156	  0.970679	  0.952451	   0.93721	  0.936501	  0.932802	  0.925567	   1.00582	   1.39191	   1.08875	   1.02882	   1.04077	   1.05336	   1.08616	   1.09521	   1.10061	   1.10754	   1.11516	   1.12538	         	         	         	         	         	         	         	         	         	         	         	         	         	         	         	         	         	         	         	         	         	         	         	         	         	         	         	         	         	         	         	         	         	         	         	         	         	         	         	         	
   1.53743	   1.86886	   1.98132	   2.06866	   2.13778	   2.17915	   2.19733	   2.19295	   2.18622	   2.17125	   2.15237	   2.13315	   2.13171	   2.13278	   2.13924	   2.16039	   2.20727	   2.27965	   2.36139	   2.40756	   2.48002	   2.56164	   2.60932	   2.60598	   2.57733	   2.54607	   2.51078	   2.44206	   2.37038	   2.30313	    2.2471	   2.20911	   2.16852	   2.12739	   2.21865	   2.82479	   2.46917	   2.24232	   2.26295	   2.28509	   2.34232	   2.39856	   2.43288	   2.44903	   2.45141	   2.43447	         	         	         	         	         	         	         	         	         	         	         	         	         	         	         	         	         	         	         	         	         	         	         	         	         	         	         	         	         	         	         	         	         	         	         	         	         	         	         	         	
   1.50828	   1.83221	   1.93921	   2.01844	   2.08041	   2.11399	    2.1233	   2.11063	   2.09497	   2.07394	   2.05405	   2.03581	    2.0336	   2.03447	   2.04153	    2.0635	   2.11166	   2.17623	   2.25655	   2.30021	   2.37141	   2.45031	   2.49296	   2.48785	   2.45784	   2.42741	   2.39622	   2.33283	   2.26081	   2.19872	   2.14802	   2.11504	   2.07757	   2.03575	   2.12565	   2.65866	   2.32458	   2.04884	   2.09487	   2.13365	   2.20983	   2.27838	   2.32384	   2.34044	   2.32008	   2.24336	         	         	         	         	         	         	         	         	         	         	         	         	         	         	         	         	         	         	         	         	         	         	         	         	         	         	         	         	         	         	         	         	         	         	         	         	         	         	         	         	
   1.56808	    1.9086	   2.03232	   2.12884	   2.20579	   2.25549	   2.28208	   2.28469	   2.28361	   2.27243	   2.25547	   2.23645	   2.23363	   2.23198	   2.23542	    2.2547	   2.30115	    2.3792	   2.46263	   2.51112	   2.58641	   2.67178	   2.72188	   2.71888	   2.68977	   2.65875	   2.62412	   2.55508	   2.48368	   2.41614	   2.35948	   2.31971	   2.27681	   2.23214	    2.3271	   2.98602	   2.61594	    2.4488	   2.44879	   2.45358	   2.50318	    2.5411	   2.56617	   2.57212	   2.58996	   2.60478	         	         	         	         	         	         	         	         	         	         	         	         	         	         	         	         	         	         	         	         	         	         	         	         	         	         	         	         	         	         	         	         	         	         	         	         	         	         	         	         	
 0.0335707	 0.0364721	  0.037664	 0.0389344	 0.0404962	 0.0424939	 0.0448922	 0.0477137	  0.051022	 0.0547932	  0.058934	 0.0633041	 0.0676928	 0.0720907	  0.076264	 0.0801208	 0.0836922	  0.087637	  0.091612	 0.0953277	 0.0985626	  0.101722	  0.104492	  0.106896	  0.108811	  0.109844	  0.110375	  0.109414	  0.108938	  0.108814	  0.108295	  0.107564	  0.106219	  0.105256	  0.104486	  0.103612	  0.102734	  0.102368	  0.102175	  0.101662	  0.101058	  0.100918	  0.100979	  0.101128	  0.101288	  0.101483	         	         	         	         	         	         	         	         	         	         	         	         	         	         	         	         	         	         	         	         	         	         	         	         	         	         	         	         	         	         	         	         	         	         	         	         	         	         	         	         	
 0.0335707	 0.0363143	 0.0373538	 0.0384776	 0.0398939	  0.041745	 0.0440163	 0.0467295	 0.0499447	 0.0536351	 0.0577049	 0.0620107	 0.0663383	 0.0706684	 0.0747586	 0.0784852	 0.0818672	 0.0856347	 0.0894533	 0.0930302	 0.0961602	 0.0992476	  0.101978	  0.104367	  0.106286	  0.107343	  0.107919	  0.107035	  0.106614	  0.106531	  0.106052	  0.105357	  0.104055	  0.103115	  0.102352	  0.101464	  0.100579	   0.10021	  0.100012	 0.0994937	 0.0988646	 0.0985985	  0.098312	 0.0979592	 0.0975745	 0.0970895	         	         	         	         	         	         	         	         	         	         	         	         	         	         	         	         	         	         	         	         	         	         	         	         	         	         	         	         	         	         	         	         	         	         	         	         	         	         	         	         	
 0.0335707	 0.0366373	 0.0379854	 0.0393986	 0.0411106	 0.0432569	 0.0457763	 0.0486887	 0.0520621	 0.0560193	 0.0603734	 0.0649793	 0.0696227	   0.07429	 0.0787465	 0.0829029	 0.0867733	 0.0909947	 0.0952103	 0.0991361	   0.10252	  0.105774	   0.10858	   0.11098	  0.112866	  0.113831	  0.114261	   0.11314	  0.112555	  0.112353	  0.111759	  0.110964	   0.10955	  0.108542	  0.107752	  0.106924	  0.106072	  0.105721	  0.105545	   0.10506	  0.104527	  0.104418	  0.104424	  0.104923	  0.105649	   0.10641	         	         	         	         	         	         	         	         	         	         	         	         	         	         	         	         	         	         	         	         	         	         	         	         	         	         	         	         	         	         	         	         	         	         	         	         	         	         	         	         	
 0.0203152	 0.0215762	 0.0219496	 0.0223818	 0.0229615	 0.0237657	  0.024804	 0.0261665	 0.0279257	 0.0301372	   0.03282	 0.0359498	  0.039462	 0.0433181	 0.0473859	  0.051577	 0.0557859	 0.0602427	 0.0647874	 0.0692263	 0.0730375	 0.0765603	 0.0796818	 0.0823479	 0.0844975	 0.0855797	 0.0858549	 0.0840348	  0.083368	 0.0833642	 0.0827892	 0.0819744	 0.0805324	 0.0797875	  0.079544	 0.0795158	 0.0796215	 0.0800255	 0.0804602	 0.0806952	 0.0808024	 0.0810698	 0.0814027	 0.0817347	 0.0820221	 0.0823277	         	         	         	         	         	         	         	         	         	         	         	         	         	         	         	         	         	         	         	         	         	         	         	         	         	         	         	         	         	         	         	         	         	         	         	         	         	         	         	         	
 0.0203152	 0.0215201	 0.0218375	 0.0222134	 0.0227329	 0.0234735	 0.0244521	 0.0257584	  0.027464	 0.0296241	  0.032257	 0.0353377	 0.0387999	 0.0426005	 0.0465638	 0.0505899	 0.0546249	 0.0589148	 0.0633034	 0.0675952	 0.0712937	 0.0747355	 0.0778059	 0.0804459	 0.0825878	 0.0836912	 0.0840127	 0.0822827	 0.0816687	 0.0816982	 0.0811628	 0.0803807	 0.0789712	 0.0782385	 0.0779883	 0.0779342	 0.0780135	 0.0784007	 0.0788101	 0.0790203	 0.0790908	 0.0791822	 0.0793411	 0.0792943	 0.0791396	 0.0789335	         	         	         	         	         	         	         	         	         	         	         	         	         	         	         	         	         	         	         	         	         	         	         	         	         	         	         	         	         	         	         	         	         	         	         	         	         	         	         	         	
 0.0203152	 0.0216524	 0.0221019	 0.0226089	 0.0232637	 0.0241444	 0.0252504	 0.0266708	 0.0284784	 0.0307294	 0.0335061	 0.0368026	  0.040511	 0.0445908	 0.0489112	 0.0533846	 0.0578883	 0.0626312	 0.0674463	 0.0721412	 0.0761444	 0.0798042	 0.0830089	 0.0857122	 0.0878637	 0.0888901	 0.0890629	 0.0870519	 0.0862775	 0.0862087	 0.0855655	 0.0846901	 0.0831779	  0.082401	 0.0821582	 0.0821645	   0.08231	 0.0827397	 0.0831974	 0.0834494	 0.0836057	  0.083864	  0.084282	 0.0847722	 0.0854561	 0.0861715	         	         	         	         	         	         	         	         	         	         	         	         	         	         	         	         	         	         	         	         	         	         	         	         	         	         	         	         	         	         	         	         	         	         	         	         	         	         	         	         	
0.00800071	0.00909188	0.00988707	 0.0105113	 0.0109093	 0.0110715	 0.0111029	 0.0110951	 0.0111378	 0.0112735	  0.011562	 0.0120616	 0.0128224	 0.0137296	 0.0148727	 0.0162552	 0.0176659	 0.0187503	 0.0194445	 0.0198484	 0.0198942	 0.0193472	 0.0182432	 0.0168449	 0.0154897	  0.014291	 0.0130312	 0.0117959	 0.0109439	 0.0103253	0.00989469	0.00966328	0.00956428	0.00966406	  0.010073	  0.010454	0.00986136	0.00964418	0.00987059	 0.0102782	 0.0107723	 0.0109171	 0.0108854	 0.0107381	 0.0105173	 0.0102547	         	         	         	         	         	         	         	         	         	         	         	         	         	         	         	         	         	         	         	         	         	         	         	         	         	         	         	         	         	         	         	         	         	         	         	         	         	         	         	         	
0.00800071	0.00899961	0.00969222	  0.010209	 0.0105033	 0.0105788	  0.010534	  0.010458	  0.010436	 0.0105231	 0.0107626	 0.0112201	 0.0119752	 0.0128731	 0.0139889	  0.015364	 0.0167498	 0.0178207	 0.0185253	 0.0189446	 0.0190092	 0.0185196	 0.0174402	 0.0160935	 0.0148176	 0.0136358	  0.012406	 0.0111361	 0.0102294	0.00955475	0.00910463	0.00886287	0.00875657	0.00885135	0.00925509	0.00965604	0.00915949	0.00899111	0.00913924	0.00930669	0.00953373	0.00946898	0.00916771	0.00855301	0.00783146	0.00703572	         	         	         	         	         	         	         	         	         	         	         	         	         	         	         	         	         	         	         	         	         	         	         	         	         	         	         	         	         	         	         	         	         	         	         	         	         	         	         	         	
0.00800071	0.00918053	 0.0100748	 0.0107926	  0.011286	 0.0115399	  0.011648	 0.0117003	  0.011787	 0.0119524	 0.0122661	 0.0127967	  0.013574	 0.0144843	 0.0156444	  0.017058	   0.01849	 0.0196019	 0.0203048	 0.0207183	 0.0207611	 0.0201872	 0.0190426	 0.0176157	 0.0162229	 0.0150204	 0.0137214	   0.01246	 0.0116107	 0.0109776	 0.0105445	  0.010319	 0.0102227	 0.0103511	 0.0108304	 0.0112368	 0.0105536	 0.0103078	 0.0106815	 0.0113359	 0.0121583	 0.0126104	 0.0128403	 0.0130742	 0.0132878	 0.0135995	         	         	         	         	         	         	         	         	         	         	         	         	         	         	         	         	         	         	         	         	         	         	         	         	         	         	         	         	         	         	         	         	         	         	         	         	         	         	         	         	
 0.0103685	 0.0118182	 0.0128964	 0.0137409	  0.014269	 0.0144661	 0.0145046	 0.0144591	 0.0144843	 0.0146239	 0.0149564	 0.0155567	 0.0164868	 0.0175758	 0.0189467	 0.0205961	 0.0222365	 0.0233822	 0.0239902	 0.0242327	 0.0240641	 0.0231846	 0.0216553	 0.0198619	 0.0181908	 0.0167604	 0.0152823	 0.0138928	 0.0129024	 0.0121655	 0.0116651	  0.011413	 0.0113342	 0.0115058	 0.0120663	 0.0125918	 0.0118455	 0.0115617	 0.0118525	 0.0124182	 0.0131092	 0.0133186	 0.0132844	 0.0130959	 0.0128123	 0.0124752	         	         	         	         	         	         	         	         	         	         	         	         	         	         	         	         	         	         	         	         	         	         	         	         	         	         	         	         	         	         	         	         	         	         	         	         	         	         	         	         	
 0.0103685	  0.011695	 0.0126347	 0.0133328	 0.0137087	 0.0137724	 0.0137034	 0.0135662	 0.0135109	 0.0135798	 0.0138493	 0.0144228	 0.0153294	  0.016401	 0.0177559	  0.019381	 0.0209836	  0.022162	  0.022771	 0.0230114	 0.0228923	 0.0220535	 0.0205957	  0.018881	 0.0172997	 0.0159431	 0.0145129	 0.0131098	 0.0120742	 0.0112601	  0.010704	 0.0104354	 0.0103425	 0.0105017	   0.01105	 0.0115598	 0.0109267	  0.010703	 0.0108823	 0.0111428	 0.0114985	 0.0114245	 0.0110375	 0.0102351	0.00928712	0.00831919	         	         	         	         	         	         	         	         	         	         	         	         	         	         	         	         	         	         	         	         	         	         	         	         	         	         	         	         	         	         	         	         	         	         	         	         	         	         	         	         	
 0.0103685	 0.0119486	 0.0131616	 0.0141388	 0.0147938	 0.0151195	 0.0152653	 0.0153013	 0.0153849	 0.0155639	 0.0159327	 0.0165614	 0.0175089	 0.0186102	  0.019996	 0.0216632	 0.0233365	 0.0245131	 0.0251281	 0.0253772	 0.0252013	 0.0243004	 0.0227117	 0.0208939	  0.019181	 0.0177053	 0.0162008	 0.0148007	 0.0137879	 0.0130337	 0.0125017	 0.0122555	 0.0121888	 0.0124144	 0.0130643	 0.0136537	 0.0127808	 0.0124316	 0.0129033	 0.0138177	 0.0149425	 0.0155431	 0.0159124	 0.0162081	 0.0165569	 0.0169532	         	         	         	         	         	         	         	         	         	         	         	         	         	         	         	         	         	         	         	         	         	         	         	         	         	         	         	         	         	         	         	         	         	         	         	         	         	         	         	         	
0.00573848	0.00650093	0.00704277	0.00747471	0.00776584	0.00791006	0.00797404	0.00800782	0.00807347	0.00821251	 0.0084673	0.00888144	0.00949738	  0.010248	 0.0111919	 0.0123388	 0.0135454	 0.0145695	 0.0153355	 0.0158788	 0.0161109	 0.0158588	 0.0151325	 0.0140873	  0.013015	 0.0120237	   0.01096	0.00986675	0.00914259	0.00863343	0.00826741	0.00805563	0.00793865	0.00797324	0.00824353	0.00849174	0.00803946	0.00788348	0.00805135	0.00831448	0.00862862	0.00871493	0.00868624	0.00857734	0.00841494	0.00822121	         	         	         	         	         	         	         	         	         	         	         	         	         	         	         	         	         	         	         	         	         	         	         	         	         	         	         	         	         	         	         	         	         	         	         	         	         	         	         	         	
0.00573848	0.00643943	0.00691505	0.00728301	0.00751483	0.00759704	0.00760063	0.00758269	0.00760547	0.00770312	0.00793477	0.00831879	 0.0089078	0.00963178	 0.0105549	  0.011687	  0.012881	 0.0138868	 0.0146468	 0.0151828	 0.0154512	 0.0152421	 0.0145545	 0.0135409	 0.0124896	 0.0115011	 0.0104011	0.00928838	0.00853795	0.00803435	0.00767455	0.00746889	0.00732289	0.00735684	0.00762272	0.00787749	0.00749355	0.00738898	0.00750375	0.00761262	0.00774639	0.00768901	0.00747409	0.00703196	0.00647604	0.00586628	         	         	         	         	         	         	         	         	         	         	         	         	         	         	         	         	         	         	         	         	         	         	         	         	         	         	         	         	         	         	         	         	         	         	         	         	         	         	         	         	
0.00573848	 0.0065608	0.00716332	0.00764959	0.00800247	0.00820603	0.00832892	0.00840759	0.00850788	 0.0086863	0.00896603	0.00939853	 0.0100248	  0.010783	 0.0117285	  0.012899	 0.0141301	 0.0151885	 0.0159587	 0.0165002	 0.0167308	 0.0164776	 0.0157351	 0.0146701	 0.0135729	 0.0125608	  0.011464	 0.0103411	0.00960249	0.00909795	0.00874163	0.00854673	0.00843235	0.00847283	0.00877435	 0.0090422	0.00854557	0.00840123	0.00865156	0.00910663	0.00961635	0.00990324	 0.0100784	 0.0102037	 0.0103579	 0.0105138	         	         	         	         	         	         	         	         	         	         	         	         	         	         	         	         	         	         	         	         	         	         	         	         	         	         	         	         	         	         	         	         	         	         	         	         	         	         	         	         	
         	         	         	         	         	         	         	         	         	         	         	         	         	         	         	         	         	         	         	         	         	         	         	         	         	         	         	         	         	         	         	         	         	         	         	         	         	         	         	         	         	         	         	         	         	         	         	         	         	         	         	         	         	         	         	         	         	         	         	         	         	         	         	         	         	         	         	         	         	         	         	         	         	         	         	         	         	         	         	         	         	         	         	         	         	         	
         	         	         	         	         	         	         	         	         	         	         	         	         	         	         	         	         	         	         	         	         	         	         	         	         	         	         	         	         	         	         	         	         	         	         	         	         	         	         	         	         	         	         	         	         	         	         	         	         	         	         	         	         	         	         	         	         	         	         	         	         	         	         	         	         	         	         	         	         	         	         	         	         	         	         	         	         	         	         	         	         	         	         	         	         	         	
         	         	         	         	         	         	         	         	         	         	         	         	         	         	         	         	         	         	         	         	         	         	         	         	         	         	         	         	         	         	         	         	         	         	         	         	         	         	         	         	         	         	         	         	         	         	         	         	         	         	         	         	         	         	         	         	         	         	         	         	         	         	         	         	         	         	         	         	         	         	         	         	         	         	         	         	         	         	         	         	         	         	         	         	         	         	
    563870	    552624	    567998	    627071	    723807	    818395	    922711	1.03105e+06	1.13252e+06	1.21724e+06	1.27176e+06	1.2875e+06	1.31754e+06	1.29103e+06	1.23418e+06	1.24389e+06	1.43066e+06	1.62032e+06	1.72426e+06	1.88651e+06	2.15733e+06	2.46003e+06	2.64128e+06	2.77801e+06	2.88782e+06	3.15338e+06	3.17793e+06	3.16445e+06	3.11383e+06	3.0287e+06	2.94122e+06	2.8056e+06	2.55167e+06	2.21653e+06	1.7292e+06	1.5314e+06	1.91487e+06	2.06724e+06	2.52216e+06	2.67746e+06	3.06667e+06	3.30083e+06	3.53184e+06	3.75981e+06	3.98374e+06	4.01505e+06	         	         	         	         	         	         	         	         	         	         	         	         	         	         	         	         	         	         	         	         	         	         	         	         	         	         	         	         	         	         	         	         	         	         	         	         	         	         	         	         	
    525399	    512047	    523191	    575428	    661901	    746240	    840330	    941923	1.04083e+06	1.12221e+06	1.18065e+06	1.20641e+06	1.24218e+06	1.2221e+06	1.17125e+06	1.18196e+06	1.36434e+06	1.54764e+06	1.65149e+06	1.80802e+06	2.06522e+06	2.3536e+06	2.52781e+06	2.65968e+06	2.75115e+06	2.98596e+06	2.99865e+06	2.98135e+06	2.92526e+06	2.83458e+06	2.73388e+06	2.60267e+06	2.36638e+06	2.05283e+06	1.59602e+06	1.40924e+06	1.76566e+06	1.90977e+06	2.29425e+06	2.37899e+06	2.61626e+06	2.60115e+06	2.54957e+06	2.43783e+06	2.35174e+06	2.38128e+06	         	         	         	         	         	         	         	         	         	         	         	         	         	         	         	         	         	         	         	         	         	         	         	         	         	         	         	         	         	         	         	         	         	         	         	         	         	         	         	         	
    595433	    587957	    610190	    678720	    789650	    893015	1.0043e+06	1.11704e+06	1.21841e+06	1.29779e+06	1.34267e+06	1.34568e+06	1.37083e+06	1.33886e+06	1.27875e+06	1.28871e+06	1.48183e+06	1.67825e+06	1.78666e+06	1.95892e+06	2.23882e+06	2.56252e+06	2.75577e+06	2.91023e+06	3.03646e+06	3.32589e+06	3.35677e+06	3.35187e+06	3.31574e+06	3.25729e+06	3.19369e+06	3.07365e+06	2.81736e+06	2.46163e+06	1.92634e+06	1.69496e+06	2.08674e+06	2.24564e+06	2.7751e+06	3.01402e+06	3.66068e+06	4.25701e+06	4.84779e+06	5.4652e+06	6.10047e+06	6.13192e+06	         	         	         	         	         	         	         	         	         	         	         	         	         	         	         	         	         	         	         	         	         	         	         	         	         	         	         	         	         	         	         	         	         	         	         	         	         	         	         	         	
   49591.9	   49184.2	   51977.8	   58307.2	   66946.8	   74091.9	   81089.7	   88272.8	     95541	    102951	    110303	    117412	    127562	    134646	    140091	    152246	    182068	    209947	    225494	    244941	    269395	    287555	    306291	    315492	    313380	    317845	    320723	    307879	    297776	    284556	    269008	    253587	    239635	    221058	    186324	    151238	    180899	    196199	    180542	    166325	    192542	    209563	    221942	    230531	    236130	    229934	         	         	         	         	         	         	         	         	         	         	         	         	         	         	         	         	         	         	         	         	         	         	         	         	         	         	         	         	         	         	         	         	         	         	         	         	         	         	         	         	
   47377.8	   46789.8	   49469.4	   55539.2	   63808.9	   71248.8	   78678.4	   86315.7	   94028.9	    101889	    109667	    117169	    127331	    134327	    139693	    151924	    181793	    209750	    225294	    244794	    269168	    287249	    305919	    315098	    313045	    317508	    320347	    307477	    297352	    284172	    268705	    253347	    239215	    220561	    185604	    150035	    180404	    189921	    178959	    164581	    163110	    156139	    146915	    138068	    126546	    131046	         	         	         	         	         	         	         	         	         	         	         	         	         	         	         	         	         	         	         	         	         	         	         	         	         	         	         	         	         	         	         	         	         	         	         	         	         	         	         	         	
   51764.6	   51595.1	   54527.4	   61115.4	   70116.9	   76970.6	     83564	   90312.4	     97096	    104044	    110938	    117670	    127768	    134882	    140356	    152520	    182371	    210139	    225685	    245131	    269616	    287813	    306608	    315804	    313635	    318168	    321059	    308198	    298066	    284800	    269211	    253846	    240131	    221645	    187008	    152892	    181526	    203000	    182192	    167813	    232415	    273163	    300105	    314753	    320251	    297021	         	         	         	         	         	         	         	         	         	         	         	         	         	         	         	         	         	         	         	         	         	         	         	         	         	         	         	         	         	         	         	         	         	         	         	         	         	         	         	         	
   2533.72	   2455.42	   2505.69	   2750.33	   3167.84	   3585.31	   4044.63	   4516.67	   4947.89	   5290.33	   5479.05	   5474.06	   5502.87	   5293.03	   4940.63	   4843.25	   5438.91	   6094.08	   6453.82	   7036.11	   8075.52	   9364.34	   10303.6	   11112.7	   11817.1	   13158.2	   13576.9	   13783.6	   13722.2	   13452.7	   13133.9	   12567.2	   11448.8	   9919.96	   7676.35	   6778.52	   8603.36	   9313.75	   11674.8	   12520.7	   14280.9	   15371.5	   16468.4	   17570.9	     18669	   18887.2	         	         	         	         	         	         	         	         	         	         	         	         	         	         	         	         	         	         	         	         	         	         	         	         	         	         	         	         	         	         	         	         	         	         	         	         	         	         	         	         	
    2351.9	   2262.35	   2300.31	   2504.77	   2869.27	   3241.77	   3651.71	   4091.93	   4496.95	   4820.59	   5025.69	   5066.96	   5123.45	   4945.03	   4622.25	   4538.54	   5113.01	   5737.05	   6096.59	   6643.14	   7614.98	   8836.31	      9736	   10516.6	   11116.9	   12316.6	   12677.9	   12864.6	   12773.1	   12475.5	   12091.7	   11546.1	   10516.8	   9096.84	   7006.89	   6164.25	   7852.93	   8521.77	   10523.6	   11011.8	   12145.5	   12095.2	   11925.4	   11508.7	   10993.1	   11112.2	         	         	         	         	         	         	         	         	         	         	         	         	         	         	         	         	         	         	         	         	         	         	         	         	         	         	         	         	         	         	         	         	         	         	         	         	         	         	         	         	
   2683.98	   2617.03	   2699.07	   2987.34	   3471.34	   3933.68	   4429.15	   4925.12	   5358.49	   5677.77	   5828.49	   5765.77	   5765.08	   5529.43	   5162.17	   5074.89	   5695.02	   6386.68	   6772.77	   7404.66	   8508.76	    9887.9	   10894.9	   11770.7	   12557.1	   14017.4	   14469.7	   14722.8	   14739.7	   14603.7	   14404.6	   13915.9	   12785.2	   11152.6	   8667.83	   7601.31	   9467.28	   10211.2	   12954.6	   14217.8	   17027.6	   19952.8	   22728.7	   25836.9	   29005.9	   29364.3	         	         	         	         	         	         	         	         	         	         	         	         	         	         	         	         	         	         	         	         	         	         	         	         	         	         	         	         	         	         	         	         	         	         	         	         	         	         	         	         	
     52390	   53496.8	   57105.3	   63464.4	   71783.5	   79304.7	   87364.8	     96567	    106863	    118514	    131684	    146710	    165857	    184783	    205360	    233049	    272344	    307441	    330076	    352229	    373034	    383708	    384032	    375538	    361626	    354065	    336413	    315174	    300811	    287204	    273818	    261435	    250507	    238744	    220665	    191703	    209108	    221584	    216259	    214422	    235008	    247051	    255442	    261080	    264769	    259374	         	         	         	         	         	         	         	         	         	         	         	         	         	         	         	         	         	         	         	         	         	         	         	         	         	         	         	         	         	         	         	         	         	         	         	         	         	         	         	         	
     50166	   50990.3	   54485.8	   60724.5	   68897.6	     76656	   85023.3	   94509.8	    105077	    116670	    129408	    143395	    161581	    179388	    198623	    225079	    263729	    298985	    321576	    343915	    365486	    377221	    378491	    370763	    357353	    350312	    333022	    311958	    297636	    283946	    270492	    258022	    246655	    234107	    214803	    186519	    204481	    213349	    207404	    202186	    208128	    209538	    211631	    213131	    214566	    218765	         	         	         	         	         	         	         	         	         	         	         	         	         	         	         	         	         	         	         	         	         	         	         	         	         	         	         	         	         	         	         	         	         	         	         	         	         	         	         	         	
     55114	   56619.5	     60391	   66932.2	   75473.4	   82744.8	   90464.3	   99342.1	    109550	    121916	    135791	    152103	    172640	    193206	    215946	    245609	    285722	    320872	    343782	    365769	    385450	    394511	    393300	    383510	    368640	    359876	    341293	    319753	    305408	    291922	    278755	    266718	    256158	    245365	    228877	    199068	    215560	    231233	    226910	    228842	    267091	    293330	    307989	    314984	    317117	    300457	         	         	         	         	         	         	         	         	         	         	         	         	         	         	         	         	         	         	         	         	         	         	         	         	         	         	         	         	         	         	         	         	         	         	         	         	         	         	         	         	
   2603.47	   2566.26	   2624.92	   2829.16	   3169.16	   3521.41	    3921.9	   4353.91	   4771.95	   5140.43	   5410.48	   5552.42	   5718.28	   5718.71	   5625.88	    5706.8	   6240.23	   6809.13	   7160.23	   7653.38	   8466.73	   9472.81	   10244.3	     10929	   11540.5	   12633.5	   13042.1	   13290.4	   13329.9	     13206	   13042.7	   12691.6	   11934.4	   10903.8	   9452.91	   8978.14	   10228.2	   10784.9	   13076.1	   14155.7	   15478.6	   16297.7	   17151.3	   18031.6	   18928.5	   19151.2	         	         	         	         	         	         	         	         	         	         	         	         	         	         	         	         	         	         	         	         	         	         	         	         	         	         	         	         	         	         	         	         	         	         	         	         	         	         	         	         	
    2467.4	   2419.62	   2464.46	   2644.27	   2945.07	   3268.02	   3631.05	   4025.34	   4425.22	   4787.38	   5076.03	   5256.78	   5446.92	   5476.27	   5412.52	    5500.9	   5997.04	   6526.68	   6871.94	   7343.05	   8131.33	   9065.62	   9809.49	   10479.7	   11057.4	   12044.3	   12366.7	   12554.5	   12613.3	   12455.9	   12246.8	   11916.3	   11187.5	     10232	    8930.1	   8537.77	   9703.99	   10236.6	   12228.7	   13027.1	   13903.3	   14101.7	   14172.6	   14284.1	   14338.5	   14497.5	         	         	         	         	         	         	         	         	         	         	         	         	         	         	         	         	         	         	         	         	         	         	         	         	         	         	         	         	         	         	         	         	         	         	         	         	         	         	         	         	
   2718.07	   2683.76	   2764.96	   3002.66	   3394.65	   3782.59	   4211.88	   4662.75	   5082.34	   5432.31	   5663.65	   5757.37	   5900.48	   5886.49	   5774.12	   5852.43	    6420.2	   7013.65	   7377.79	   7892.22	   8791.87	   9849.28	   10687.3	   11423.6	   12087.8	   13275.3	   13729.9	   14053.2	   14166.3	   14117.5	   14043.8	   13746.9	   12966.4	   11832.7	   10160.6	    9548.3	   10843.9	   11417.2	   14016.1	   15478.7	   17426.3	   19495.1	   21674.8	   23965.8	   26496.6	   26799.8	         	         	         	         	         	         	         	         	         	         	         	         	         	         	         	         	         	         	         	         	         	         	         	         	         	         	         	         	         	         	         	         	         	         	         	         	         	         	         	         	
   45167.2	   44697.3	   47071.4	   52437.3	   59427.4	   64521.6	   68947.1	   72968.3	   76684.2	   80326.7	   83973.4	   87711.1	     93933	     98266	    101872	    110345	    130545	    148416	    157665	    169562	    183833	    192829	    190203	    184866	    178431	    176438	    162910	    151433	    141503	    133413	    127428	    121301	    113970	    105999	   91693.1	   73958.6	   90010.5	     98578	     87495	   78995.3	   91963.9	    101051	    107773	    112391	    115277	    112266	         	         	         	         	         	         	         	         	         	         	         	         	         	         	         	         	         	         	         	         	         	         	         	         	         	         	         	         	         	         	         	         	         	         	         	         	         	         	         	         	
   43158.6	   42550.2	   44835.4	     50004	   56757.1	   62203.8	   67083.7	   71531.5	   75700.6	   79679.2	   83440.8	   87112.5	   93300.5	   97673.6	    101289	    109694	    129720	    147529	    156759	    168532	    182676	    191644	    189031	    183738	    177402	    175370	    161866	    150415	    140486	    132357	    126365	    120258	    112961	    105053	   90676.8	   73092.4	   89410.1	   94967.4	   85767.9	   76652.9	   77322.8	   74346.8	     70302	   65157.2	   59827.2	   61916.3	         	         	         	         	         	         	         	         	         	         	         	         	         	         	         	         	         	         	         	         	         	         	         	         	         	         	         	         	         	         	         	         	         	         	         	         	         	         	         	         	
   47209.8	   46944.8	     49407	   54920.7	   62128.1	   66749.7	   70639.5	   74259.2	   77613.1	   81042.2	   84540.3	   88374.3	   94660.1	   98925.4	    102468	    110997	    131429	    149267	    158562	    170530	    184900	    193897	    191311	    185948	    179445	    177372	    163851	    152259	    142275	    134139	    128193	    122021	    114662	    106718	     92430	   74988.2	   90646.5	    102392	   89243.2	   81207.1	    111615	    133149	    147432	    153831	    155305	    143809	         	         	         	         	         	         	         	         	         	         	         	         	         	         	         	         	         	         	         	         	         	         	         	         	         	         	         	         	         	         	         	         	         	         	         	         	         	         	         	         	
   10856.8	   12320.9	   13677.9	   14864.1	   16061.1	   17621.1	   19787.5	     22919	   27091.4	   32556.8	   39686.1	   48988.9	   60002.1	   73367.3	   89762.3	    107829	    123180	    135823	    145903	    152297	    153091	    148505	    133349	    116948	    104082	   91923.7	     68851	     55035	   46178.3	   41743.5	   40372.1	   40281.5	   41113.2	   45688.3	   57680.5	     58105	   49818.8	   49131.2	   57665.4	   68222.4	   66584.7	   63914.6	   61369.2	   59156.1	   57422.2	   56979.8	         	         	         	         	         	         	         	         	         	         	         	         	         	         	         	         	         	         	         	         	         	         	         	         	         	         	         	         	         	         	         	         	         	         	         	         	         	         	         	         	
   9794.51	   11236.6	   12582.8	     13730	   14920.3	   16449.7	   18480.2	   21432.4	   25328.5	   30387.9	   36932.8	   45518.3	   55639.2	   67837.3	   82886.4	   99780.8	    114780	    127375	    137248	    143859	    145442	    141906	    127657	    112051	   99770.8	   88116.7	   65426.7	     51852	   43115.5	   38458.8	   37004.5	   36650.9	   36936.7	   40606.6	   50960.1	   52220.2	   45351.2	   44673.7	   49302.1	   55191.4	   50610.4	   41734.9	   34319.1	   27818.1	   23217.7	     21538	         	         	         	         	         	         	         	         	         	         	         	         	         	         	         	         	         	         	         	         	         	         	         	         	         	         	         	         	         	         	         	         	         	         	         	         	         	         	         	         	
   12483.2	   14092.8	   15569.5	   16804.1	     17999	   19626.1	   21956.4	   25385.7	   29987.3	   36034.2	   44095.8	   54633.3	   66899.1	   82141.6	    100849	    120750	    136380	    149319	    159839	    166043	    165745	    159597	    142945	    125227	    111364	   98089.1	   74045.6	   59601.4	   50546.9	   46252.8	   45013.5	   45347.2	   46877.9	   52521.3	   66373.6	   65752.6	   55703.4	   55224.1	   68029.3	   83585.5	   86070.5	   92081.2	   98883.7	    106450	    119496	    122801	         	         	         	         	         	         	         	         	         	         	         	         	         	         	         	         	         	         	         	         	         	         	         	         	         	         	         	         	         	         	         	         	         	         	         	         	         	         	         	         	
   6893.05	   7716.72	   8401.15	   8683.25	    8644.3	   8741.67	    9066.7	   9851.56	   11178.7	   13274.2	   16514.6	   21432.2	   27319.5	   35636.1	     46985	   58708.9	   64506.6	   68082.1	   72017.7	   72559.4	   67822.5	   60347.6	   54174.7	   48584.9	   44055.4	   38142.9	   34422.4	   31668.9	   30564.8	   30420.2	   30799.2	   32080.6	   35127.8	   40951.6	   53215.5	   54161.1	   45633.8	   44767.4	   53539.7	   64288.4	   62304.4	   59447.1	   56802.1	   54547.4	   52811.3	   52460.9	         	         	         	         	         	         	         	         	         	         	         	         	         	         	         	         	         	         	         	         	         	         	         	         	         	         	         	         	         	         	         	         	         	         	         	         	         	         	         	         	
    5961.3	   6722.11	   7341.25	   7599.78	   7493.28	   7476.52	   7701.94	   8324.88	   9402.76	   11208.9	   13936.9	   18149.3	   23239.8	   30478.7	   40494.1	   51075.6	   56454.3	   59625.7	   63084.1	   63660.4	   59611.6	   53200.8	   48033.2	   43398.8	   39426.7	   33962.9	   30751.4	   28388.3	   27367.1	   27211.9	   27461.4	   28600.1	   31248.5	   36120.7	   46717.2	   48283.4	   41217.7	   40380.2	   45278.1	   51390.3	   46108.9	   36994.8	   29547.1	   23286.5	   18828.5	   17433.9	         	         	         	         	         	         	         	         	         	         	         	         	         	         	         	         	         	         	         	         	         	         	         	         	         	         	         	         	         	         	         	         	         	         	         	         	         	         	         	         	
   8400.34	   9325.43	   10151.3	   10560.6	   10579.4	   10748.8	   11128.6	   12165.3	   13942.1	   16720.9	   20981.6	   27368.4	   34750.7	   45088.6	   59052.2	   73111.2	   79416.5	   83141.6	   87025.3	   86659.1	   80069.7	     70433	   62779.4	   56258.6	     50595	   43489.5	   39266.4	   36199.4	   34999.1	   34909.3	   35474.3	   37166.3	   40880.8	   47749.4	   61897.5	   61869.4	   51563.1	   50847.3	   63806.1	   79433.8	   81744.4	     87942	   95660.9	    102791	    115195	    118561	         	         	         	         	         	         	         	         	         	         	         	         	         	         	         	         	         	         	         	         	         	         	         	         	         	         	         	         	         	         	         	         	         	         	         	         	         	         	         	         	
    3963.8	   4604.18	   5276.72	   6180.85	   7416.82	   8879.46	   10720.8	   13067.4	   15912.6	   19282.7	   23171.4	   27556.7	   32682.6	   37731.2	   42777.3	   49120.2	   58673.7	   67741.2	   73885.7	   79737.5	   85268.8	     88157	   79174.3	   68363.6	   60026.7	   53780.7	   34428.6	   23366.2	   15613.6	   11323.4	   9572.81	   8200.89	   5985.43	   4736.75	   4465.01	   3943.89	   4184.99	   4363.76	   4125.63	   3934.03	   4280.36	   4467.52	   4567.16	   4608.67	   4610.95	    4518.9	         	         	         	         	         	         	         	         	         	         	         	         	         	         	         	         	         	         	         	         	         	         	         	         	         	         	         	         	         	         	         	         	         	         	         	         	         	         	         	         	
   3774.55	   4355.34	   4991.87	      5847	   7018.31	   8437.69	   10249.5	   12569.4	   15372.3	   18717.1	   22449.3	   26702.7	   31677.8	   36603.1	     41484	   47565.6	   56826.2	   65441.8	   71299.5	   76965.1	   82446.6	   85389.4	   76725.7	   66219.9	   58034.4	   51949.1	   33254.7	   22527.8	   15040.2	   10882.6	   9167.78	   7830.12	   5705.73	   4512.31	   4246.64	   3776.42	      4006	   4155.15	   3920.12	    3716.4	   3798.12	   3751.64	   3694.75	   3565.06	   3449.79	   3517.37	         	         	         	         	         	         	         	         	         	         	         	         	         	         	         	         	         	         	         	         	         	         	         	         	         	         	         	         	         	         	         	         	         	         	         	         	         	         	         	         	
    4137.8	   4823.95	   5543.74	   6505.26	   7795.88	   9260.58	   11111.2	   13475.8	   16390.4	     19934	   24031.1	   28643.5	   33985.1	     39204	   44419.2	   50987.3	   60881.8	     70252	   76620.8	   82741.3	   88551.1	   91601.4	     82356	   71215.2	   62558.9	   56050.5	   35888.9	   24388.8	   16302.6	   11823.4	   9991.89	   8555.11	   6235.91	   4933.24	   4658.98	   4122.02	   4376.81	   4584.96	   4333.97	   4151.51	   4895.93	    5300.2	   5478.71	   5523.34	   5510.14	   5345.93	         	         	         	         	         	         	         	         	         	         	         	         	         	         	         	         	         	         	         	         	         	         	         	         	         	         	         	         	         	         	         	         	         	         	         	         	         	         	         	         	
   2.98386	   3.75534	   3.92035	   3.84492	   3.63608	   3.45423	   3.26185	   3.07791	   2.90854	   2.76072	   2.64517	   2.56515	   2.47573	   2.44609	   2.44319	   2.40601	   2.29109	   2.22074	   2.20636	   2.15958	    2.0898	   2.02713	   1.96769	   1.91293	   1.87498	   1.80627	   1.77983	    1.7611	   1.74436	   1.75387	   1.78602	   1.84314	   1.91579	   2.03937	   2.29961	   2.73812	   2.36135	   2.24182	   2.40782	   2.54676	   2.45816	   2.43248	   2.40428	   2.37499	   2.34367	   2.36811	         	         	         	         	         	         	         	         	         	         	         	         	         	         	         	         	         	         	         	         	         	         	         	         	         	         	         	         	         	         	         	         	         	         	         	         	         	         	         	         	
   2.83464	    3.5572	   3.70676	   3.62318	   3.40835	   3.23789	   3.05903	   2.88872	   2.73256	   2.59496	   2.48866	   2.42165	   2.34096	   2.31311	   2.30624	   2.27039	   2.16756	   2.10599	   2.09468	   2.05332	    1.9928	    1.9374	     1.885	   1.83421	   1.79444	   1.73407	   1.70291	   1.67513	    1.6517	   1.65363	   1.67786	   1.72692	   1.79171	   1.90646	   2.14859	   2.54393	   2.20231	   2.07795	   2.24206	   2.36802	   2.21348	   2.07505	   1.94072	   1.82075	   1.71587	   1.71398	         	         	         	         	         	         	         	         	         	         	         	         	         	         	         	         	         	         	         	         	         	         	         	         	         	         	         	         	         	         	         	         	         	         	         	         	         	         	         	         	
   3.11423	   3.94734	   4.14247	   4.07672	   3.86685	   3.67147	   3.46455	   3.26739	   3.08515	   2.92492	   2.79851	   2.71009	   2.61349	    2.5833	   2.58326	   2.54464	   2.41671	   2.33889	   2.32052	   2.26831	   2.18917	   2.11855	     2.054	   1.99637	   1.95774	   1.88524	   1.85936	   1.84587	   1.83436	   1.84801	   1.88535	   1.94877	   2.03069	   2.16797	   2.44996	   2.92573	   2.52047	   2.41761	   2.56467	   2.72267	   2.71195	   2.77828	   2.86582	   2.94354	   3.03051	   3.05623	         	         	         	         	         	         	         	         	         	         	         	         	         	         	         	         	         	         	         	         	         	         	         	         	         	         	         	         	         	         	         	         	         	         	         	         	         	         	         	         	
         	   18541.3	   20323.6	   21848.7	   24289.3	   27423.5	   30391.8	   33719.1	   37228.5	   41101.4	   45454.5	   50354.7	   55567.1	   62532.2	   69720.4	   77753.5	   87569.8	    100736	    112352	    120286	    126726	    132592	    135636	    135068	    131670	    126185	    122130	    115032	    108873	    104409	   99684.9	   95201.7	   90839.2	   87273.6	   83850.6	   77589.9	   65242.4	   70470.3	   76092.8	   74317.6	   73415.2	   79215.5	   83151.6	   85750.1	   87331.6	   88195.3	         	         	         	         	         	         	         	         	         	         	         	         	         	         	         	         	         	         	         	         	         	         	         	         	         	         	         	         	         	         	         	         	         	         	         	         	         	         	         	         	
         	   17687.7	   19305.4	   20782.7	   23191.2	   26300.2	   29366.6	     32815	   36437.4	   40291.5	   44469.7	   49134.8	   54045.1	   60656.1	   67401.3	   74882.1	   84159.7	   96993.8	    108476	    116314	    122814	    128949	    132384	    132207	    129138	    123938	    120206	    113392	    107335	    102785	   97965.6	   93366.4	   88898.6	   85043.1	   80983.6	   73889.8	   61302.4	   65700.5	   70066.9	     68191	   66517.6	   69956.4	   70635.7	     71382	   72026.2	   72551.6	         	         	         	         	         	         	         	         	         	         	         	         	         	         	         	         	         	         	         	         	         	         	         	         	         	         	         	         	         	         	         	         	         	         	         	         	         	         	         	         	
         	   19487.4	   21462.9	   23045.8	   25522.3	   28679.9	   31522.5	   34761.8	   38402.7	   42462.2	   47076.3	   52335.8	   58019.2	   65550.3	   73461.6	   82398.3	   93103.2	    106847	    118764	    126914	    133303	    138766	    141192	    139979	    136036	    130086	    125496	    117879	    111465	    106852	    102027	     97533	   93110.3	   89924.8	   87151.7	   81569.1	   69361.4	   74997.2	   82030.4	     80472	   80670.7	   90498.8	   97686.3	    102095	    104432	    104969	         	         	         	         	         	         	         	         	         	         	         	         	         	         	         	         	         	         	         	         	         	         	         	         	         	         	         	         	         	         	         	         	         	         	         	         	         	         	         	         	
    156229	    182207	    203374	    221978	    236522	    246348	    254452	    263413	    273524	    286044	    302850	    325954	    355010	    389386	    431867	    482756	    536179	    581803	    615696	    640166	    652662	    645099	    619910	    583219	    546295	    513297	    476578	    439977	    415808	    399275	    389325	    386623	    389038	    399556	    423475	    447157	    428409	    426007	    444460	    471660	    503401	    519337	    527014	    529053	    527235	    522883	         	         	         	         	         	         	         	         	         	         	         	         	         	         	         	         	         	         	         	         	         	         	         	         	         	         	         	         	         	         	         	         	         	         	         	         	         	         	         	         	
    156229	    180358	    199366	    215594	    227719	    235384	    241414	    248288	    256290	    267002	    281912	    303214	    331552	    365094	    406202	    456287	    508374	    552959	    586589	    611016	    623630	    617503	    592626	    557204	    522594	    489764	    453711	    415366	    388661	    369477	    358238	    354600	    356183	    365955	    389091	    413026	    397917	    397159	    411529	    427076	    445519	    450446	    443849	    421405	    392613	    358723	         	         	         	         	         	         	         	         	         	         	         	         	         	         	         	         	         	         	         	         	         	         	         	         	         	         	         	         	         	         	         	         	         	         	         	         	         	         	         	         	
    156229	    183984	    207236	    227918	    244690	    256769	    266944	    277781	    289469	    303269	    321295	    345818	    375818	    410790	    454275	    506596	    561191	    608227	    642937	    668225	    681101	    673105	    647073	    609907	    572156	    539494	    501819	    464749	    441142	    424497	    414894	    412858	    415820	    427961	    455318	    480641	    458481	    455319	    480973	    520196	    568170	    599899	    621658	    644148	    666070	    693341	         	         	         	         	         	         	         	         	         	         	         	         	         	         	         	         	         	         	         	         	         	         	         	         	         	         	         	         	         	         	         	         	         	         	         	         	         	         	         	         	
   78895.4	   83305.9	   88272.6	   93248.2	   96221.7	   96322.2	   95399.6	   94742.5	   94857.9	   96268.9	   99700.7	    105876	    114748	    125131	    138642	    155445	    172498	    183917	    190137	    193880	    193805	    186339	    173166	    160210	    149016	    139829	    129169	    121902	    117782	    116324	    117136	    119597	    123853	    131946	    145086	    157904	    155894	    156367	    163505	    176547	    192380	    200281	    203739	    204120	    202533	    199794	         	         	         	         	         	         	         	         	         	         	         	         	         	         	         	         	         	         	         	         	         	         	         	         	         	         	         	         	         	         	         	         	         	         	         	         	         	         	         	         	
   78895.4	   82010.4	   85697.6	   89502.6	     91365	     90386	   88737.9	   87568.8	   87142.3	   88148.1	   91333.8	   97370.9	    106224	    116533	    129460	    145602	    162124	    172938	    179068	    183130	    183572	    176777	    164126	    151915	    141342	    132278	    121754	    114017	    110463	    108371	    108564	    110466	    114119	    121788	    133951	    146390	    144228	    144504	    150220	    159212	    168657	    172532	    167023	    154107	    138447	    122224	         	         	         	         	         	         	         	         	         	         	         	         	         	         	         	         	         	         	         	         	         	         	         	         	         	         	         	         	         	         	         	         	         	         	         	         	         	         	         	         	
   78895.4	   84411.1	   90549.4	   96685.2	    100850	    102200	    102295	    102443	    103141	    104944	    108630	    114968	    123893	    134519	    148084	    165170	    182548	    194214	    200312	    203912	    203486	    195369	    181875	    168606	    157150	    147739	    136773	    129255	    124966	    123400	    124243	    127101	    132233	    141782	    156017	    168938	    165945	    166964	    176611	    195126	    218599	    234077	    244967	    255882	    267191	    281540	         	         	         	         	         	         	         	         	         	         	         	         	         	         	         	         	         	         	         	         	         	         	         	         	         	         	         	         	         	         	         	         	         	         	         	         	         	         	         	         	
     0.505	  0.457203	  0.434034	  0.420061	  0.406782	  0.390935	  0.374829	  0.359561	  0.346677	  0.336435	  0.329105	  0.324738	  0.323171	  0.321318	  0.321006	  0.321983	  0.321711	   0.31611	   0.30881	  0.302853	   0.29694	  0.288847	  0.279334	  0.274695	  0.272773	   0.27241	  0.271029	  0.277059	  0.283257	  0.291333	  0.300866	  0.309333	  0.318352	  0.330229	  0.342611	  0.353139	  0.363903	  0.367055	  0.367868	   0.37428	  0.382091	  0.385526	  0.386289	  0.385091	  0.382658	  0.379541	         	         	         	         	         	         	         	         	         	         	         	         	         	         	         	         	         	         	         	         	         	         	         	         	         	         	         	         	         	         	         	         	         	         	         	         	         	         	         	         	
     0.505	  0.451681	  0.425163	  0.408868	  0.393783	  0.376121	  0.359418	  0.344741	  0.332645	   0.32303	  0.317114	  0.314087	   0.31399	  0.313043	  0.313821	  0.315551	  0.315278	  0.309274	  0.301957	  0.295997	  0.290119	  0.282043	  0.272705	  0.267795	   0.26564	   0.26509	  0.263523	  0.269492	  0.275687	  0.284053	  0.293612	  0.302082	  0.311188	  0.323051	  0.335446	  0.346019	  0.355908	  0.358508	  0.359283	  0.365279	  0.372685	  0.375288	  0.371826	  0.361902	  0.349996	  0.337938	         	         	         	         	         	         	         	         	         	         	         	         	         	         	         	         	         	         	         	         	         	         	         	         	         	         	         	         	         	         	         	         	         	         	         	         	         	         	         	         	
     0.505	  0.461955	  0.441819	  0.429958	  0.418354	  0.404079	   0.38914	  0.374489	   0.36166	  0.350982	   0.34282	  0.337346	  0.334555	  0.331663	  0.330481	  0.330748	  0.329978	  0.324115	  0.316694	  0.310565	   0.30446	  0.296133	  0.286302	  0.281465	  0.279463	  0.278902	  0.277608	  0.284343	  0.290885	  0.299145	  0.308861	  0.317073	  0.325901	  0.337664	   0.35002	  0.360356	  0.371665	  0.375125	   0.37566	  0.381921	  0.389606	  0.394366	  0.398462	  0.402136	  0.405271	  0.408831	         	         	         	         	         	         	         	         	         	         	         	         	         	         	         	         	         	         	         	         	         	         	         	         	         	         	         	         	         	         	         	         	         	         	         	         	         	         	         	         	
   51.6084	   147.267	   475.182	   1330.64	   3137.21	   6265.79	   11123.7	   18168.2	   27562.3	   39391.6	   53620.5	   70209.3	   89285.1	    109228	    130671	    155959	    186779	    214075	    233001	    250348	    264068	    268966	    269601	    263442	    252478	    243936	    228900	    209769	    197284	    186113	    175812	    166416	    158451	    151380	    141643	    117436	    125074	    132395	    130274	    129849	    140051	    143383	    144360	    143832	    142416	    137777	         	         	         	         	         	         	         	         	         	         	         	         	         	         	         	         	         	         	         	         	         	         	         	         	         	         	         	         	         	         	         	         	         	         	         	         	         	         	         	         	
   49.7347	   141.354	   459.188	   1294.25	   3068.04	   6143.73	   10907.9	   17807.3	   26957.8	   38436.7	   52177.9	   68101.1	   86413.1	    105540	    125921	    150223	    180520	    207809	    226507	    243933	    258188	    263841	    265067	    259101	    248611	    240147	    225232	    206102	    193528	    182271	    171918	    162540	    154454	    147001	    136530	    113831	    122015	    126035	    122279	    119119	    121854	    122174	    121521	    120841	    120133	    115947	         	         	         	         	         	         	         	         	         	         	         	         	         	         	         	         	         	         	         	         	         	         	         	         	         	         	         	         	         	         	         	         	         	         	         	         	         	         	         	         	
    53.545	    154.04	   495.231	   1380.81	   3243.74	   6468.63	   11476.1	   18763.8	   28531.5	   40894.1	   55865.4	   73468.5	   93712.9	    115096	    138258	    165090	    196643	    224643	    244112	    261518	    274536	    278312	    277924	    271085	    259554	    250383	    234689	    215006	    202228	    191043	    180596	    171064	    163306	    156704	    147665	    121845	    128765	    139242	    139130	    142474	    161592	    168868	    170421	    170380	    169272	    165073	         	         	         	         	         	         	         	         	         	         	         	         	         	         	         	         	         	         	         	         	         	         	         	         	         	         	         	         	         	         	         	         	         	         	         	         	         	         	         	         	
0.00098522	0.00275334	0.00832327	 0.0209729	 0.0437175	 0.0790279	  0.127345	  0.188156	  0.257929	  0.332376	  0.407176	  0.478538	  0.538304	  0.591093	  0.636285	    0.6692	  0.685815	  0.696305	  0.705894	  0.710745	  0.707885	  0.700956	  0.702019	  0.701496	  0.698165	  0.688948	  0.680406	  0.665558	  0.655833	  0.648006	  0.642065	  0.636534	  0.632507	  0.634051	  0.641872	  0.612603	   0.59815	   0.59744	  0.602256	  0.605292	   0.59566	  0.580567	  0.565915	  0.552156	  0.539382	  0.531745	         	         	         	         	         	         	         	         	         	         	         	         	         	         	         	         	         	         	         	         	         	         	         	         	         	         	         	         	         	         	         	         	         	         	         	         	         	         	         	         	
0.000970367	0.00270079	0.00811967	 0.0203918	 0.0424235	  0.076747	  0.123894	  0.183533	  0.252588	  0.326835	  0.401555	   0.47298	  0.532886	   0.58508	  0.630234	  0.662611	  0.679105	  0.689763	  0.699658	  0.704279	  0.701178	   0.69385	  0.695064	  0.694433	  0.690981	   0.68163	  0.672916	  0.657793	  0.647714	  0.639321	  0.633069	  0.626801	  0.622393	  0.623684	  0.632169	  0.604626	  0.590472	  0.586879	  0.585209	  0.584211	  0.571698	  0.544653	  0.515281	  0.491403	  0.467889	  0.458071	         	         	         	         	         	         	         	         	         	         	         	         	         	         	         	         	         	         	         	         	         	         	         	         	         	         	         	         	         	         	         	         	         	         	         	         	         	         	         	         	
 0.0010028	0.00282199	0.00856316	 0.0216145	 0.0451576	 0.0815675	  0.131159	  0.193101	  0.263734	  0.338662	  0.413776	  0.485555	  0.545541	  0.598709	  0.643893	  0.676331	  0.693176	  0.703768	  0.713554	  0.718818	  0.716063	  0.709178	   0.71028	  0.709822	  0.706491	  0.697271	  0.689251	  0.673983	  0.663918	  0.656542	  0.651269	  0.645453	  0.641963	  0.643588	  0.650799	  0.620686	  0.605439	  0.607439	  0.619064	  0.626095	  0.619504	  0.611717	   0.60647	   0.60255	  0.598418	  0.593447	         	         	         	         	         	         	         	         	         	         	         	         	         	         	         	         	         	         	         	         	         	         	         	         	         	         	         	         	         	         	         	         	         	         	         	         	         	         	         	         	
  0.489548	  0.473434	  0.480804	  0.510088	  0.552552	  0.583916	  0.609905	  0.626859	  0.639356	  0.644874	  0.643156	  0.635388	  0.639378	  0.631952	  0.622644	  0.629525	  0.666685	  0.699912	  0.718993	  0.738911	  0.778257	  0.819578	  0.850375	  0.860132	  0.855813	  0.873902	   0.87596	  0.859006	    0.8497	  0.831355	   0.80593	  0.779931	  0.749906	  0.701292	  0.665536	  0.737231	  0.723497	  0.690535	  0.651305	  0.623654	  0.668265	  0.694314	  0.714143	  0.729909	  0.743187	  0.728574	         	         	         	         	         	         	         	         	         	         	         	         	         	         	         	         	         	         	         	         	         	         	         	         	         	         	         	         	         	         	         	         	         	         	         	         	         	         	         	         	
  0.474992	  0.455587	   0.46233	  0.490061	  0.529806	  0.563287	  0.591011	  0.609945	  0.624679	  0.632431	  0.633181	  0.626221	   0.63044	  0.622786	  0.613012	  0.618772	  0.656347	  0.689271	  0.707941	  0.727922	  0.767604	  0.807498	  0.837813	  0.846923	   0.84183	  0.859125	  0.859892	  0.842008	  0.831475	  0.811977	  0.785565	  0.758573	  0.727734	   0.67885	  0.645872	  0.721216	  0.709372	  0.654971	  0.610238	  0.585316	  0.610178	   0.60844	   0.60126	  0.597189	  0.592785	  0.598011	         	         	         	         	         	         	         	         	         	         	         	         	         	         	         	         	         	         	         	         	         	         	         	         	         	         	         	         	         	         	         	         	         	         	         	         	         	         	         	         	
  0.508832	  0.495613	  0.503951	  0.535238	  0.580308	  0.610087	  0.633451	  0.647311	  0.656515	  0.658867	  0.654495	  0.644983	  0.648896	  0.643036	  0.636205	    0.6446	  0.680326	  0.712843	  0.731919	  0.751549	  0.789466	  0.830334	  0.861606	  0.872068	  0.868599	  0.887278	  0.890106	  0.873419	  0.865422	  0.848835	  0.824809	  0.799926	    0.7706	   0.72187	  0.688159	  0.759302	  0.741177	  0.729936	  0.695268	  0.664826	  0.743452	  0.810558	  0.863299	  0.906702	  0.945959	  0.898096	         	         	         	         	         	         	         	         	         	         	         	         	         	         	         	         	         	         	         	         	         	         	         	         	         	         	         	         	         	         	         	         	         	         	         	         	         	         	         	         	
         	         	         	         	         	         	         	         	         	         	         	         	         	         	         	         	         	         	         	  0.588772	  0.636896	  0.685486	  0.742412	  0.821652	  0.883458	   0.92279	  0.958386	  0.919815	  0.915536	  0.943995	  0.867252	  0.786243	         	         	         	         	         	         	         	         	         	         	         	         	         	         	         	         	         	         	         	         	         	         	         	         	         	         	         	         	         	         	         	         	         	         	         	         	         	         	         	         	         	         	         	         	         	         	         	         	         	         	         	         	         	         	
         	         	         	         	         	         	         	         	         	         	         	         	         	         	         	         	         	         	         	  0.575392	  0.625181	  0.673467	  0.730206	  0.807758	  0.866178	   0.90264	  0.935354	   0.89547	  0.888842	  0.913791	  0.837022	  0.756681	         	         	         	         	         	         	         	         	         	         	         	         	         	         	         	         	         	         	         	         	         	         	         	         	         	         	         	         	         	         	         	         	         	         	         	         	         	         	         	         	         	         	         	         	         	         	         	         	         	         	         	         	         	         	
         	         	         	         	         	         	         	         	         	         	         	         	         	         	         	         	         	         	         	  0.599148	  0.646891	  0.694902	  0.751261	  0.830406	  0.897881	  0.942114	  0.981111	  0.944416	  0.943454	  0.976858	  0.901464	  0.821005	         	         	         	         	         	         	         	         	         	         	         	         	         	         	         	         	         	         	         	         	         	         	         	         	         	         	         	         	         	         	         	         	         	         	         	         	         	         	         	         	         	         	         	         	         	         	         	         	         	         	         	         	         	         	
  0.983748	  0.684369	  0.586778	  0.567768	  0.581517	  0.613503	  0.643172	  0.669119	  0.689401	  0.702535	  0.707289	  0.704323	  0.708852	  0.700609	  0.689795	  0.695417	  0.730039	  0.754672	  0.759654	   0.77056	  0.794083	  0.814823	  0.829122	  0.832153	  0.826629	  0.839587	   0.83471	  0.819223	  0.815939	   0.80636	   0.78868	  0.767602	  0.744203	  0.706636	  0.660445	  0.630386	  0.708793	  0.723574	  0.676356	  0.646574	  0.686055	  0.705933	  0.720715	  0.731377	  0.740339	  0.724954	         	         	         	         	         	         	         	         	         	         	         	         	         	         	         	         	         	         	         	         	         	         	         	         	         	         	         	         	         	         	         	         	         	         	         	         	         	         	         	         	
  0.959212	  0.662068	  0.567039	   0.54793	   0.55994	  0.593693	  0.626016	  0.653571	  0.675869	  0.690624	  0.697368	  0.693943	  0.697866	  0.690454	  0.679026	   0.68338	  0.718614	  0.743589	  0.748273	  0.759434	  0.783207	  0.804418	  0.818993	  0.821354	   0.81521	  0.827551	  0.821544	  0.805026	  0.800456	  0.789561	  0.770694	  0.748462	  0.724124	  0.685988	  0.642362	  0.612639	  0.692055	  0.706754	  0.649509	  0.617703	  0.634372	  0.626853	  0.618734	  0.613334	  0.608559	  0.613511	         	         	         	         	         	         	         	         	         	         	         	         	         	         	         	         	         	         	         	         	         	         	         	         	         	         	         	         	         	         	         	         	         	         	         	         	         	         	         	         	
   1.01326	   0.71035	  0.609975	  0.591294	  0.607408	  0.637697	   0.66503	  0.688546	  0.706003	  0.716605	  0.719726	  0.715155	  0.719694	  0.712696	  0.703841	  0.710707	  0.744096	  0.767452	  0.772187	  0.782384	  0.804419	  0.823756	  0.837876	  0.841459	  0.836811	  0.850448	  0.846568	  0.831723	  0.828875	  0.820661	  0.803942	  0.784071	  0.761999	  0.725253	  0.681867	  0.653038	  0.728347	  0.742705	  0.705739	  0.677806	  0.756397	  0.812841	  0.852232	  0.878505	  0.899982	  0.858988	         	         	         	         	         	         	         	         	         	         	         	         	         	         	         	         	         	         	         	         	         	         	         	         	         	         	         	         	         	         	         	         	         	         	         	         	         	         	         	         	
  0.804013	   0.79319	  0.791099	  0.789623	   0.78742	  0.783742	  0.778798	   0.77236	  0.764538	  0.755652	  0.746108	  0.738116	   0.73374	  0.730795	  0.732496	  0.731748	  0.727756	  0.724491	  0.725407	  0.723104	  0.724226	  0.727188	  0.730319	  0.732896	  0.736292	  0.741993	  0.748094	  0.754474	   0.75881	  0.761813	  0.764536	  0.767355	  0.762804	  0.756226	  0.746734	  0.738689	  0.741323	  0.742385	  0.737365	  0.735509	   0.73784	  0.738719	  0.739794	  0.740882	  0.742026	  0.742193	         	         	         	         	         	         	         	         	         	         	         	         	         	         	         	         	         	         	         	         	         	         	         	         	         	         	         	         	         	         	         	         	         	         	         	         	         	         	         	         	
  0.803099	  0.791877	  0.789689	  0.788168	  0.785941	   0.78215	  0.777087	  0.770457	  0.762428	   0.75323	  0.743312	  0.734895	  0.730202	  0.726983	    0.7284	  0.727373	  0.723121	  0.720032	  0.720867	  0.718517	   0.71968	  0.722749	  0.725972	  0.728562	  0.732125	  0.738039	  0.744103	   0.75045	  0.755021	   0.75822	  0.761105	  0.764025	    0.7513	  0.731774	  0.709787	  0.688546	  0.675392	  0.676124	  0.671399	  0.669388	  0.672004	  0.672836	   0.67338	  0.673608	  0.673595	  0.673779	         	         	         	         	         	         	         	         	         	         	         	         	         	         	         	         	         	         	         	         	         	         	         	         	         	         	         	         	         	         	         	         	         	         	         	         	         	         	         	         	
  0.806083	  0.796198	   0.79425	  0.792885	  0.790836	  0.787355	  0.782819	  0.776901	  0.769691	  0.761489	  0.752674	  0.745399	  0.741741	  0.739565	  0.742066	   0.74194	  0.738283	  0.735136	  0.736342	  0.734256	  0.735227	   0.73793	  0.740873	  0.743269	  0.746383	  0.751613	  0.757048	   0.76274	  0.766571	  0.769163	  0.771545	  0.774078	  0.773797	  0.777133	  0.779291	  0.783837	  0.801935	  0.802739	  0.796897	  0.794563	  0.797812	  0.799344	  0.801125	  0.802197	  0.802859	  0.803132	         	         	         	         	         	         	         	         	         	         	         	         	         	         	         	         	         	         	         	         	         	         	         	         	         	         	         	         	         	         	         	         	         	         	         	         	         	         	         	         	
         	         	         	         	         	         	         	         	         	         	         	         	         	         	         	         	         	         	         	         	         	         	         	         	         	         	         	         	         	         	         	         	         	         	         	         	         	         	         	         	         	         	         	         	         	         	         	         	         	         	         	         	         	         	         	         	         	         	         	         	         	         	         	         	         	         	         	         	         	         	         	         	         	         	         	         	         	         	         	         	         	         	         	         	         	         	
         	         	         	         	         	         	         	         	         	         	         	         	         	         	         	         	         	         	         	         	         	         	         	         	         	         	         	         	         	         	         	         	         	         	         	         	         	         	         	         	         	         	         	         	         	         	         	         	         	         	         	         	         	         	         	         	         	         	         	         	         	         	         	         	         	         	         	         	         	         	         	         	         	         	         	         	         	         	         	         	         	         	         	         	         	         	
         	         	         	         	         	         	         	         	         	         	         	         	         	         	         	         	         	         	         	         	         	         	         	         	         	         	         	         	         	         	         	         	         	         	         	         	         	         	         	         	         	         	         	         	         	         	         	         	         	         	         	         	         	         	         	         	         	         	         	         	         	         	         	         	         	         	         	         	         	         	         	         	         	         	         	         	         	         	         	         	         	         	         	         	         	         	
   49591.9	   49184.2	   51977.8	   58307.2	   66946.8	   74091.9	   81089.7	   88272.8	     95541	    102951	    110303	    117412	    127562	    134646	    140091	    152246	    182068	    209947	    225494	    244941	    269395	    287555	    306291	    315492	    313380	    317845	    320723	    307879	    297776	    284556	    269008	    253587	    239635	    221058	    186324	    151238	    180899	    196199	    169840	    149218	    172902	    189820	    202298	    211101	    217003	    210959	         	         	         	         	         	         	         	         	         	         	         	         	         	         	         	         	         	         	         	         	         	         	         	         	         	         	         	         	         	         	         	         	         	         	         	         	         	         	         	         	
   47377.8	   46789.8	   49469.4	   55539.2	   63808.9	   71248.8	   78678.4	   86315.7	   94028.9	    101889	    109667	    117169	    127331	    134327	    139693	    151924	    181793	    209750	    225294	    244794	    269168	    287249	    305919	    315098	    313045	    317508	    320347	    307477	    297352	    284172	    268705	    253347	    239215	    220561	    185604	    150035	    180404	    189921	    165896	    142700	    144292	    136625	    127443	    116923	    106154	    109194	         	         	         	         	         	         	         	         	         	         	         	         	         	         	         	         	         	         	         	         	         	         	         	         	         	         	         	         	         	         	         	         	         	         	         	         	         	         	         	         	
   51764.6	   51595.1	   54527.4	   61115.4	   70116.9	   76970.6	     83564	   90312.4	     97096	    104044	    110938	    117670	    127768	    134882	    140356	    152520	    182371	    210139	    225685	    245131	    269616	    287813	    306608	    315804	    313635	    318168	    321059	    308198	    298066	    284800	    269211	    253846	    240131	    221645	    187008	    152892	    181526	    203000	    172995	    154684	    213049	    254760	    282357	    298765	    304513	    279905	         	         	         	         	         	         	         	         	         	         	         	         	         	         	         	         	         	         	         	         	         	         	         	         	         	         	         	         	         	         	         	         	         	         	         	         	         	         	         	         	
   2533.72	   2455.42	   2505.69	   2750.33	   3167.84	   3585.31	   4044.63	   4516.67	   4947.89	   5290.33	   5479.05	   5474.06	   5502.87	   5293.03	   4940.63	   4843.25	   5438.91	   6094.08	   6453.82	   7036.11	   8075.52	   9364.34	   10303.6	   11112.7	   11817.1	   13158.2	   13576.9	   13783.6	   13722.2	   13452.7	   13133.9	   12567.2	   11448.8	   9919.96	   7676.35	   6778.52	   8603.36	   9313.75	    7732.1	   6444.11	   7351.58	   8283.48	   9236.92	   10210.6	   11201.9	   11335.6	         	         	         	         	         	         	         	         	         	         	         	         	         	         	         	         	         	         	         	         	         	         	         	         	         	         	         	         	         	         	         	         	         	         	         	         	         	         	         	         	
    2351.9	   2262.35	   2300.31	   2504.77	   2869.27	   3241.77	   3651.71	   4091.93	   4496.95	   4820.59	   5025.69	   5066.96	   5123.45	   4945.03	   4622.25	   4538.54	   5113.01	   5737.05	   6096.59	   6643.14	   7614.98	   8836.31	      9736	   10516.6	   11116.9	   12316.6	   12677.9	   12864.6	   12773.1	   12475.5	   12091.7	   11546.1	   10516.8	   9096.84	   7006.89	   6164.25	   7852.93	   8521.77	   6820.39	   5360.16	   5656.95	   5388.71	   4859.65	   4395.24	   3763.94	   3806.15	         	         	         	         	         	         	         	         	         	         	         	         	         	         	         	         	         	         	         	         	         	         	         	         	         	         	         	         	         	         	         	         	         	         	         	         	         	         	         	         	
   2683.98	   2617.03	   2699.07	   2987.34	   3471.34	   3933.68	   4429.15	   4925.12	   5358.49	   5677.77	   5828.49	   5765.77	   5765.08	   5529.43	   5162.17	   5074.89	   5695.02	   6386.68	   6772.77	   7404.66	   8508.76	    9887.9	   10894.9	   11770.7	   12557.1	   14017.4	   14469.7	   14722.8	   14739.7	   14603.7	   14404.6	   13915.9	   12785.2	   11152.6	   8667.83	   7601.31	   9467.28	   10211.2	   8755.33	   7654.67	   9436.32	   12359.8	   15168.8	   18136.6	   21220.6	   21484.5	         	         	         	         	         	         	         	         	         	         	         	         	         	         	         	         	         	         	         	         	         	         	         	         	         	         	         	         	         	         	         	         	         	         	         	         	         	         	         	         	
     52390	   53496.8	   57105.3	   63464.4	   71783.5	   79304.7	   87364.8	     96567	    106863	    118514	    131684	    146710	    165857	    184783	    205360	    233049	    272344	    307441	    330076	    352229	    373034	    383708	    384032	    375538	    361626	    354065	    336413	    315174	    300811	    287204	    273818	    261435	    250507	    238744	    220665	    191703	    209108	    221584	    207440	    200327	    218825	    230783	    239255	    245070	    249008	    243738	         	         	         	         	         	         	         	         	         	         	         	         	         	         	         	         	         	         	         	         	         	         	         	         	         	         	         	         	         	         	         	         	         	         	         	         	         	         	         	         	
     50166	   50990.3	   54485.8	   60724.5	   68897.6	     76656	   85023.3	   94509.8	    105077	    116670	    129408	    143395	    161581	    179388	    198623	    225079	    263729	    298985	    321576	    343915	    365486	    377221	    378491	    370763	    357353	    350312	    333022	    311958	    297636	    283946	    270492	    258022	    246655	    234107	    214803	    186519	    204481	    213349	    198261	    188140	    193883	    196062	    196921	    197546	    198797	    201535	         	         	         	         	         	         	         	         	         	         	         	         	         	         	         	         	         	         	         	         	         	         	         	         	         	         	         	         	         	         	         	         	         	         	         	         	         	         	         	         	
     55114	   56619.5	     60391	   66932.2	   75473.4	   82744.8	   90464.3	   99342.1	    109550	    121916	    135791	    152103	    172640	    193206	    215946	    245609	    285722	    320872	    343782	    365769	    385450	    394511	    393300	    383510	    368640	    359876	    341293	    319753	    305408	    291922	    278755	    266718	    256158	    245365	    228877	    199068	    215560	    231233	    218139	    214599	    250574	    277610	    293653	    301156	    302394	    284885	         	         	         	         	         	         	         	         	         	         	         	         	         	         	         	         	         	         	         	         	         	         	         	         	         	         	         	         	         	         	         	         	         	         	         	         	         	         	         	         	
   2603.47	   2566.26	   2624.92	   2829.16	   3169.16	   3521.41	    3921.9	   4353.91	   4771.95	   5140.43	   5410.48	   5552.42	   5718.28	   5718.71	   5625.88	    5706.8	   6240.23	   6809.13	   7160.23	   7653.38	   8466.73	   9472.81	   10244.3	     10929	   11540.5	   12633.5	   13042.1	   13290.4	   13329.9	     13206	   13042.7	   12691.6	   11934.4	   10903.8	   9452.91	   8978.14	   10228.2	   10784.9	   9827.25	   9148.59	    9768.9	   10457.2	   11192.6	   11966.8	   12775.6	   12928.7	         	         	         	         	         	         	         	         	         	         	         	         	         	         	         	         	         	         	         	         	         	         	         	         	         	         	         	         	         	         	         	         	         	         	         	         	         	         	         	         	
    2467.4	   2419.62	   2464.46	   2644.27	   2945.07	   3268.02	   3631.05	   4025.34	   4425.22	   4787.38	   5076.03	   5256.78	   5446.92	   5476.27	   5412.52	    5500.9	   5997.04	   6526.68	   6871.94	   7343.05	   8131.33	   9065.62	   9809.49	   10479.7	   11057.4	   12044.3	   12366.7	   12554.5	   12613.3	   12455.9	   12246.8	   11916.3	   11187.5	     10232	    8930.1	   8537.77	   9703.99	   10236.6	   9240.32	   8573.52	   8785.67	   8745.12	   8631.47	   8557.89	   8583.01	   8681.52	         	         	         	         	         	         	         	         	         	         	         	         	         	         	         	         	         	         	         	         	         	         	         	         	         	         	         	         	         	         	         	         	         	         	         	         	         	         	         	         	
   2718.07	   2683.76	   2764.96	   3002.66	   3394.65	   3782.59	   4211.88	   4662.75	   5082.34	   5432.31	   5663.65	   5757.37	   5900.48	   5886.49	   5774.12	   5852.43	    6420.2	   7013.65	   7377.79	   7892.22	   8791.87	   9849.28	   10687.3	   11423.6	   12087.8	   13275.3	   13729.9	   14053.2	   14166.3	   14117.5	   14043.8	   13746.9	   12966.4	   11832.7	   10160.6	    9548.3	   10843.9	   11417.2	   10509.9	    9892.7	   11102.6	   13171.5	   15357.2	   17661.9	   20126.4	   20353.6	         	         	         	         	         	         	         	         	         	         	         	         	         	         	         	         	         	         	         	         	         	         	         	         	         	         	         	         	         	         	         	         	         	         	         	         	         	         	         	         	
   45167.2	   44697.3	   47071.4	   52437.3	   59427.4	   64521.6	   68947.1	   72968.3	   76684.2	   80326.7	   83973.4	   87711.1	     93933	     98266	    101872	    110345	    130545	    148416	    157665	    169562	    183833	    192829	    190203	    184866	    178431	    176438	    162910	    151433	    141503	    133413	    127428	    121301	    113970	    105999	   91693.1	   73958.6	   90010.5	     98578	   86480.9	   77279.5	     90016	   99149.4	    105930	    110612	    113567	    110581	         	         	         	         	         	         	         	         	         	         	         	         	         	         	         	         	         	         	         	         	         	         	         	         	         	         	         	         	         	         	         	         	         	         	         	         	         	         	         	         	
   43158.6	   42550.2	   44835.4	     50004	   56757.1	   62203.8	   67083.7	   71531.5	   75700.6	   79679.2	   83440.8	   87112.5	   93300.5	   97673.6	    101289	    109694	    129720	    147529	    156759	    168532	    182676	    191644	    189031	    183738	    177402	    175370	    161866	    150415	    140486	    132357	    126365	    120258	    112961	    105053	   90676.8	   73092.4	   89410.1	   94967.4	   84579.5	   74401.2	   75547.6	   72397.8	   68273.5	   63070.9	   57672.6	   59708.8	         	         	         	         	         	         	         	         	         	         	         	         	         	         	         	         	         	         	         	         	         	         	         	         	         	         	         	         	         	         	         	         	         	         	         	         	         	         	         	         	
   47209.8	   46944.8	     49407	   54920.7	   62128.1	   66749.7	   70639.5	   74259.2	   77613.1	   81042.2	   84540.3	   88374.3	   94660.1	   98925.4	    102468	    110997	    131429	    149267	    158562	    170530	    184900	    193897	    191311	    185948	    179445	    177372	    163851	    152259	    142275	    134139	    128193	    122021	    114662	    106718	     92430	   74988.2	   90646.5	    102392	     88342	   79928.7	    109717	    131384	    145641	    152743	    154422	    142599	         	         	         	         	         	         	         	         	         	         	         	         	         	         	         	         	         	         	         	         	         	         	         	         	         	         	         	         	         	         	         	         	         	         	         	         	         	         	         	         	
3.8917e+06	3.79504e+06	3.89263e+06	4.2915e+06	4.9563e+06	5.60854e+06	6.29102e+06	6.97261e+06	7.65988e+06	8.29689e+06	8.67629e+06	8.74547e+06	8.89805e+06	8.67393e+06	8.23154e+06	8.22903e+06	9.41543e+06	1.06759e+07	1.13826e+07	1.24613e+07	1.45506e+07	1.70676e+07	1.89372e+07	2.06256e+07	2.22973e+07	2.51031e+07	2.69347e+07	2.60939e+07	2.50744e+07	2.38057e+07	2.25704e+07	2.10589e+07	1.87656e+07	1.59741e+07	1.2211e+07	1.06472e+07	1.32328e+07	1.42871e+07	1.18892e+07	9.95011e+06	1.14075e+07	1.28365e+07	1.42597e+07	1.56492e+07	1.6947e+07	1.70776e+07	         	         	         	         	         	         	         	         	         	         	         	         	         	         	         	         	         	         	         	         	         	         	         	         	         	         	         	         	         	         	         	         	         	         	         	         	         	         	         	         	
3.54103e+06	3.4523e+06	3.51923e+06	3.86659e+06	4.43652e+06	5.0151e+06	5.66449e+06	6.35615e+06	7.01619e+06	7.56987e+06	7.95151e+06	8.08807e+06	8.26386e+06	8.05832e+06	7.65946e+06	7.68336e+06	8.81797e+06	 9.997e+06	1.06606e+07	1.16614e+07	1.3605e+07	1.59411e+07	1.75819e+07	1.90559e+07	2.03649e+07	2.24115e+07	2.3453e+07	2.31634e+07	2.2474e+07	2.13523e+07	2.02735e+07	1.89639e+07	1.69195e+07	1.44118e+07	1.10641e+07	9.65715e+06	1.20685e+07	1.30489e+07	1.04533e+07	8.32413e+06	8.84483e+06	8.38564e+06	7.61386e+06	6.88727e+06	5.99074e+06	6.07901e+06	         	         	         	         	         	         	         	         	         	         	         	         	         	         	         	         	         	         	         	         	         	         	         	         	         	         	         	         	         	         	         	         	         	         	         	         	         	         	         	         	
4.15204e+06	4.08031e+06	4.22678e+06	4.69551e+06	5.46711e+06	6.1433e+06	6.69461e+06	7.34503e+06	8.06771e+06	8.77989e+06	9.25631e+06	9.30394e+06	9.41256e+06	9.15662e+06	8.66521e+06	8.6469e+06	9.89324e+06	1.12218e+07	1.19938e+07	1.31764e+07	1.5409e+07	1.81204e+07	2.01551e+07	2.22889e+07	2.42214e+07	2.70028e+07	2.95994e+07	2.83813e+07	2.74356e+07	2.62577e+07	2.49802e+07	2.3252e+07	2.0689e+07	1.76805e+07	1.35922e+07	1.1878e+07	1.46103e+07	1.56654e+07	1.34365e+07	1.17277e+07	1.46789e+07	1.89654e+07	2.32868e+07	2.76136e+07	2.96697e+07	2.98069e+07	         	         	         	         	         	         	         	         	         	         	         	         	         	         	         	         	         	         	         	         	         	         	         	         	         	         	         	         	         	         	         	         	         	         	         	         	         	         	         	         	
    563870	    552624	    567998	    627071	    723807	    818395	    922711	1.03105e+06	1.13252e+06	1.21724e+06	1.27176e+06	1.2875e+06	1.31754e+06	1.29103e+06	1.23418e+06	1.24389e+06	1.43066e+06	1.62032e+06	1.72426e+06	1.88651e+06	2.15733e+06	2.46003e+06	2.64128e+06	2.77801e+06	2.88782e+06	3.15338e+06	3.17793e+06	3.16445e+06	3.11383e+06	3.0287e+06	2.94122e+06	2.8056e+06	2.55167e+06	2.21653e+06	1.7292e+06	1.5314e+06	1.91487e+06	2.06724e+06	1.72526e+06	1.44855e+06	1.66499e+06	1.86746e+06	2.07008e+06	2.27271e+06	2.47576e+06	2.4905e+06	         	         	         	         	         	         	         	         	         	         	         	         	         	         	         	         	         	         	         	         	         	         	         	         	         	         	         	         	         	         	         	         	         	         	         	         	         	         	         	         	
    525399	    512047	    523191	    575428	    661901	    746240	    840330	    941923	1.04083e+06	1.12221e+06	1.18065e+06	1.20641e+06	1.24218e+06	1.2221e+06	1.17125e+06	1.18196e+06	1.36434e+06	1.54764e+06	1.65149e+06	1.80802e+06	2.06522e+06	2.3536e+06	2.52781e+06	2.65968e+06	2.75115e+06	2.98596e+06	2.99865e+06	2.98135e+06	2.92526e+06	2.83458e+06	2.73388e+06	2.60267e+06	2.36638e+06	2.05283e+06	1.59602e+06	1.40924e+06	1.76566e+06	1.90977e+06	1.54076e+06	1.22536e+06	1.29445e+06	1.23058e+06	 1.115e+06	1.00803e+06	    878689	    892594	         	         	         	         	         	         	         	         	         	         	         	         	         	         	         	         	         	         	         	         	         	         	         	         	         	         	         	         	         	         	         	         	         	         	         	         	         	         	         	         	
    595433	    587957	    610190	    678720	    789650	    893015	1.0043e+06	1.11704e+06	1.21841e+06	1.29779e+06	1.34267e+06	1.34568e+06	1.37083e+06	1.33886e+06	1.27875e+06	1.28871e+06	1.48183e+06	1.67825e+06	1.78666e+06	1.95892e+06	2.23882e+06	2.56252e+06	2.75577e+06	2.91023e+06	3.03646e+06	3.32589e+06	3.35677e+06	3.35187e+06	3.31574e+06	3.25729e+06	3.19369e+06	3.07365e+06	2.81736e+06	2.46163e+06	1.92634e+06	1.69496e+06	2.08674e+06	2.24564e+06	1.93194e+06	1.69321e+06	2.12296e+06	2.73516e+06	3.32476e+06	3.93571e+06	4.57075e+06	4.57294e+06	         	         	         	         	         	         	         	         	         	         	         	         	         	         	         	         	         	         	         	         	         	         	         	         	         	         	         	         	         	         	         	         	         	         	         	         	         	         	         	         	
    124345	    121328	    124409	    137120	    158575	    180236	    204283	    229341	    252793	    272216	    284297	    286932	    292013	    284652	    269801	    269095	    307343	    348965	    372856	    408770	    469689	    541480	    834430	1.1268e+06	1.17615e+06	1.28942e+06	1.17033e+06	1.0399e+06	    895012	    786958	    641630	    507326	    441459	    382273	    296823	    262694	    333061	    360225	    298778	    248686	    283263	    318170	    353368	    388793	    424318	    427013	         	         	         	         	         	         	         	         	         	         	         	         	         	         	         	         	         	         	         	         	         	         	         	         	         	         	         	         	         	         	         	         	         	         	         	         	         	         	         	         	
    115538	    111970	    114219	    124924	    144111	    163268	    184800	    208352	    230908	    249473	    262531	    267541	    274035	    268217	    254795	    254257	    291443	    331485	    355345	    389849	    447626	    515952	    796461	1.0767e+06	1.11948e+06	1.2194e+06	1.10132e+06	    976325	    836074	    733181	    591996	    467657	    406481	    350735	    270856	    239113	    304623	    330222	    264173	    207717	    218526	    207347	    185991	    168867	    143317	    144381	         	         	         	         	         	         	         	         	         	         	         	         	         	         	         	         	         	         	         	         	         	         	         	         	         	         	         	         	         	         	         	         	         	         	         	         	         	         	         	         	
    131652	    129357	    134078	    149014	    173831	    197753	    223594	    249807	    273302	    291488	    301222	    300848	    304844	    296140	    280542	    279768	    319627	    363021	    387830	    426169	    489199	    566013	    872795	1.18262e+06	1.23906e+06	1.36264e+06	1.23912e+06	1.10466e+06	    957681	    851532	    701756	    560545	    492348	    429380	    334801	    294548	    365787	    394554	    337870	    294950	    363306	    474232	    578854	    687258	    800901	    805970	         	         	         	         	         	         	         	         	         	         	         	         	         	         	         	         	         	         	         	         	         	         	         	         	         	         	         	         	         	         	         	         	         	         	         	         	         	         	         	         	
  0.155316	  0.146806	  0.145767	  0.154931	  0.171476	  0.184644	  0.195317	  0.200667	  0.200363	  0.193973	    0.1814	  0.163901	  0.150988	  0.134058	  0.116556	  0.107526	  0.114727	   0.12285	  0.125288	  0.132416	  0.147815	  0.166856	  0.177885	  0.185499	  0.190553	  0.204866	  0.203747	  0.201125	  0.194926	  0.186266	  0.177486	  0.165973	  0.147989	  0.125752	 0.0955634	 0.0829181	  0.103488	  0.110158	 0.0899031	 0.0737517	 0.0829318	  0.092112	  0.101292	  0.110472	  0.119652	  0.119652	         	         	         	         	         	         	         	         	         	         	         	         	         	         	         	         	         	         	         	         	         	         	         	         	         	         	         	         	         	         	         	         	         	         	         	         	         	         	         	         	
  0.145132	  0.136417	  0.134128	  0.141388	  0.155025	  0.166893	   0.17665	  0.181979	  0.182172	  0.176921	  0.166316	  0.151646	  0.140517	  0.125191	  0.109004	  0.100798	  0.107624	  0.115157	  0.117836	   0.12487	  0.139405	  0.157375	  0.167999	  0.174226	  0.177792	  0.189904	  0.187902	  0.185252	  0.179356	  0.171202	     0.163	  0.152371	   0.13584	  0.115129	 0.0869027	 0.0752234	 0.0942114	  0.100337	 0.0790192	 0.0613966	  0.063879	 0.0597414	 0.0538726	 0.0474776	 0.0402128	 0.0402128	         	         	         	         	         	         	         	         	         	         	         	         	         	         	         	         	         	         	         	         	         	         	         	         	         	         	         	         	         	         	         	         	         	         	         	         	         	         	         	         	
  0.164663	  0.157125	  0.156929	  0.168175	  0.187768	  0.202415	  0.213682	  0.218583	  0.217013	  0.208928	  0.194756	  0.174803	  0.159718	  0.141122	  0.122634	  0.112985	  0.120942	  0.129566	  0.132169	  0.139903	  0.156121	  0.176156	  0.188063	  0.196846	  0.202092	  0.217594	  0.216281	  0.214328	  0.208745	  0.200402	  0.192875	  0.182064	  0.163685	  0.140009	  0.106835	 0.0920709	  0.113784	  0.120966	  0.101565	 0.0872758	  0.106655	  0.135796	   0.16561	   0.19594	  0.226848	  0.226848	         	         	         	         	         	         	         	         	         	         	         	         	         	         	         	         	         	         	         	         	         	         	         	         	         	         	         	         	         	         	         	         	         	         	         	         	         	         	         	         	
 0.0139924	 0.0132257	 0.0131322	 0.0139577	 0.0154483	 0.0166346	 0.0175962	 0.0180781	 0.0180507	 0.0174751	 0.0163423	 0.0147658	 0.0136025	 0.0120773	 0.0105005	0.00968706	 0.0103358	 0.0110676	 0.0112872	 0.0119294	  0.014327	 0.0175021	 0.0203332	 0.0232984	 0.0265648	 0.0321024	  0.036472	 0.0327406	 0.0291034	 0.0256885	 0.0227457	  0.019867	 0.0166193	 0.0133009	0.00955296	0.00785793	0.00932322	0.00992413	0.00809937	 0.0066443	0.00747134	0.00829837	0.00912541	0.00995245	 0.0107795	 0.0107795	         	         	         	         	         	         	         	         	         	         	         	         	         	         	         	         	         	         	         	         	         	         	         	         	         	         	         	         	         	         	         	         	         	         	         	         	         	         	         	         	
  0.013075	 0.0122898	 0.0120836	 0.0127377	 0.0139662	 0.0150354	 0.0159144	 0.0163945	 0.0164119	 0.0159388	 0.0149834	 0.0136618	 0.0126592	 0.0112785	 0.0098202	0.00908092	0.00969583	 0.0103745	 0.0106158	 0.0112495	 0.0134724	 0.0163874	 0.0190259	 0.0214226	 0.0238716	 0.0279915	 0.0304599	 0.0279391	 0.0252652	 0.0227129	  0.020255	  0.017843	 0.0150688	 0.0121286	0.00871918	0.00714211	0.00848751	0.00903941	0.00711885	0.00553123	0.00575486	0.00538211	0.00485339	0.00427727	0.00362277	0.00362277	         	         	         	         	         	         	         	         	         	         	         	         	         	         	         	         	         	         	         	         	         	         	         	         	         	         	         	         	         	         	         	         	         	         	         	         	         	         	         	         	
 0.0148345	 0.0141554	 0.0141378	 0.0151509	  0.016916	 0.0182356	 0.0192506	 0.0196921	 0.0195507	 0.0188224	 0.0175455	  0.015748	  0.014389	 0.0127137	 0.0110481	 0.0101788	 0.0108957	 0.0116726	 0.0119071	 0.0126039	 0.0151358	  0.018581	 0.0217888	 0.0252197	 0.0290681	 0.0355381	 0.0408653	 0.0364808	   0.03233	 0.0286648	 0.0251327	 0.0218621	 0.0183299	 0.0147841	  0.010668	0.00872882	 0.0102508	 0.0108979	0.00914997	0.00786268	0.00960859	 0.0122339	 0.0149198	 0.0176522	 0.0204368	 0.0204368	         	         	         	         	         	         	         	         	         	         	         	         	         	         	         	         	         	         	         	         	         	         	         	         	         	         	         	         	         	         	         	         	         	         	         	         	         	         	         	         	
   51.6084	   147.267	   475.182	   1330.64	   3137.21	   6265.79	   11123.7	   18168.2	   27562.3	   39391.6	   53620.5	   70209.3	   89285.1	    109228	    130671	    155959	    186779	    214075	    233001	    250348	    264068	    268966	    269601	    263442	    252478	    243936	    228900	    209769	    197284	    186113	    175812	    166416	    158451	    151380	    141643	    117436	    125074	    132395	    124704	    120761	    129578	    132956	    134132	    133886	    132808	    128364	         	         	         	         	         	         	         	         	         	         	         	         	         	         	         	         	         	         	         	         	         	         	         	         	         	         	         	         	         	         	         	         	         	         	         	         	         	         	         	         	
   49.7347	   141.354	   459.188	   1294.25	   3068.04	   6143.73	   10907.9	   17807.3	   26957.8	   38436.7	   52177.9	   68101.1	   86413.1	    105540	    125921	    150223	    180520	    207809	    226507	    243933	    258188	    263841	    265067	    259101	    248611	    240147	    225232	    206102	    193528	    182271	    171918	    162540	    154454	    147001	    136530	    113831	    122015	    126035	    116839	    110717	    112881	    112314	    111380	    111027	    110812	    108460	         	         	         	         	         	         	         	         	         	         	         	         	         	         	         	         	         	         	         	         	         	         	         	         	         	         	         	         	         	         	         	         	         	         	         	         	         	         	         	         	
    53.545	    154.04	   495.231	   1380.81	   3243.74	   6468.63	   11476.1	   18763.8	   28531.5	   40894.1	   55865.4	   73468.5	   93712.9	    115096	    138258	    165090	    196643	    224643	    244112	    261518	    274536	    278312	    277924	    271085	    259554	    250383	    234689	    215006	    202228	    191043	    180596	    171064	    163306	    156704	    147665	    121845	    128765	    139242	    133462	    132679	    150394	    158358	    160046	    159318	    158589	    153327	         	         	         	         	         	         	         	         	         	         	         	         	         	         	         	         	         	         	         	         	         	         	         	         	         	         	         	         	         	         	         	         	         	         	         	         	         	         	         	         	
         	         	         	         	         	         	         	         	         	         	         	         	         	         	         	         	         	         	         	         	         	         	         	         	         	         	         	         	         	         	         	         	         	         	         	         	         	         	         	         	         	         	         	         	         	         	         	         	         	         	         	         	         	         	         	         	         	         	         	         	         	         	         	         	         	         	         	         	         	         	         	         	         	         	         	         	         	         	         	         	         	         	         	         	         	         	
         	         	         	         	         	         	         	         	         	         	         	         	         	         	         	         	         	         	         	         	         	         	         	         	         	         	         	         	         	         	         	         	         	         	         	         	         	         	         	         	         	         	         	         	         	         	         	         	         	         	         	         	         	         	         	         	         	         	         	         	         	         	         	         	         	         	         	         	         	         	         	         	         	         	         	         	         	         	         	         	         	         	         	         	         	         	
         	         	         	         	         	         	         	         	         	         	         	         	         	         	         	         	         	         	         	         	         	         	         	         	         	         	         	         	         	         	         	         	         	         	         	         	         	         	         	         	         	         	         	         	         	         	         	         	         	         	         	         	         	         	         	         	         	         	         	         	         	         	         	         	         	         	         	         	         	         	         	         	         	         	         	         	         	         	         	         	         	         	         	         	         	         	
         	         	         	         	         	         	         	         	         	         	         	         	         	         	         	         	         	         	         	         	         	         	         	         	         	         	         	         	         	         	         	         	         	         	         	         	         	         	         	         	         	         	         	         	         	         	         	         	         	         	         	         	         	         	         	         	         	         	         	         	         	         	         	         	         	         	         	         	         	         	         	         	         	         	         	         	         	         	         	         	         	         	         	         	         	         	
         	         	         	         	         	         	         	         	         	         	         	         	         	         	         	         	         	         	         	         	         	         	         	         	         	         	         	         	         	         	         	         	         	         	         	         	         	         	         	         	         	         	         	         	         	         	         	         	         	         	         	         	         	         	         	         	         	         	         	         	         	         	         	         	         	         	         	         	         	         	         	         	         	         	         	         	         	         	         	         	         	         	         	         	         	         	
         	         	         	         	         	         	         	         	         	         	         	         	         	         	         	         	         	         	         	         	         	         	         	         	         	         	         	         	         	         	         	         	         	         	         	         	         	         	         	         	         	         	         	         	         	         	         	         	         	         	         	         	         	         	         	         	         	         	         	         	         	         	         	         	         	         	         	         	         	         	         	         	         	         	         	         	         	         	         	         	         	         	         	         	         	         	
         	         	         	         	         	         	         	         	         	         	         	         	         	         	         	         	         	         	         	         	         	         	         	         	         	         	         	         	         	         	         	         	         	         	         	         	         	         	         	         	         	         	         	         	         	         	         	         	         	         	         	         	         	         	         	         	         	         	         	         	         	         	         	         	         	         	         	         	         	         	         	         	         	         	         	         	         	         	         	         	         	         	         	         	         	         	
         	         	         	         	         	         	         	         	         	         	         	         	         	         	         	         	         	         	         	         	         	         	         	         	         	         	         	         	         	         	         	         	         	         	         	         	         	         	         	         	         	         	         	         	         	         	         	         	         	         	         	         	         	         	         	         	         	         	         	         	         	         	         	         	         	         	         	         	         	         	         	         	         	         	         	         	         	         	         	         	         	         	         	         	         	         	
         	         	         	         	         	         	         	         	         	         	         	         	         	         	         	         	         	         	         	         	         	         	         	         	         	         	         	         	         	         	         	         	         	         	         	         	         	         	         	         	         	         	         	         	         	         	         	         	         	         	         	         	         	         	         	         	         	         	         	         	         	         	         	         	         	         	         	         	         	         	         	         	         	         	         	         	         	         	         	         	         	         	         	         	         	         	
         	         	         	         	         	         	         	         	         	         	         	         	         	         	         	         	         	         	         	         	         	         	         	         	         	         	         	         	         	         	         	         	         	         	         	         	         	         	         	         	         	         	         	         	         	         	         	         	         	         	         	         	         	         	         	         	         	         	         	         	         	         	         	         	         	         	         	         	         	         	         	         	         	         	         	         	         	         	         	         	         	         	         	         	         	         	
         	         	         	         	         	         	         	         	         	         	         	         	         	         	         	         	         	         	         	         	         	         	         	         	         	         	         	         	         	         	         	         	         	         	         	         	         	         	         	         	         	         	         	         	         	         	         	         	         	         	         	         	         	         	         	         	         	         	         	         	         	         	         	         	         	         	         	         	         	         	         	         	         	         	         	         	         	         	         	         	         	         	         	         	         	         	
         	         	         	         	         	         	         	         	         	         	         	         	         	         	         	         	         	         	         	         	         	         	         	         	         	         	         	         	         	         	         	         	         	         	         	         	         	         	         	         	         	         	         	         	         	         	         	         	         	         	         	         	         	         	         	         	         	         	         	         	         	         	         	         	         	         	         	         	         	         	         	         	         	         	         	         	         	         	         	         	         	         	         	         	         	         	
         	         	         	         	         	         	         	         	         	         	         	         	         	         	         	         	         	         	         	         	         	         	         	         	         	         	         	         	         	         	         	         	         	         	         	         	         	         	    796899	1.22891e+06	1.40168e+06	1.43337e+06	1.46177e+06	1.48711e+06	1.50798e+06	1.52455e+06	         	         	         	         	         	         	         	         	         	         	         	         	         	         	         	         	         	         	         	         	         	         	         	         	         	         	         	         	         	         	         	         	         	         	         	         	         	         	         	         	
         	         	         	         	         	         	         	         	         	         	         	         	         	         	         	         	         	         	         	         	         	         	         	         	         	         	         	         	         	         	         	         	         	         	         	         	         	         	    615986	    948405	1.07828e+06	1.09926e+06	 1.118e+06	1.13997e+06	1.15547e+06	1.16849e+06	         	         	         	         	         	         	         	         	         	         	         	         	         	         	         	         	         	         	         	         	         	         	         	         	         	         	         	         	         	         	         	         	         	         	         	         	         	         	         	         	
         	         	         	         	         	         	         	         	         	         	         	         	         	         	         	         	         	         	         	         	         	         	         	         	         	         	         	         	         	         	         	         	         	         	         	         	         	         	1.05343e+06	1.62862e+06	1.85574e+06	1.89149e+06	1.92847e+06	 1.962e+06	1.98336e+06	2.00576e+06	         	         	         	         	         	         	         	         	         	         	         	         	         	         	         	         	         	         	         	         	         	         	         	         	         	         	         	         	         	         	         	         	         	         	         	         	         	         	         	         	
         	         	         	         	         	         	         	         	         	         	         	         	         	         	         	         	         	         	         	         	         	         	         	         	         	         	         	         	         	         	         	         	         	         	         	         	         	         	    796899	1.22891e+06	1.40168e+06	1.43337e+06	1.46177e+06	1.48711e+06	1.50798e+06	1.52455e+06	         	         	         	         	         	         	         	         	         	         	         	         	         	         	         	         	         	         	         	         	         	         	         	         	         	         	         	         	         	         	         	         	         	         	         	         	         	         	         	         	
         	         	         	         	         	         	         	         	         	         	         	         	         	         	         	         	         	         	         	         	         	         	         	         	         	         	         	         	         	         	         	         	         	         	         	         	         	         	    615986	    948405	1.07828e+06	1.09926e+06	 1.118e+06	1.13997e+06	1.15547e+06	1.16849e+06	         	         	         	         	         	         	         	         	         	         	         	         	         	         	         	         	         	         	         	         	         	         	         	         	         	         	         	         	         	         	         	         	         	         	         	         	         	         	         	         	
         	         	         	         	         	         	         	         	         	         	         	         	         	         	         	         	         	         	         	         	         	         	         	         	         	         	         	         	         	         	         	         	         	         	         	         	         	         	1.05343e+06	1.62862e+06	1.85574e+06	1.89149e+06	1.92847e+06	 1.962e+06	1.98336e+06	2.00576e+06	         	         	         	         	         	         	         	         	         	         	         	         	         	         	         	         	         	         	         	         	         	         	         	         	         	         	         	         	         	         	         	         	         	         	         	         	         	         	         	         	
         	         	         	         	         	         	         	         	         	         	         	         	         	         	         	         	         	         	         	         	         	         	         	         	         	         	         	         	         	         	         	         	         	         	         	         	         	         	   8818.59	   14095.5	   16183.6	   16268.1	     16187	   16010.5	   15760.8	   15635.5	         	         	         	         	         	         	         	         	         	         	         	         	         	         	         	         	         	         	         	         	         	         	         	         	         	         	         	         	         	         	         	         	         	         	         	         	         	         	         	         	
         	         	         	         	         	         	         	         	         	         	         	         	         	         	         	         	         	         	         	         	         	         	         	         	         	         	         	         	         	         	         	         	         	         	         	         	         	         	   6884.76	   10839.7	   12379.5	   12228.8	   11845.2	   11246.6	   10647.4	     10198	         	         	         	         	         	         	         	         	         	         	         	         	         	         	         	         	         	         	         	         	         	         	         	         	         	         	         	         	         	         	         	         	         	         	         	         	         	         	         	         	
         	         	         	         	         	         	         	         	         	         	         	         	         	         	         	         	         	         	         	         	         	         	         	         	         	         	         	         	         	         	         	         	         	         	         	         	         	         	   11370.2	   18079.8	   20797.2	   21235.9	   21469.4	   21702.7	   22007.3	   22357.4	         	         	         	         	         	         	         	         	         	         	         	         	         	         	         	         	         	         	         	         	         	         	         	         	         	         	         	         	         	         	         	         	         	         	         	         	         	         	         	         	
         	         	         	         	         	         	         	         	         	         	         	         	         	         	         	         	         	         	         	         	         	         	         	         	         	         	         	         	         	         	         	         	         	         	         	         	         	         	         	         	         	         	         	         	         	         	         	         	         	         	         	         	         	         	         	         	         	         	         	         	         	         	         	         	         	         	         	         	         	         	         	         	         	         	         	         	         	         	         	         	         	         	         	         	         	         	
         	         	         	         	         	         	         	         	         	         	         	         	         	         	         	         	         	         	         	         	         	         	         	         	         	         	         	         	         	         	         	         	         	         	         	         	         	         	         	         	         	         	         	         	         	         	         	         	         	         	         	         	         	         	         	         	         	         	         	         	         	         	         	         	         	         	         	         	         	         	         	         	         	         	         	         	         	         	         	         	         	         	         	         	         	         	
         	         	         	         	         	         	         	         	         	         	         	         	         	         	         	         	         	         	         	         	         	         	         	         	         	         	         	         	         	         	         	         	         	         	         	         	         	         	         	         	         	         	         	         	         	         	         	         	         	         	         	         	         	         	         	         	         	         	         	         	         	         	         	         	         	         	         	         	         	         	         	         	         	         	         	         	         	         	         	         	         	         	         	         	         	         	
         	         	         	         	         	         	         	         	         	         	         	         	         	         	         	         	         	         	         	         	         	         	         	         	         	         	         	         	         	         	         	         	         	         	         	         	         	         	         	         	         	         	         	         	         	         	         	         	         	         	         	         	         	         	         	         	         	         	         	         	         	         	         	         	         	         	         	         	         	         	         	         	         	         	         	         	         	         	         	         	         	         	         	         	         	         	
         	         	         	         	         	         	         	         	         	         	         	         	         	         	         	         	         	         	         	         	         	         	         	         	         	         	         	         	         	         	         	         	         	         	         	         	         	         	         	         	         	         	         	         	         	         	         	         	         	         	         	         	         	         	         	         	         	         	         	         	         	         	         	         	         	         	         	         	         	         	         	         	         	         	         	         	         	         	         	         	         	         	         	         	         	         	
         	         	         	         	         	         	         	         	         	         	         	         	         	         	         	         	         	         	         	         	         	         	         	         	         	         	         	         	         	         	         	         	         	         	         	         	         	         	         	         	         	         	         	         	         	         	         	         	         	         	         	         	         	         	         	         	         	         	         	         	         	         	         	         	         	         	         	         	         	         	         	         	         	         	         	         	         	         	         	         	         	         	         	         	         	         	
         	         	         	         	         	         	         	         	         	         	         	         	         	         	         	         	         	         	         	         	         	         	         	         	         	         	         	         	         	         	         	         	         	         	         	         	         	         	         	         	         	         	         	         	         	         	         	         	         	         	         	         	         	         	         	         	         	         	         	         	         	         	         	         	         	         	         	         	         	         	         	         	         	         	         	         	         	         	         	         	         	         	         	         	         	         	
         	         	         	         	         	         	         	         	         	         	         	         	         	         	         	         	         	         	         	         	         	         	         	         	         	         	         	         	         	         	         	         	         	         	         	         	         	         	         	         	         	         	         	         	         	         	         	         	         	         	         	         	         	         	         	         	         	         	         	         	         	         	         	         	         	         	         	         	         	         	         	         	         	         	         	         	         	         	         	         	         	         	         	         	         	         	
         	         	         	         	         	         	         	         	         	         	         	         	         	         	         	         	         	         	         	         	         	         	         	         	         	         	         	         	         	         	         	         	         	         	         	         	         	         	         	         	         	         	         	         	         	         	         	         	         	         	         	         	         	         	         	         	         	         	         	         	         	         	         	         	         	         	         	         	         	         	         	         	         	         	         	         	         	         	         	         	         	         	         	         	         	         	
         	         	         	         	         	         	         	         	         	         	         	         	         	         	         	         	         	         	         	         	         	         	         	         	         	         	         	         	         	         	         	         	         	         	         	         	         	         	         	         	         	         	         	         	         	         	         	         	         	         	         	         	         	         	         	         	         	         	         	         	         	         	         	         	         	         	         	         	         	         	         	         	         	         	         	         	         	         	         	         	         	         	         	         	         	         	
         	         	         	         	         	         	         	         	         	         	         	         	         	         	         	         	         	         	         	         	         	         	         	         	         	         	         	         	         	         	         	         	         	         	         	         	         	         	         	         	         	         	         	         	         	         	         	         	         	         	         	         	         	         	         	         	         	         	         	         	         	         	         	         	         	         	         	         	         	         	         	         	         	         	         	         	         	         	         	         	         	         	         	         	         	         	
         	         	         	         	         	         	         	         	         	         	         	         	         	         	         	         	         	         	         	         	         	         	         	         	         	         	         	         	         	         	         	         	         	         	         	         	         	         	         	         	         	         	         	         	         	         	         	         	         	         	         	         	         	         	         	         	         	         	         	         	         	         	         	         	         	         	         	         	         	         	         	         	         	         	         	         	         	         	         	         	         	         	         	         	         	         	
         	         	         	         	         	         	         	         	         	         	         	         	         	         	         	         	         	         	         	         	         	         	         	         	         	         	         	         	         	         	         	         	         	         	         	         	         	         	         	         	         	         	         	         	         	         	         	         	         	         	         	         	         	         	         	         	         	         	         	         	         	         	         	         	         	         	         	         	         	         	         	         	         	         	         	         	         	         	         	         	         	         	         	         	         	         	
         	         	         	         	         	         	         	         	         	         	         	         	         	         	         	         	         	         	         	         	         	         	         	         	         	         	         	         	         	         	         	         	         	         	         	         	         	         	         	         	         	         	         	         	         	         	         	         	         	         	         	         	         	         	         	         	         	         	         	         	         	         	         	         	         	         	         	         	         	         	         	         	         	         	         	         	         	         	         	         	         	         	         	         	         	         	
         	         	         	         	         	         	         	         	         	         	         	         	         	         	         	         	         	         	         	         	         	         	         	         	         	         	         	         	         	         	         	         	         	         	         	         	         	         	         	         	         	         	         	         	         	         	         	         	         	         	         	         	         	         	         	         	         	         	         	         	         	         	         	         	         	         	         	         	         	         	         	         	         	         	         	         	         	         	         	         	         	         	         	         	         	         	
         	         	         	         	         	         	         	         	         	         	         	         	         	         	         	         	         	         	         	         	         	         	         	         	         	         	         	         	         	         	         	         	         	         	         	         	         	         	         	         	         	         	         	         	         	         	         	         	         	         	         	         	         	         	         	         	         	         	         	         	         	         	         	         	         	         	         	         	         	         	         	         	         	         	         	         	         	         	         	         	         	         	         	         	         	         	
         	         	         	         	         	         	         	         	         	         	         	         	         	         	         	         	         	         	         	         	         	         	         	         	         	         	         	         	         	         	         	         	         	         	         	         	         	         	         	         	         	         	         	         	         	         	         	         	         	         	         	         	         	         	         	         	         	         	         	         	         	         	         	         	         	         	         	         	         	         	         	         	         	         	         	         	         	         	         	         	         	         	         	         	         	         	
         	         	         	         	         	         	         	         	         	         	         	         	         	         	         	         	         	         	         	         	         	         	         	         	         	         	         	         	         	         	         	         	         	         	         	         	         	         	         	         	         	         	         	         	         	         	         	         	         	         	         	         	         	         	         	         	         	         	         	         	         	         	         	         	         	         	         	         	         	         	         	         	         	         	         	         	         	         	         	         	         	         	         	         	         	         	
         	         	         	         	         	         	         	         	         	         	         	         	         	         	         	         	         	         	         	         	         	         	         	         	         	         	         	         	         	         	         	         	         	         	         	         	         	         	         	         	         	         	         	         	         	         	         	         	         	         	         	         	         	         	         	         	         	         	         	         	         	         	         	         	         	         	         	         	         	         	         	         	         	         	         	         	         	         	         	         	         	         	         	         	         	         	
         	         	         	         	         	         	         	         	         	         	         	         	         	         	         	         	         	         	         	         	         	         	         	         	         	         	         	         	         	         	         	         	         	         	         	         	         	         	         	         	         	         	         	         	         	         	         	         	         	         	         	         	         	         	         	         	         	         	         	         	         	         	         	         	         	         	         	         	         	         	         	         	         	         	         	         	         	         	         	         	         	         	         	         	         	         	
         	         	         	         	         	         	         	         	         	         	         	         	         	         	         	         	         	         	         	         	         	         	         	         	         	         	         	         	         	         	         	         	         	         	         	         	         	         	         	         	         	         	         	         	         	         	         	         	         	         	         	         	         	         	         	         	         	         	         	         	         	         	         	         	         	         	         	         	         	         	         	         	         	         	         	         	         	         	         	         	         	         	         	         	         	         	
         	         	         	         	         	         	         	         	         	         	         	         	         	         	         	         	         	         	         	         	         	         	         	         	         	         	         	         	         	         	         	         	         	         	         	         	         	         	         	         	         	         	         	         	         	         	         	         	         	         	         	         	         	         	         	         	         	         	         	         	         	         	         	         	         	         	         	         	         	         	         	         	         	         	         	         	         	         	         	         	         	         	         	         	         	         	
         	         	         	         	         	         	         	         	         	         	         	         	         	         	         	         	         	         	         	         	         	         	         	         	         	         	         	         	         	         	         	         	         	         	         	         	         	         	         	         	         	         	         	         	         	         	         	         	         	         	         	         	         	         	         	         	         	         	         	         	         	         	         	         	         	         	         	         	         	         	         	         	         	         	         	         	         	         	         	         	         	         	         	         	         	         	
         	         	         	         	         	         	         	         	         	         	         	         	         	         	         	         	         	         	         	         	         	         	         	         	         	         	         	         	         	         	         	         	         	         	         	         	         	         	         	         	         	         	         	         	         	         	         	         	         	         	         	         	         	         	         	         	         	         	         	         	         	         	         	         	         	         	         	         	         	         	         	         	         	         	         	         	         	         	         	         	         	         	         	         	         	         	
         	         	         	         	         	         	         	         	         	         	         	         	         	         	         	         	         	         	         	         	         	         	         	         	         	         	         	         	         	         	         	         	         	         	         	         	         	         	         	         	         	         	         	         	         	         	         	         	         	         	         	         	         	         	         	         	         	         	         	         	         	         	         	         	         	         	         	         	         	         	         	         	         	         	         	         	         	         	         	         	         	         	         	         	         	         	
         	         	         	         	         	         	         	         	         	         	         	         	         	         	         	         	         	         	         	         	         	         	         	         	         	         	         	         	         	         	         	         	         	         	         	         	         	         	         	         	         	         	         	         	         	         	         	         	         	         	         	         	         	         	         	         	         	         	         	         	         	         	         	         	         	         	         	         	         	         	         	         	         	         	         	         	         	         	         	         	         	         	         	         	         	         	
         	         	         	         	         	         	         	         	         	         	         	         	         	         	         	         	         	         	         	         	         	         	         	         	         	         	         	         	         	         	         	         	         	         	         	         	         	         	         	         	         	         	         	         	         	         	         	         	         	         	         	         	         	         	         	         	         	         	         	         	         	         	         	         	         	         	         	         	         	         	         	         	         	         	         	         	         	         	         	         	         	         	         	         	         	         	
         	         	         	         	         	         	         	         	         	         	         	         	         	         	         	         	         	         	         	         	         	         	         	         	         	         	         	         	         	         	         	         	         	         	         	         	         	         	         	         	         	         	         	         	         	         	         	         	         	         	         	         	         	         	         	         	         	         	         	         	         	         	         	         	         	         	         	         	         	         	         	         	         	         	         	         	         	         	         	         	         	         	         	         	         	         	
         	         	         	         	         	         	         	         	         	         	         	         	         	         	         	         	         	         	         	         	         	         	         	         	         	         	         	         	         	         	         	         	         	         	         	         	         	         	         	         	         	         	         	         	         	         	         	         	         	         	         	         	         	         	         	         	         	         	         	         	         	         	         	         	         	         	         	         	         	         	         	         	         	         	         	         	         	         	         	         	         	         	         	         	         	         	
         	         	         	         	         	         	         	         	         	         	         	         	         	         	         	         	         	         	         	         	         	         	         	         	         	         	         	         	         	         	         	         	         	         	         	         	         	         	         	         	         	         	         	         	         	         	         	         	         	         	         	         	         	         	         	         	         	         	         	         	         	         	         	         	         	         	         	         	         	         	         	         	         	         	         	         	         	         	         	         	         	         	         	         	         	         	
         	         	         	         	         	         	         	         	         	         	         	         	         	         	         	         	         	         	         	         	         	         	         	         	         	         	         	         	         	         	         	         	         	         	         	         	         	         	         	         	         	         	         	         	         	         	         	         	         	         	         	         	         	         	         	         	         	         	         	         	         	         	         	         	         	         	         	         	         	         	         	         	         	         	         	         	         	         	         	         	         	         	         	         	         	         	
         	         	         	         	         	         	         	         	         	         	         	         	         	         	         	         	         	         	         	         	         	         	         	         	         	         	         	         	         	         	         	         	         	         	         	         	         	         	         	         	         	         	         	         	         	         	         	         	         	         	         	         	         	         	         	         	         	         	         	         	         	         	         	         	         	         	         	         	         	         	         	         	         	         	         	         	         	         	         	         	         	         	         	         	         	         	
         	         	         	         	         	         	         	         	         	         	         	         	         	         	         	         	         	         	         	         	         	         	         	         	         	         	         	         	         	         	         	         	         	         	         	         	         	         	         	         	         	         	         	         	         	         	         	         	         	         	         	         	         	         	         	         	         	         	         	         	         	         	         	         	         	         	         	         	         	         	         	         	         	         	         	         	         	         	         	         	         	         	         	         	         	         	
         	         	         	         	         	         	         	         	         	         	         	         	         	         	         	         	         	         	         	         	         	         	         	         	         	         	         	         	         	         	         	         	         	         	         	         	         	         	         	         	         	         	         	         	         	         	         	         	         	         	         	         	         	         	         	         	         	         	         	         	         	         	         	         	         	         	         	         	         	         	         	         	         	         	         	         	         	         	         	         	         	         	         	         	         	         	
         	         	         	         	         	         	         	         	         	         	         	         	         	         	         	         	         	         	         	         	         	         	         	         	         	         	         	         	         	         	         	         	         	         	         	         	         	         	         	         	         	         	         	         	         	         	         	         	         	         	         	         	         	         	         	         	         	         	         	         	         	         	         	         	         	         	         	         	         	         	         	         	         	         	         	         	         	         	         	         	         	         	         	         	         	         	
         	         	         	         	         	         	         	         	         	         	         	         	         	         	         	         	         	         	         	         	         	         	         	         	         	         	         	         	         	         	         	         	         	         	         	         	         	         	         	         	         	         	         	         	         	         	         	         	         	         	         	         	         	         	         	         	         	         	         	         	         	         	         	         	         	         	         	         	         	         	         	         	         	         	         	         	         	         	         	         	         	         	         	         	         	         	
         	         	         	         	         	         	         	         	         	         	         	         	         	         	         	         	         	         	         	         	         	         	         	         	         	         	         	         	         	         	         	         	         	         	         	         	         	         	         	         	         	         	         	         	         	         	         	         	         	         	         	         	         	         	         	         	         	         	         	         	         	         	         	         	         	         	         	         	         	         	         	         	         	         	         	         	         	         	         	         	         	         	         	         	         	         	
         	         	         	         	         	         	         	         	         	         	         	         	         	         	         	         	         	         	         	         	         	         	         	         	         	         	         	         	         	         	         	         	         	         	         	         	         	         	         	         	         	         	         	         	         	         	         	         	         	         	         	         	         	         	         	         	         	         	         	         	         	         	         	         	         	         	         	         	         	         	         	         	         	         	         	         	         	         	         	         	         	         	         	         	         	         	
         	         	         	         	         	         	         	         	         	         	         	         	         	         	         	         	         	         	         	         	         	         	         	         	         	         	         	         	         	         	         	         	         	         	         	         	         	         	         	         	         	         	         	         	         	         	         	         	         	         	         	         	         	         	         	         	         	         	         	         	         	         	         	         	         	         	         	         	         	         	         	         	         	         	         	         	         	         	         	         	         	         	         	         	         	         	
         	         	         	         	         	         	         	         	         	         	         	         	         	         	         	         	         	         	         	         	         	         	         	         	         	         	         	         	         	         	         	         	         	         	         	         	         	         	         	         	         	         	         	         	         	         	         	         	         	         	         	         	         	         	         	         	         	         	         	         	         	         	         	         	         	         	         	         	         	         	         	         	         	         	         	         	         	         	         	         	         	         	         	         	         	         	
         	         	         	         	         	         	         	         	         	         	         	         	         	         	         	         	         	         	         	         	         	         	         	         	         	         	         	         	         	         	         	         	         	         	         	         	         	         	         	         	         	         	         	         	         	         	         	         	         	         	         	         	         	         	         	         	         	         	         	         	         	         	         	         	         	         	         	         	         	         	         	         	         	         	         	         	         	         	         	         	         	         	         	         	         	         	
         	         	         	         	         	         	         	         	         	         	         	         	         	         	         	         	         	         	         	         	         	         	         	         	         	         	         	         	         	         	         	         	         	         	         	         	         	         	         	         	         	         	         	         	         	         	         	         	         	         	         	         	         	         	         	         	         	         	         	         	         	         	         	         	         	         	         	         	         	         	         	         	         	         	         	         	         	         	         	         	         	         	         	         	         	         	
         	         	         	         	         	         	         	         	         	         	         	         	         	         	         	         	         	         	         	         	         	         	         	         	         	         	         	         	         	         	         	         	         	         	         	         	         	         	         	         	         	         	         	         	         	         	         	         	         	         	         	         	         	         	         	         	         	         	         	         	         	         	         	         	         	         	         	         	         	         	         	         	         	         	         	         	         	         	         	         	         	         	         	         	         	         	
         	         	         	         	         	         	         	         	         	         	         	         	         	         	         	         	         	         	         	         	         	         	         	         	         	         	         	         	         	         	         	         	         	         	         	         	         	         	         	         	         	         	         	         	         	         	         	         	         	         	         	         	         	         	         	         	         	         	         	         	         	         	         	         	         	         	         	         	         	         	         	         	         	         	         	         	         	         	         	         	         	         	         	         	         	         	
         	         	         	         	         	         	         	         	         	         	         	         	         	         	         	         	         	         	         	         	         	         	         	         	         	         	         	         	         	         	         	         	         	         	         	         	         	         	         	         	         	         	         	         	         	         	         	         	         	         	         	         	         	         	         	         	         	         	         	         	         	         	         	         	         	         	         	         	         	         	         	         	         	         	         	         	         	         	         	         	         	         	         	         	         	         	
         	         	         	         	         	         	         	         	         	         	         	         	         	         	         	         	         	         	         	         	         	         	         	         	         	         	         	         	         	         	         	         	         	         	         	         	         	         	         	         	         	         	         	         	         	         	         	         	         	         	         	         	         	         	         	         	         	         	         	         	         	         	         	         	         	         	         	         	         	         	         	         	         	         	         	         	         	         	         	         	         	         	         	         	         	         	
         	         	         	         	         	         	         	         	         	         	         	         	         	         	         	         	         	         	         	         	         	         	         	         	         	         	         	         	         	         	         	         	         	         	         	         	         	         	         	         	         	         	         	         	         	         	         	         	         	         	         	         	         	         	         	         	         	         	         	         	         	         	         	         	         	         	         	         	         	         	         	         	         	         	         	         	         	         	         	         	         	         	         	         	         	         	
         	         	         	         	         	         	         	         	         	         	         	         	         	         	         	         	         	         	         	         	         	         	         	         	         	         	         	         	         	         	         	         	         	         	         	         	         	         	         	         	         	         	         	         	         	         	         	         	         	         	         	         	         	         	         	         	         	         	         	         	         	         	         	         	         	         	         	         	         	         	         	         	         	         	         	         	         	         	         	         	         	         	         	         	         	         	
         	         	         	         	         	         	         	         	         	         	         	         	         	         	         	         	         	         	         	         	         	         	         	         	         	         	         	         	         	         	         	         	         	         	         	         	         	         	         	         	         	         	         	         	         	         	         	         	         	         	         	         	         	         	         	         	         	         	         	         	         	         	         	         	         	         	         	         	         	         	         	         	         	         	         	         	         	         	         	         	         	         	         	         	         	         	
         	         	         	         	         	         	         	         	         	         	         	         	         	         	         	         	         	         	         	         	         	         	         	         	         	         	         	         	         	         	         	         	         	         	         	         	         	         	         	         	         	         	         	         	         	         	         	         	         	         	         	         	         	         	         	         	         	         	         	         	         	         	         	         	         	         	         	         	         	         	         	         	         	         	         	         	         	         	         	         	         	         	         	         	         	         	
         	         	         	         	         	         	         	         	         	         	         	         	         	         	         	         	         	         	         	         	         	         	         	         	         	         	         	         	         	         	         	         	         	         	         	         	         	         	         	         	         	         	         	         	         	         	         	         	         	         	         	         	         	         	         	         	         	         	         	         	         	         	         	         	         	         	         	         	         	         	         	         	         	         	         	         	         	         	         	         	         	         	         	         	         	         	
         	         	         	         	         	         	         	         	         	         	         	         	         	         	         	         	         	         	         	         	         	         	         	         	         	         	         	         	         	         	         	         	         	         	         	         	         	         	         	         	         	         	         	         	         	         	         	         	         	         	         	         	         	         	         	         	         	         	         	         	         	         	         	         	         	         	         	         	         	         	         	         	         	         	         	         	         	         	         	         	         	         	         	         	         	         	
         	         	         	         	         	         	         	         	         	         	         	         	         	         	         	         	         	         	         	         	         	         	         	         	         	         	         	         	         	         	         	         	         	         	         	         	         	         	         	         	         	         	         	         	         	         	         	         	         	         	         	         	         	         	         	         	         	         	         	         	         	         	         	         	         	         	         	         	         	         	         	         	         	         	         	         	         	         	         	         	         	         	         	         	         	         	
         	         	         	         	         	         	         	         	         	         	         	         	         	         	         	         	         	         	         	         	         	         	         	         	         	         	         	         	         	         	         	         	         	         	         	         	         	         	         	         	         	         	         	         	         	         	         	         	         	         	         	         	         	         	         	         	         	         	         	         	         	         	         	         	         	         	         	         	         	         	         	         	         	         	         	         	         	         	         	         	         	         	         	         	         	         	
         	         	         	         	         	         	         	         	         	         	         	         	         	         	         	         	         	         	         	         	         	         	         	         	         	         	         	         	         	         	         	         	         	         	         	         	         	         	         	         	         	         	         	         	         	         	         	         	         	         	         	         	         	         	         	         	         	         	         	         	         	         	         	         	         	         	         	         	         	         	         	         	         	         	         	         	         	         	         	         	         	         	         	         	         	         	
         	         	         	         	         	         	         	         	         	         	         	         	         	         	         	         	         	         	         	         	         	         	         	         	         	         	         	         	         	         	         	         	         	         	         	         	         	         	         	         	         	         	         	         	         	         	         	         	         	         	         	         	         	         	         	         	         	         	         	         	         	         	         	         	         	         	         	         	         	         	         	         	         	         	         	         	         	         	         	         	         	         	         	         	         	         	
         	         	         	         	         	         	         	         	         	         	         	         	         	         	         	         	         	         	         	         	         	         	         	         	         	         	         	         	         	         	         	         	         	         	         	         	         	         	         	         	         	         	         	         	         	         	         	         	         	         	         	         	         	         	         	         	         	         	         	         	         	         	         	         	         	         	         	         	         	         	         	         	         	         	         	         	         	         	         	         	         	         	         	         	         	         	
         	         	         	         	         	         	         	         	         	         	         	         	         	         	         	         	         	         	         	         	         	         	         	         	         	         	         	         	         	         	         	         	         	         	         	         	         	         	         	         	         	         	         	         	         	         	         	         	         	         	         	         	         	         	         	         	         	         	         	         	         	         	         	         	         	         	         	         	         	         	         	         	         	         	         	         	         	         	         	         	         	         	         	         	         	         	
         	         	         	         	         	         	         	         	         	         	         	         	         	         	         	         	         	         	         	         	         	         	         	         	         	         	         	         	         	         	         	         	         	         	         	         	         	         	         	         	         	         	         	         	         	         	         	         	         	         	         	         	         	         	         	         	         	         	         	         	         	         	         	         	         	         	         	         	         	         	         	         	         	         	         	         	         	         	         	         	         	         	         	         	         	         	
         	         	         	         	         	         	         	         	         	         	         	         	         	         	         	         	         	         	         	         	         	         	         	         	         	         	         	         	         	         	         	         	         	         	         	         	         	         	         	         	         	         	         	         	         	         	         	         	         	         	         	         	         	         	         	         	         	         	         	         	         	         	         	         	         	         	         	         	         	         	         	         	         	         	         	         	         	         	         	         	         	         	         	         	         	         	
         	         	         	         	         	         	         	         	         	         	         	         	         	         	         	         	         	         	         	         	         	         	         	         	         	         	         	         	         	         	         	         	         	         	         	         	         	         	         	         	         	         	         	         	         	         	         	         	         	         	         	         	         	         	         	         	         	         	         	         	         	         	         	         	         	         	         	         	         	         	         	         	         	         	         	         	         	         	         	         	         	         	         	         	         	         	
         	         	         	         	         	         	         	         	         	         	         	         	         	         	         	         	         	         	         	         	         	         	         	         	         	         	         	         	         	         	         	         	         	         	         	         	         	         	         	         	         	         	         	         	         	         	         	         	         	         	         	         	         	         	         	         	         	         	         	         	         	         	         	         	         	         	         	         	         	         	         	         	         	         	         	         	         	         	         	         	         	         	         	         	         	         	
         	         	         	         	         	         	         	         	         	         	         	         	         	         	         	         	         	         	         	         	         	         	         	         	         	         	         	         	         	         	         	         	         	         	         	         	         	         	         	         	         	         	         	         	         	         	         	         	         	         	         	         	         	         	         	         	         	         	         	         	         	         	         	         	         	         	         	         	         	         	         	         	         	         	         	         	         	         	         	         	         	         	         	         	         	         	
         	         	         	         	         	         	         	         	         	         	         	         	         	         	         	         	         	         	         	         	         	         	         	         	         	         	         	         	         	         	         	         	         	         	         	         	         	         	         	         	         	         	         	         	         	         	         	         	         	         	         	         	         	         	         	         	         	         	         	         	         	         	         	         	         	         	         	         	         	         	         	         	         	         	         	         	         	         	         	         	         	         	         	         	         	         	
         	         	         	         	         	         	         	         	         	         	         	         	         	         	         	         	         	         	         	         	         	         	         	         	         	         	         	         	         	         	         	         	         	         	         	         	         	         	         	         	         	         	         	         	         	         	         	         	         	         	         	         	         	         	         	         	         	         	         	         	         	         	         	         	         	         	         	         	         	         	         	         	         	         	         	         	         	         	         	         	         	         	         	         	         	         	
         	         	         	         	         	         	         	         	         	         	         	         	         	         	         	         	         	         	         	         	         	         	         	         	         	         	         	         	         	         	         	         	         	         	         	         	         	         	         	         	         	         	         	         	         	         	         	         	         	         	         	         	         	         	         	         	         	         	         	         	         	         	         	         	         	         	         	         	         	         	         	         	         	         	         	         	         	         	         	         	         	         	         	         	         	         	
         	         	         	         	         	         	         	         	         	         	         	         	         	         	         	         	         	         	         	         	         	         	         	         	         	         	         	         	         	         	         	         	         	         	         	         	         	         	         	         	         	         	         	         	         	         	         	         	         	         	         	         	         	         	         	         	         	         	         	         	         	         	         	         	         	         	         	         	         	         	         	         	         	         	         	         	         	         	         	         	         	         	         	         	         	         	
         	         	         	         	         	         	         	         	         	         	         	         	         	         	         	         	         	         	         	         	         	         	         	         	         	         	         	         	         	         	         	         	         	         	         	         	         	         	         	         	         	         	         	         	         	         	         	         	         	         	         	         	         	         	         	         	         	         	         	         	         	         	         	         	         	         	         	         	         	         	         	         	         	         	         	         	         	         	         	         	         	         	         	         	         	         	
         	         	         	         	         	         	         	         	         	         	         	         	         	         	         	         	         	         	         	         	         	         	         	         	         	         	         	         	         	         	         	         	         	         	         	         	         	         	         	         	         	         	         	         	         	         	         	         	         	         	         	         	         	         	         	         	         	         	         	         	         	         	         	         	         	         	         	         	         	         	         	         	         	         	         	         	         	         	         	         	         	         	         	         	         	         	
         	         	         	         	         	         	         	         	         	         	         	         	         	         	         	         	         	         	         	         	         	         	         	         	         	         	         	         	         	         	         	         	         	         	         	         	         	         	         	         	         	         	         	         	         	         	         	         	         	         	         	         	         	         	         	         	         	         	         	         	         	         	         	         	         	         	         	         	         	         	         	         	         	         	         	         	         	         	         	         	         	         	         	         	         	         	
         	         	         	         	         	         	         	         	         	         	         	         	         	         	         	         	         	         	         	         	         	         	         	         	         	         	         	         	         	         	         	         	         	         	         	         	         	         	         	         	         	         	         	         	         	         	         	         	         	         	         	         	         	         	         	         	         	         	         	         	         	         	         	         	         	         	         	         	         	         	         	         	         	         	         	         	         	         	         	         	         	         	         	         	         	         	
         	         	         	         	         	         	         	         	         	         	         	         	         	         	         	         	         	         	         	         	         	         	         	         	         	         	         	         	         	         	         	         	         	         	         	         	         	         	         	         	         	         	         	         	         	         	         	         	         	         	         	         	         	         	         	         	         	         	         	         	         	         	         	         	         	         	         	         	         	         	         	         	         	         	         	         	         	         	         	         	         	         	         	         	         	         	
         	         	         	         	         	         	         	         	         	         	         	         	         	         	         	         	         	         	         	         	         	         	         	         	         	         	         	         	         	         	         	         	         	         	         	         	         	         	         	         	         	         	         	         	         	         	         	         	         	         	         	         	         	         	         	         	         	         	         	         	         	         	         	         	         	         	         	         	         	         	         	         	         	         	         	         	         	         	         	         	         	         	         	         	         	         	
         	         	         	         	         	         	         	         	         	         	         	         	         	         	         	         	         	         	         	         	         	         	         	         	         	         	         	         	         	         	         	         	         	         	         	         	         	         	         	         	         	         	         	         	         	         	         	         	         	         	         	         	         	         	         	         	         	         	         	         	         	         	         	         	         	         	         	         	         	         	         	         	         	         	         	         	         	         	         	         	         	         	         	         	         	         	
         	         	         	         	         	         	         	         	         	         	         	         	         	         	         	         	         	         	         	         	         	         	         	         	         	         	         	         	         	         	         	         	         	         	         	         	         	         	         	         	         	         	         	         	         	         	         	         	         	         	         	         	         	         	         	         	         	         	         	         	         	         	         	         	         	         	         	         	         	         	         	         	         	         	         	         	         	         	         	         	         	         	         	         	         	         	
   9663.68	   11634.2	   13014.3	   14254.8	   15392.1	   16494.1	   17843.7	   19756.9	   22372.5	   25897.2	   30566.4	   36657.1	     44146	   53029.5	   63630.2	   75965.2	   89037.9	    100285	    108119	    115168	    117430	    114328	    108164	    101080	   93454.4	   85714.7	   76590.8	   68251.8	   63150.9	   59557.3	   56705.9	   54467.6	     53093	   53481.7	   55791.2	   52149.4	   50618.6	   51928.9	   53426.3	   55403.3	   58233.3	     59621	   60072.5	   59910.3	   59321.6	   58434.9	         	         	         	         	         	         	         	         	         	         	         	         	         	         	         	         	         	         	         	         	         	         	         	         	         	         	         	         	         	         	         	         	         	         	         	         	         	         	         	         	
   9095.28	   11035.1	     12416	   13647.3	   14811.8	   15934.8	   17317.3	   19183.9	   21684.1	   25008.8	   29472.3	   35368.4	   42683.3	   51386.6	   61730.2	   73853.2	   86501.5	   97472.8	    104898	    111475	    113490	    110360	    104328	   97341.8	   89713.1	   82000.2	   72982.3	   64634.9	   59366.6	   55506.9	   52333.5	   49745.8	   47941.1	   47699.3	   49057.5	   47632.2	   46686.6	   48695.3	   49195.6	   50151.4	     51486	   51874.2	   51353.3	   48052.4	     43022	   38524.6	         	         	         	         	         	         	         	         	         	         	         	         	         	         	         	         	         	         	         	         	         	         	         	         	         	         	         	         	         	         	         	         	         	         	         	         	         	         	         	         	
   10351.4	   12359.4	   13775.5	     15018	   16114.6	   17209.8	     18653	     20496	   23213.2	   26883.2	   31693.2	   37987.3	   45743.9	   55062.4	   66187.9	   79029.5	     92387	    103673	    111460	    118337	    120542	    117294	    110814	    103670	   96061.9	   88311.5	   79184.3	   70934.8	   66000.9	     62661	   60081.6	   58131.5	   57060.8	   57903.3	   61011.5	   55646.4	     53509	   55202.2	   57889.1	   61432.5	   65817.3	   68416.2	   70109.9	   72163.8	   73951.7	     75985	         	         	         	         	         	         	         	         	         	         	         	         	         	         	         	         	         	         	         	         	         	         	         	         	         	         	         	         	         	         	         	         	         	         	         	         	         	         	         	         	
   6159.18	   7432.03	   8310.74	   9105.54	    9839.8	   10558.8	   11426.3	   12687.8	   14393.1	     16646	   19564.9	   23286.2	   27737.2	   32849.4	   38781.4	   45512.9	   52420.8	   58007.1	   61416.9	   64386.5	   64834.9	   62440.8	   58533.8	   54360.1	   50155.3	   46143.7	   41560.2	   37457.4	   34877.4	   33035.2	   31637.2	   30580.3	   30016.9	   30423.3	   31889.1	   29609.4	   28721.6	   29471.6	   30233.7	   31354.8	   33058.8	   33822.5	   33982.9	   33767.7	   33302.8	   32671.6	         	         	         	         	         	         	         	         	         	         	         	         	         	         	         	         	         	         	         	         	         	         	         	         	         	         	         	         	         	         	         	         	         	         	         	         	         	         	         	         	
   5793.67	   7035.95	   7899.08	   8682.87	   9437.23	     10201	     11064	   12294.1	   13888.1	   16018.2	     18839	   22481.8	   26839.2	   31823.4	   37623.4	   44160.4	   50954.8	   56260.3	   59473.9	   62217.3	   62563.5	   60185.5	   56372.7	   52259.5	   48048.4	   44035.5	   39484.7	   35350.8	     32667	   30670.3	   29080.2	     27807	   26975.1	   26990.4	   27871.3	   26854.7	   26321.2	   27425.9	   27635.6	   28059.8	   28874.9	   29113.9	   28589.8	   26629.9	   23599.1	   20962.1	         	         	         	         	         	         	         	         	         	         	         	         	         	         	         	         	         	         	         	         	         	         	         	         	         	         	         	         	         	         	         	         	         	         	         	         	         	         	         	         	
   6590.89	   7902.71	   8800.08	    9593.2	   10310.7	   11007.5	   11899.4	     13185	   14933.5	   17280.1	   20287.6	   24132.7	   28804.7	   34193.9	   40452.5	   47491.3	   54571.3	     60144	   63495.3	   66356.6	   66852.8	   64250.2	   60267.2	   56003.7	   51779.1	   47768.4	   43185.7	   39136.9	   36659.4	   34953.2	   33715.6	   32835.5	   32464.2	   33158.4	   35111.3	   31814.5	   30587.3	   31561.6	   33032.3	   35023.7	     37771	   39258.1	     40113	   41340.6	   42142.4	   43277.4	         	         	         	         	         	         	         	         	         	         	         	         	         	         	         	         	         	         	         	         	         	         	         	         	         	         	         	         	         	         	         	         	         	         	         	         	         	         	         	         	
    3504.5	   4202.22	   4703.53	    5149.3	   5552.27	   5935.26	   6417.32	    7069.1	   7979.34	   9251.27	   11001.5	   13370.8	   16408.8	   20180.1	   24848.7	   30452.3	   36617.2	   42277.7	   46702.6	   50781.2	   52595.3	   51887.6	   49629.9	   46720.2	   43299.1	     39571	   35030.6	   30794.4	   28273.5	   26522.1	   25068.7	   23887.3	   23076.2	   23058.5	   23902.1	   22539.9	   21897.1	   22457.2	   23192.6	   24048.6	   25174.5	   25798.6	   26089.6	   26142.6	   26018.8	   25763.3	         	         	         	         	         	         	         	         	         	         	         	         	         	         	         	         	         	         	         	         	         	         	         	         	         	         	         	         	         	         	         	         	         	         	         	         	         	         	         	         	
    3301.6	   3997.91	   4495.33	   4945.16	    5359.7	   5723.11	   6230.52	   6860.11	   7730.95	   8938.72	   10616.2	   12913.9	   15875.3	   19542.1	   24102.7	   29545.9	   35590.6	   41212.5	   45423.7	   49257.6	   50926.7	   50174.2	   47955.1	   45082.3	   41664.8	   37964.7	   33497.6	   29284.1	   26699.6	   24836.6	   23253.3	   21938.8	   20969.1	   20702.5	   21177.8	   20746.2	   20353.6	   21249.2	   21594.4	   21991.8	   22539.8	   22810.5	   22735.6	   21505.3	   19459.2	   17623.8	         	         	         	         	         	         	         	         	         	         	         	         	         	         	         	         	         	         	         	         	         	         	         	         	         	         	         	         	         	         	         	         	         	         	         	         	         	         	         	         	
   3750.82	   4464.98	   4981.47	   5432.65	   5824.98	   6212.28	   6722.73	   7427.47	   8394.91	   9724.89	   11527.8	   13958.1	   17086.2	   20995.4	     25830	   31631.2	   37895.8	   43528.7	   48000.7	   52123.2	   53893.7	   53123.1	   50724.6	   47786.3	   44317.6	     40585	   36041.1	   31805.2	   29337.7	   27702.7	   26366.1	     25296	   24618.3	   24805.3	   25940.4	   23843.8	   22989.7	   23640.6	   24875.7	   26331.5	   28045.6	     29155	     29970	   30840.8	   31834.9	   32564.8	         	         	         	         	         	         	         	         	         	         	         	         	         	         	         	         	         	         	         	         	         	         	         	         	         	         	         	         	         	         	         	         	         	         	         	         	         	         	         	         	
0.000494892	0.000580532	0.000632692	0.000675012	0.000709941	0.000741287	0.000778601	0.000832172	0.000910995	0.00102066	0.00116694	0.00135646	0.00159449	 0.0018698	0.00219131	0.00255788	 0.0029336	0.00323198	0.00341456	0.00357078	0.00357946	0.00342883	0.00318313	0.00291946	0.00264981	0.00238644	0.00209425	0.00182985	0.00166211	0.00154016	0.00144118	0.00136136	0.00130526	0.00129356	0.00132707	0.00121919	0.00116517	 0.0011756	0.00118649	0.00120733	0.00124614	0.00125331	0.00124079	0.00121599	0.00118335	0.00114601	         	         	         	         	         	         	         	         	         	         	         	         	         	         	         	         	         	         	         	         	         	         	         	         	         	         	         	         	         	         	         	         	         	         	         	         	         	         	         	         	
0.000465783	0.000550634	0.000603605	0.000646244	0.000683174	0.00071615	0.000755634	0.000808038	0.000882963	0.000985643	0.00112517	0.00130877	0.00154166	0.00181187	0.00212588	0.00248677	0.00285003	0.00314135	0.00331281	0.00345629	0.00345936	0.00330981	0.00307024	0.00281148	0.00254373	0.00228302	0.00199558	0.00173288	 0.0015625	0.00143542	0.00133006	0.00124335	0.00117861	 0.0011537	 0.0011669	0.00111358	0.00107466	0.00110239	0.00109254	0.00109288	0.00110175	0.00109047	0.00106068	0.000975318	0.000858198	0.000755448	         	         	         	         	         	         	         	         	         	         	         	         	         	         	         	         	         	         	         	         	         	         	         	         	         	         	         	         	         	         	         	         	         	         	         	         	         	         	         	         	
0.000530113	0.000616717	0.000669699	0.000711148	0.000743266	0.000773453	0.000813915	0.000863301	0.000945229	0.00105952	0.00120996	0.00140568	 0.0016522	0.00194148	 0.0022794	0.00266106	0.00304395	0.00334116	0.00352007	0.00366905	0.00367432	0.00351777	0.00326113	0.00299426	0.00272375	0.00245874	0.00216516	0.00190178	0.00173711	0.00162043	0.00152698	0.00145294	0.00140281	0.00140051	0.00145124	0.00130094	 0.0012317	 0.0012497	 0.0012856	0.00133871	0.00140843	0.00143817	0.00144819	0.00146474	0.00147508	0.00149003	         	         	         	         	         	         	         	         	         	         	         	         	         	         	         	         	         	         	         	         	         	         	         	         	         	         	         	         	         	         	         	         	         	         	         	         	         	         	         	         	
0.000645567	0.000761065	0.000831495	0.000889746	0.000938909	0.000984069	0.00104064	0.00111675	0.00122615	0.00137412	0.00156622	0.00180869	 0.0021059	 0.0024378	0.00281377	0.00323109	0.00364293	0.00394061	0.00408538	0.00420121	0.00415446	0.00393267	0.00361205	0.00328785	0.00297439	0.00268394	0.00237143	0.00209582	0.00191601	0.00178344	0.00167885	 0.0015962	0.00154142	0.00153736	0.00158504	 0.0014464	0.00138113	0.00139381	0.00140288	0.00142785	0.00147861	0.00148632	 0.0014676	0.00143327	 0.0013895	0.00134045	         	         	         	         	         	         	         	         	         	         	         	         	         	         	         	         	         	         	         	         	         	         	         	         	         	         	         	         	         	         	         	         	         	         	         	         	         	         	         	         	
0.000607257	0.000720506	0.000790308	0.000848446	0.000900496	0.000950718	0.00100764	0.00108209	0.00118313	 0.0013223	0.00150811	0.00174621	0.00203772	0.00236166	0.00272974	0.00313508	0.00354105	0.00382194	0.00395613	0.00405967	0.00400891	0.00379063	0.00347869	 0.0031608	0.00284944	0.00256132	  0.002253	0.00197796	0.00179458	0.00165577	0.00154316	0.00145145	0.00138521	0.00136389	0.00138533	0.00131184	 0.0012657	0.00129706	0.00128232	 0.0012778	0.00129147	0.00127941	 0.0012347	 0.0011303	0.000984856	0.000860017	         	         	         	         	         	         	         	         	         	         	         	         	         	         	         	         	         	         	         	         	         	         	         	         	         	         	         	         	         	         	         	         	         	         	         	         	         	         	         	         	
0.000690817	0.000809264	0.000880453	0.000937398	0.00098384	0.00102589	0.00108372	0.00116051	0.00127218	0.00142647	0.00162407	0.00187444	0.00218695	0.00253758	0.00293501	0.00337154	0.00379238	0.00408577	0.00422363	0.00432976	0.00428376	0.00404663	0.00371901	0.00338726	0.00307068	0.00277844	0.00246419	 0.0021898	0.00201391	0.00188698	0.00178914	0.00171392	0.00166709	0.00167557	 0.0017452	0.00155412	0.00147085	0.00149265	0.00153274	0.00159493	0.00168937	0.00172519	0.00173244	0.00175454	0.00175841	0.00177564	         	         	         	         	         	         	         	         	         	         	         	         	         	         	         	         	         	         	         	         	         	         	         	         	         	         	         	         	         	         	         	         	         	         	         	         	         	         	         	         	
0.000350938	0.000408961	0.00044479	0.000473105	0.000495706	0.000515175	0.000537577	0.000571011	0.000622424	0.000697727	0.000802922	0.00094497	0.00113044	0.00135564	0.00162892	 0.0019505	0.00229412	0.00259236	0.00280819	0.00299999	0.00305777	0.00297082	0.00279209	0.00258275	0.00235245	0.00211328	 0.0018392	0.00158516	0.00142857	0.00131649	0.00122273	 0.0011456	0.00108837	0.00106974	0.00109032	0.00101063	0.000966865	0.000975228	0.00098786	0.00100496	0.00103289	0.00103963	0.00103288	0.00101686	0.000994497	0.00096796	         	         	         	         	         	         	         	         	         	         	         	         	         	         	         	         	         	         	         	         	         	         	         	         	         	         	         	         	         	         	         	         	         	         	         	         	         	         	         	         	
0.00033062	0.000389077	 0.0004251	0.000454349	0.000478513	0.000496761	0.000521929	0.000554129	0.000603048	0.000674154	0.000774802	0.000912677	0.00109368	0.00131278	0.00158001	0.00189244	0.00222981	0.00252704	0.00273128	0.00290998	0.00296076	0.00287272	0.00269787	 0.0024922	0.00226366	 0.0020275	0.00175871	0.00150741	0.00134905	0.00123282	0.00113418	0.00105215	0.000988992	0.000960437	0.000966052	0.000930207	0.000898713	0.000922768	0.000919789	0.000919013	0.000924794	0.000919211	0.000900077	0.000836477	0.000743808	0.000662072	         	         	         	         	         	         	         	         	         	         	         	         	         	         	         	         	         	         	         	         	         	         	         	         	         	         	         	         	         	         	         	         	         	         	         	         	         	         	         	         	
0.000375604	0.000434533	0.000471073	0.000499139	0.000520053	0.000539221	0.000563161	0.000599958	0.00065484	0.000733448	0.000841332	0.000986477	 0.0011771	0.00141041	0.00169324	0.00202601	0.00237423	0.00266907	0.00288624	0.00307927	0.00313326	0.00304156	0.00285367	0.00264168	0.00240779	0.00216743	0.00189225	0.00163719	0.00148235	0.00137509	0.00128601	0.00121316	 0.0011611	0.00115078	0.00118331	 0.0010691	0.00101511	0.00102662	0.00105955	0.00110036	 0.0011507	 0.0011749	0.00118648	0.00119956	0.00121685	0.00122365	         	         	         	         	         	         	         	         	         	         	         	         	         	         	         	         	         	         	         	         	         	         	         	         	         	         	         	         	         	         	         	         	         	         	         	         	         	         	         	         	
   1413.99	   2112.43	    2397.3	   2776.33	   3324.31	   4008.52	   4912.27	   6146.04	   7769.54	   9845.68	   12422.3	   15559.1	   19399.3	   23705.9	   28584.3	   34450.5	   41666.8	   48458.5	   53305.1	     57935	   60826.5	     61165	   59745.7	   57197.7	   53551.5	   49989.1	   45075.4	   39864.6	   36528.7	   33868.9	   31417.5	   29161.2	   27166.2	   25737.2	   24426.7	   21348.7	   20962.6	   21946.6	   21771.3	   21490.7	   22901.8	   23887.1	   24412.9	   24630.2	   24622.9	   24054.6	         	         	         	         	         	         	         	         	         	         	         	         	         	         	         	         	         	         	         	         	         	         	         	         	         	         	         	         	         	         	         	         	         	         	         	         	         	         	         	         	
   1306.57	    1956.9	   2220.28	   2565.23	   3069.15	   3704.05	   4543.93	   5675.55	    7165.3	   9069.77	   11430.4	   14298.5	   17826.1	   21783.1	   26266.2	   31638.2	   38326.5	   44859.9	   49437.9	     53870	   56715.7	   57184.5	   55879.7	   53367.9	   50057.5	   46835.4	     42281	   37438.9	   34370.1	   31938.2	   29634.1	   27442.1	   25656.6	   24314.8	   22906.9	   20038.8	   19615.1	   20427.5	   20036.5	   19462.8	   20073.4	   20274.2	   20358.7	   20292.6	   20296.3	   19544.8	         	         	         	         	         	         	         	         	         	         	         	         	         	         	         	         	         	         	         	         	         	         	         	         	         	         	         	         	         	         	         	         	         	         	         	         	         	         	         	         	
    1528.6	   2283.05	   2590.97	   2993.99	   3570.34	   4279.72	   5214.42	   6475.27	   8164.71	   10347.1	   13067.4	   16396.8	   20488.8	   25103.4	   30354.4	   36632.5	   44222.2	   51209.4	   56249.2	   61027.7	   63859.9	   63996.4	   62366.2	     59601	   55750.8	   51941.6	   46787.5	   41418.9	   37988.8	   35276.3	   32784.9	   30512.7	   28471.3	   27099.4	   25929.6	   22573.4	   22169.6	   23399.2	   23503.7	   23598.6	   26369.5	   28469.1	   29451.8	   29778.9	   29603.6	   29316.1	         	         	         	         	         	         	         	         	         	         	         	         	         	         	         	         	         	         	         	         	         	         	         	         	         	         	         	         	         	         	         	         	         	         	         	         	         	         	         	         	
   978.978	   1453.59	   1648.48	   1915.37	   2304.98	   2791.22	   3422.21	   4279.43	   5385.27	   6763.69	   8426.26	   10389.3	     12721	   15227.8	   17958.1	   21176.6	   25123.2	   28684.1	   30962.4	   33126.3	   34378.7	   34230.7	   33147.5	   31533.2	     29462	   27596.5	   25095.6	   22478.3	   20753.3	   19348.3	   18082.6	   16918.1	   15889.1	   15143.5	   14392.2	   12434.3	   12238.6	   12827.6	   12580.3	   12295.3	     13135	   13689.2	   13941.3	   13999.1	     13920	   13513.9	         	         	         	         	         	         	         	         	         	         	         	         	         	         	         	         	         	         	         	         	         	         	         	         	         	         	         	         	         	         	         	         	         	         	         	         	         	         	         	         	
   915.064	   1361.77	   1543.33	   1790.61	   2154.69	   2605.57	   3187.64	    3991.5	   5020.21	    6305.4	   7849.37	   9683.37	     11893	     14249	   16822.2	   19840.1	   23574.8	   27011.1	   29175.1	   31244.2	   32421.3	   32265.6	   31238.2	   29778.8	   27844.7	     26052	   23700.3	   21286.5	   19662.6	   18314.8	   17153.2	   16059.4	   15066.9	   14309.8	   13488.6	   11730.5	     11525	   11986.5	   11572.9	     11135	   11448.9	   11504.6	   11446.2	   11408.7	   11322.1	   10882.8	         	         	         	         	         	         	         	         	         	         	         	         	         	         	         	         	         	         	         	         	         	         	         	         	         	         	         	         	         	         	         	         	         	         	         	         	         	         	         	         	
   1057.74	   1568.14	   1774.21	   2056.43	   2465.06	   2966.95	   3616.85	   4504.19	   5639.15	    7077.2	    8821.9	   10891.2	   13358.8	   16025.6	   18946.7	   22405.6	   26550.6	   30196.3	   32448.5	   34621.6	   35809.2	   35534.2	   34317.7	   32630.3	   30480.1	   28547.2	   25935.7	   23274.8	   21533.2	   20116.4	   18837.8	   17658.6	     16640	   15958.1	   15294.6	   13133.3	   12954.3	     13690	   13603.4	   13502.6	   15236.8	   16479.6	   16955.7	   17031.5	   16867.6	   16548.6	         	         	         	         	         	         	         	         	         	         	         	         	         	         	         	         	         	         	         	         	         	         	         	         	         	         	         	         	         	         	         	         	         	         	         	         	         	         	         	         	
   435.012	   658.846	   748.819	   860.955	   1019.33	    1217.3	   1490.05	   1866.62	   2384.26	   3081.99	   3996.02	   5169.81	   6678.33	   8478.15	   10626.2	   13273.9	   16543.6	   19774.4	   22342.6	   24808.7	   26447.8	   26934.3	   26598.2	   25664.6	   24089.5	   22392.6	   19979.8	   17386.3	   15775.4	   14520.6	   13334.9	   12243.1	     11277	   10593.7	   10034.5	   8914.42	   8724.05	   9119.06	   9191.05	   9195.41	   9766.84	   10197.9	   10471.6	   10631.1	   10702.9	   10540.7	         	         	         	         	         	         	         	         	         	         	         	         	         	         	         	         	         	         	         	         	         	         	         	         	         	         	         	         	         	         	         	         	         	         	         	         	         	         	         	         	
   391.691	   593.587	   677.049	   780.389	   924.026	   1100.75	    1343.9	   1678.47	   2137.99	   2757.16	   3568.28	   4610.48	   5956.42	   7579.25	   9515.52	   11908.1	   14871.6	   17851.5	     20214	   22494.2	     24046	   24575.6	   24332.5	   23532.3	   22134.5	   20621.7	   18426.2	     16065	   14611.2	   13511.3	   12412.9	   11443.3	     10543	   9928.98	   9399.13	   8268.87	   8038.57	   8370.81	   8393.46	   8324.32	   8557.82	   8736.24	   8810.58	   8914.08	   8956.19	   8689.45	         	         	         	         	         	         	         	         	         	         	         	         	         	         	         	         	         	         	         	         	         	         	         	         	         	         	         	         	         	         	         	         	         	         	         	         	         	         	         	         	
   474.246	   719.335	   817.641	   937.261	   1104.42	   1308.01	   1586.29	   1981.44	   2528.83	   3269.87	   4245.51	    5505.6	      7130	   9077.77	   11411.2	   14269.4	   17735.8	   21090.4	     23757	   26283.8	   27893.8	     28279	     27826	   26764.7	   25080.7	   23282.5	   20773.4	     18085	   16431.3	   15157.1	   13959.7	   12857.7	   11856.3	   11167.9	   10637.2	   9440.42	   9251.95	   9722.89	   9910.22	   10101.3	   11146.1	   11985.9	   12443.4	   12663.8	   12725.3	   12733.4	         	         	         	         	         	         	         	         	         	         	         	         	         	         	         	         	         	         	         	         	         	         	         	         	         	         	         	         	         	         	         	         	         	         	         	         	         	         	         	         	
   6.53427	   25.8043	   90.3156	   262.419	   635.852	   1315.19	   2420.46	   4106.51	    6495.3	   9722.01	   13941.5	   19351.9	   25968.7	   33804.5	   43098.8	   53863.5	   65311.2	   75461.7	   82946.6	   89664.6	   92119.3	   89943.6	     85205	   79465.5	   73023.3	   66252.5	   58133.3	   50407.7	     45637	   42105.4	   39089.2	   36457.7	     34334	   33469.4	   33784.5	   29486.6	   28001.7	     28773	   29370.3	   30047.1	     31258	     31449	   31150.8	   30605.2	   29925.7	   29127.5	         	         	         	         	         	         	         	         	         	         	         	         	         	         	         	         	         	         	         	         	         	         	         	         	         	         	         	         	         	         	         	         	         	         	         	         	         	         	         	         	
   6.25968	   24.8141	    87.024	   253.185	   610.841	   1259.62	   2311.25	    3916.1	   6190.78	   9269.69	   13311.5	   18521.8	     24916	   32538.3	     41635	   52193.7	     63351	   73368.5	   80661.5	   86973.2	     89217	   87019.3	   82412.1	   76792.4	   70391.6	   63699.2	   55741.5	   48096.7	   43269.5	   39611.3	   36445.8	   33669.7	   31372.3	   30204.3	     30060	     27304	   26289.9	   27168.3	     26960	   26749.8	   26992.9	   26732.2	   26027.8	   24197.6	   21612.3	   19227.5	         	         	         	         	         	         	         	         	         	         	         	         	         	         	         	         	         	         	         	         	         	         	         	         	         	         	         	         	         	         	         	         	         	         	         	         	         	         	         	         	
    6.8647	   27.0093	   93.7739	   270.978	   654.603	   1353.34	   2496.15	   4249.49	   6734.68	   10088.2	   14470.9	   20072.8	   26945.8	   35084.4	   44683.3	   55777.5	   67499.2	   77722.9	   85317.8	   92101.4	   94568.6	   92340.3	   87370.1	   81481.5	   75020.6	   68249.7	   60023.2	   52219.3	   47467.2	   44023.6	   41017.1	   38503.5	     36498	   35834.9	   36456.7	     31081	   29301.9	   30447.2	   32043.9	     33754	   35931.6	   36837.9	   37132.5	   37537.5	   38230.3	   38724.4	         	         	         	         	         	         	         	         	         	         	         	         	         	         	         	         	         	         	         	         	         	         	         	         	         	         	         	         	         	         	         	         	         	         	         	         	         	         	         	         	
 0.0950265	  0.108158	  0.114866	  0.119928	  0.123959	  0.127088	  0.130419	  0.134297	  0.140099	  0.147294	  0.155677	     0.165	  0.176262	  0.187159	  0.198375	  0.210375	  0.223096	    0.2335	  0.240757	  0.246986	  0.250698	   0.25039	  0.246081	  0.238455	  0.228454	  0.219379	  0.207456	  0.194185	  0.186618	   0.18066	   0.17519	  0.170708	  0.166797	  0.164508	  0.175673	  0.210365	  0.184112	  0.170118	  0.171149	  0.172364	  0.177094	  0.179105	  0.179466	   0.17884	  0.177486	  0.174827	         	         	         	         	         	         	         	         	         	         	         	         	         	         	         	         	         	         	         	         	         	         	         	         	         	         	         	         	         	         	         	         	         	         	         	         	         	         	         	         	
 0.0897814	    0.1026	  0.109071	  0.113893	  0.118109	  0.121524	   0.12497	  0.129257	  0.135343	  0.142613	  0.150869	  0.160099	  0.171244	  0.181763	  0.192519	  0.204068	  0.216504	  0.226717	  0.233923	  0.240002	  0.243647	  0.243202	  0.238928	  0.230855	  0.221025	  0.212206	  0.200944	  0.188297	  0.180831	  0.174294	  0.168135	  0.162894	  0.158165	  0.154883	  0.163401	  0.196834	  0.174052	  0.157858	  0.160537	  0.162887	  0.168689	  0.171297	  0.171989	  0.169176	  0.160455	  0.149417	         	         	         	         	         	         	         	         	         	         	         	         	         	         	         	         	         	         	         	         	         	         	         	         	         	         	         	         	         	         	         	         	         	         	         	         	         	         	         	         	
  0.101328	   0.11465	  0.121641	  0.126641	  0.130231	  0.132652	  0.135116	  0.138731	   0.14444	   0.15159	  0.160024	  0.169475	  0.180866	  0.192192	  0.203839	  0.216272	  0.229285	  0.240062	   0.24758	  0.253982	  0.257723	  0.257338	  0.252706	  0.244746	  0.234427	  0.225136	  0.213061	  0.199813	  0.192281	  0.186406	  0.181006	  0.176714	  0.173148	  0.171362	  0.184223	  0.220157	    0.1916	  0.181462	  0.180307	  0.180231	  0.184731	  0.186239	  0.186059	  0.186387	  0.187717	   0.18957	         	         	         	         	         	         	         	         	         	         	         	         	         	         	         	         	         	         	         	         	         	         	         	         	         	         	         	         	         	         	         	         	         	         	         	         	         	         	         	         	
 0.0269918	 0.0394921	 0.0419853	 0.0437514	 0.0463159	 0.0505511	 0.0562319	 0.0636496	 0.0727087	 0.0830784	 0.0943352	  0.106056	  0.116967	  0.128296	    0.1392	  0.147835	  0.153002	  0.157631	  0.161506	  0.164494	   0.16307	  0.159415	  0.155584	  0.152318	  0.148095	  0.141194	  0.133996	  0.126492	  0.121441	  0.117933	  0.114745	   0.11155	  0.108452	  0.107811	  0.110708	  0.111385	  0.100266	 0.0990654	  0.104963	  0.107284	  0.104711	  0.103631	  0.102254	  0.100814	 0.0992799	 0.0989087	         	         	         	         	         	         	         	         	         	         	         	         	         	         	         	         	         	         	         	         	         	         	         	         	         	         	         	         	         	         	         	         	         	         	         	         	         	         	         	         	
 0.0246717	 0.0361021	 0.0383845	 0.0399703	 0.0423137	 0.0463108	  0.051641	 0.0584571	  0.066806	 0.0764207	 0.0868959	 0.0977171	  0.107791	  0.118282	  0.128391	  0.136392	  0.141179	  0.145693	  0.149283	    0.1521	  0.150826	   0.14748	  0.143921	  0.140903	   0.13703	  0.130847	  0.124386	  0.117769	  0.113472	  0.110201	   0.10736	  0.104595	  0.101669	  0.101352	  0.103861	  0.103759	 0.0930835	 0.0918024	 0.0966746	 0.0986014	 0.0952939	 0.0936832	 0.0908961	 0.0874066	 0.0824006	 0.0798207	         	         	         	         	         	         	         	         	         	         	         	         	         	         	         	         	         	         	         	         	         	         	         	         	         	         	         	         	         	         	         	         	         	         	         	         	         	         	         	         	
 0.0280769	 0.0410789	 0.0436655	 0.0454434	 0.0480146	 0.0523528	 0.0582057	 0.0659007	 0.0752036	 0.0857708	 0.0974136	  0.109639	  0.120982	  0.132745	  0.143938	  0.152856	  0.158298	  0.162706	  0.166632	  0.169651	   0.16815	  0.164435	   0.16054	  0.157228	  0.152811	  0.145738	  0.138633	   0.13082	  0.125459	  0.121723	  0.118349	  0.115144	  0.112313	  0.112172	  0.115813	  0.116749	  0.105586	  0.104713	  0.111135	  0.113928	  0.112094	  0.112172	  0.112039	  0.112151	  0.112494	  0.112716	         	         	         	         	         	         	         	         	         	         	         	         	         	         	         	         	         	         	         	         	         	         	         	         	         	         	         	         	         	         	         	         	         	         	         	         	         	         	         	         	
    373231	    420097	    454428	    490039	    526646	    566212	    619211	    698085	    807784	    956769	1.15468e+06	1.41302e+06	1.72956e+06	2.1055e+06	2.55374e+06	3.07441e+06	3.62498e+06	4.09537e+06	4.41785e+06	4.69968e+06	4.77465e+06	4.62237e+06	4.34758e+06	4.03367e+06	3.69771e+06	3.35912e+06	2.96686e+06	2.60976e+06	2.38929e+06	2.23264e+06	2.10406e+06	1.99651e+06	1.91938e+06	1.90752e+06	1.96389e+06	1.80245e+06	1.73139e+06	1.76372e+06	1.79698e+06	1.84501e+06	1.92019e+06	1.94579e+06	1.94001e+06	1.91433e+06	1.87558e+06	1.82838e+06	         	         	         	         	         	         	         	         	         	         	         	         	         	         	         	         	         	         	         	         	         	         	         	         	         	         	         	         	         	         	         	         	         	         	         	         	         	         	         	         	
    351609	    399289	    434724	    471215	    507913	    547818	    601650	    676433	    778434	    920549	1.11231e+06	1.36277e+06	1.6674e+06	2.0329e+06	2.47008e+06	2.98254e+06	3.51531e+06	3.9785e+06	4.29174e+06	4.55394e+06	4.61888e+06	4.4659e+06	4.19721e+06	3.88821e+06	3.55316e+06	3.21677e+06	2.83011e+06	2.47406e+06	2.24807e+06	2.08201e+06	1.94228e+06	1.82318e+06	1.73205e+06	1.69867e+06	1.7231e+06	1.64322e+06	1.59272e+06	1.65328e+06	1.65337e+06	1.66282e+06	1.68971e+06	1.68138e+06	1.64931e+06	1.53221e+06	1.3451e+06	1.19977e+06	         	         	         	         	         	         	         	         	         	         	         	         	         	         	         	         	         	         	         	         	         	         	         	         	         	         	         	         	         	         	         	         	         	         	         	         	         	         	         	         	
    399328	    446505	    481203	    516613	    552321	    594024	    645081	    726592	    840966	    995862	1.20129e+06	1.46962e+06	1.79644e+06	2.18535e+06	2.65567e+06	3.19769e+06	3.76115e+06	4.23233e+06	4.55263e+06	4.82673e+06	4.89763e+06	4.74654e+06	4.45403e+06	4.13464e+06	3.80165e+06	3.4594e+06	3.06664e+06	2.71017e+06	2.49487e+06	2.34232e+06	2.22794e+06	2.13017e+06	2.06129e+06	2.06619e+06	2.14989e+06	1.92317e+06	1.82937e+06	1.87439e+06	1.95104e+06	2.05201e+06	2.17502e+06	2.24082e+06	2.27311e+06	2.32308e+06	2.3541e+06	2.38883e+06	         	         	         	         	         	         	         	         	         	         	         	         	         	         	         	         	         	         	         	         	         	         	         	         	         	         	         	         	         	         	         	         	         	         	         	         	         	         	         	         	
         	         	         	         	         	         	         	         	         	         	         	         	         	         	         	         	         	         	         	         	         	         	         	         	         	         	         	         	         	         	         	         	         	         	         	         	         	         	         	         	         	         	         	         	         	         	         	         	         	         	         	         	         	         	         	         	         	         	         	         	         	         	         	         	         	         	         	         	         	         	         	         	         	         	         	         	         	         	         	         	         	         	         	         	         	         	
         	         	         	         	         	         	         	         	         	         	         	         	         	         	         	         	         	         	         	         	         	         	         	         	         	         	         	         	         	         	         	         	         	         	         	         	         	         	         	         	         	         	         	         	         	         	         	         	         	         	         	         	         	         	         	         	         	         	         	         	         	         	         	         	         	         	         	         	         	         	         	         	         	         	         	         	         	         	         	         	         	         	         	         	         	         	
         	         	         	         	         	         	         	         	         	         	         	         	         	         	         	         	         	         	         	         	         	         	         	         	         	         	         	         	         	         	         	         	         	         	         	         	         	         	         	         	         	         	         	         	         	         	         	         	         	         	         	         	         	         	         	         	         	         	         	         	         	         	         	         	         	         	         	         	         	         	         	         	         	         	         	         	         	         	         	         	         	         	         	         	         	         	
         	         	         	         	         	         	         	         	         	         	         	         	         	         	         	         	         	         	         	         	         	         	         	         	         	    229418	    381453	    357579	    375169	    420705	    395311	    420004	    416550	    483873	    485953	    373222	    322240	    283444	    278361	    304212	    328786	    350918	    371473	    390535	    384845	    379022	         	         	         	         	         	         	         	         	         	         	         	         	         	         	         	         	         	         	         	         	         	         	         	         	         	         	         	         	         	         	         	         	         	         	         	         	         	         	         	         	
         	         	         	         	         	         	         	         	         	         	         	         	         	         	         	         	         	         	         	         	         	         	         	         	         	    227811	    378682	    354964	    372345	    417288	    391976	    416408	    412897	    479577	    481750	    370027	    319599	    281148	    276062	    260799	    242596	    223111	    204163	    186093	    186219	    185554	         	         	         	         	         	         	         	         	         	         	         	         	         	         	         	         	         	         	         	         	         	         	         	         	         	         	         	         	         	         	         	         	         	         	         	         	         	         	         	         	
         	         	         	         	         	         	         	         	         	         	         	         	         	         	         	         	         	         	         	         	         	         	         	         	         	    232191	    386189	    362009	    379923	    426400	    400810	    425904	    422424	    490672	    492596	    378231	    326407	    287006	    281853	    360837	    439642	    512501	    579965	    641880	    626592	    611246	         	         	         	         	         	         	         	         	         	         	         	         	         	         	         	         	         	         	         	         	         	         	         	         	         	         	         	         	         	         	         	         	         	         	         	         	         	         	         	         	
4.0066e-305	4.0066e-305	4.0066e-305	4.0066e-305	4.0066e-305	4.0066e-305	4.0066e-305	4.0066e-305	4.0066e-305	4.0066e-305	4.0066e-305	4.0066e-305	4.0066e-305	4.0066e-305	4.0066e-305	4.0066e-305	4.0066e-305	4.0066e-305	4.0066e-305	4.0066e-305	4.0066e-305	4.0066e-305	4.0066e-305	4.0066e-305	4.0066e-305	4.0066e-305	4.0066e-305	4.0066e-305	4.0066e-305	4.0066e-305	4.0066e-305	4.0066e-305	4.0066e-305	4.0066e-305	4.0066e-305	4.0066e-305	4.0066e-305	         	         	         	         	         	         	         	         	         	         	         	         	         	         	         	         	         	         	         	         	         	         	         	         	         	         	         	         	         	         	         	         	         	         	         	         	         	         	         	         	         	         	         	         	         	         	         	         	         	
4.0066e-305	4.0066e-305	4.0066e-305	4.0066e-305	4.0066e-305	4.0066e-305	4.0066e-305	4.0066e-305	4.0066e-305	4.0066e-305	4.0066e-305	4.0066e-305	4.0066e-305	4.0066e-305	4.0066e-305	4.0066e-305	4.0066e-305	4.0066e-305	4.0066e-305	4.0066e-305	4.0066e-305	4.0066e-305	4.0066e-305	4.0066e-305	4.0066e-305	4.0066e-305	4.0066e-305	4.0066e-305	4.0066e-305	4.0066e-305	4.0066e-305	4.0066e-305	4.0066e-305	4.0066e-305	4.0066e-305	4.0066e-305	4.0066e-305	         	         	         	         	         	         	         	         	         	         	         	         	         	         	         	         	         	         	         	         	         	         	         	         	         	         	         	         	         	         	         	         	         	         	         	         	         	         	         	         	         	         	         	         	         	         	         	         	         	
4.0066e-305	4.0066e-305	4.0066e-305	4.0066e-305	4.0066e-305	4.0066e-305	4.0066e-305	4.0066e-305	4.0066e-305	4.0066e-305	4.0066e-305	4.0066e-305	4.0066e-305	4.0066e-305	4.0066e-305	4.0066e-305	4.0066e-305	4.0066e-305	4.0066e-305	4.0066e-305	4.0066e-305	4.0066e-305	4.0066e-305	4.0066e-305	4.0066e-305	4.0066e-305	4.0066e-305	4.0066e-305	4.0066e-305	4.0066e-305	4.0066e-305	4.0066e-305	4.0066e-305	4.0066e-305	4.0066e-305	4.0066e-305	4.0066e-305	         	         	         	         	         	         	         	         	         	         	         	         	         	         	         	         	         	         	         	         	         	         	         	         	         	         	         	         	         	         	         	         	         	         	         	         	         	         	         	         	         	         	         	         	         	         	         	         	         	
         	         	         	         	         	         	         	         	         	         	         	         	         	         	         	         	         	         	         	         	         	         	         	         	         	 0.0583827	  0.082754	 0.0708105	 0.0805383	 0.0916754	 0.0807377	 0.0777775	 0.0725812	 0.0833655	 0.0824912	  0.062831	 0.0537945	 0.0468289	 0.0458193	 0.0499929	 0.0541665	   0.05834	 0.0625136	 0.0666872	 0.0666872	 0.0666872	         	         	         	         	         	         	         	         	         	         	         	         	         	         	         	         	         	         	         	         	         	         	         	         	         	         	         	         	         	         	         	         	         	         	         	         	         	         	         	         	
         	         	         	         	         	         	         	         	         	         	         	         	         	         	         	         	         	         	         	         	         	         	         	         	         	  0.057904	  0.082085	 0.0702464	  0.079877	 0.0909678	 0.0801299	 0.0771726	 0.0720005	 0.0826948	 0.0817856	 0.0622665	 0.0532799	 0.0463692	 0.0453861	 0.0426195	 0.0394726	 0.0363199	 0.0332362	 0.0301524	 0.0301524	 0.0301524	         	         	         	         	         	         	         	         	         	         	         	         	         	         	         	         	         	         	         	         	         	         	         	         	         	         	         	         	         	         	         	         	         	         	         	         	         	         	         	         	
         	         	         	         	         	         	         	         	         	         	         	         	         	         	         	         	         	         	         	         	         	         	         	         	         	 0.0586449	 0.0831195	  0.071114	 0.0808947	   0.09205	 0.0810588	 0.0781017	 0.0728961	 0.0837345	 0.0828818	 0.0631408	 0.0540709	 0.0470737	 0.0460899	 0.0597306	 0.0733499	 0.0872498	  0.101178	  0.115106	  0.115106	  0.115106	         	         	         	         	         	         	         	         	         	         	         	         	         	         	         	         	         	         	         	         	         	         	         	         	         	         	         	         	         	         	         	         	         	         	         	         	         	         	         	         	
         	         	         	         	         	         	         	         	         	         	         	         	         	         	         	         	         	         	         	         	         	         	         	         	         	  0.315345	  0.395439	  0.375968	  0.397013	   0.40105	  0.348323	  0.319302	  0.321231	  0.379967	  0.384838	  0.298976	  0.257046	  0.225979	  0.220714	  0.237371	  0.253281	  0.267818	  0.281251	  0.293603	  0.288337	  0.283111	         	         	         	         	         	         	         	         	         	         	         	         	         	         	         	         	         	         	         	         	         	         	         	         	         	         	         	         	         	         	         	         	         	         	         	         	         	         	         	         	
         	         	         	         	         	         	         	         	         	         	         	         	         	         	         	         	         	         	         	         	         	         	         	         	         	  0.313137	  0.392567	  0.373219	  0.394025	  0.397793	  0.345385	  0.316569	  0.318414	  0.376594	  0.381509	  0.296416	  0.254939	  0.224149	  0.218892	  0.203588	  0.187484	  0.171358	  0.155624	  0.140262	  0.139424	  0.138369	         	         	         	         	         	         	         	         	         	         	         	         	         	         	         	         	         	         	         	         	         	         	         	         	         	         	         	         	         	         	         	         	         	         	         	         	         	         	         	         	
         	         	         	         	         	         	         	         	         	         	         	         	         	         	         	         	         	         	         	         	         	         	         	         	         	  0.319156	  0.400349	  0.380627	  0.402044	  0.406478	  0.353169	  0.323788	  0.325761	  0.385307	  0.390099	  0.302988	   0.26037	  0.228819	  0.223484	  0.282016	   0.34064	  0.393568	  0.442255	  0.486151	  0.472865	  0.458774	         	         	         	         	         	         	         	         	         	         	         	         	         	         	         	         	         	         	         	         	         	         	         	         	         	         	         	         	         	         	         	         	         	         	         	         	         	         	         	         	
         	         	         	         	         	         	         	         	         	         	         	         	         	         	         	         	         	         	         	         	         	         	         	         	         	         	         	         	         	         	         	         	         	         	         	         	         	         	         	         	         	         	         	         	         	         	         	         	         	         	         	         	         	         	         	         	         	         	         	         	         	         	         	         	         	         	         	         	         	         	         	         	         	         	         	         	         	         	         	         	         	         	         	         	         	         	
         	         	         	         	         	         	         	         	         	         	         	         	         	         	         	         	         	         	         	         	         	         	         	         	         	         	         	         	         	         	         	         	         	         	         	         	         	         	         	         	         	         	         	         	         	         	         	         	         	         	         	         	         	         	         	         	         	         	         	         	         	         	         	         	         	         	         	         	         	         	         	         	         	         	         	         	         	         	         	         	         	         	         	         	         	         	
         	         	         	         	         	         	         	         	         	         	         	         	         	         	         	         	         	         	         	         	         	         	         	         	         	         	         	         	         	         	         	         	         	         	         	         	         	         	         	         	         	         	         	         	         	         	         	         	         	         	         	         	         	         	         	         	         	         	         	         	         	         	         	         	         	         	         	         	         	         	         	         	         	         	         	         	         	         	         	         	         	         	         	         	         	         	
   24506.9	   23724.3	   25063.6	   25986.5	   26329.5	   26073.5	   25555.6	     24993	   24552.9	     24355	   24509.7	   25055.8	   26183.2	     27575	   29188.6	   30847.1	   31995.7	   31766.7	   30507.9	   29289.4	   27291.7	   24730.7	     22200	   20279.3	   18789.1	   17490.1	   16294.2	   15570.5	   15157.8	   14955.3	   14863.5	   14932.7	   15246.1	   15954.4	     15517	   10356.6	   12469.7	   14699.5	   14886.6	   15178.8	   15297.6	   15149.7	   14865.7	     14507	   14078.4	     13690	         	         	         	         	         	         	         	         	         	         	         	         	         	         	         	         	         	         	         	         	         	         	         	         	         	         	         	         	         	         	         	         	         	         	         	         	         	         	         	         	
     23130	   22541.7	   23995.8	   24817.9	   25052.1	     24717	     24161	     23594	   23173.4	   23010.2	   23208.6	   23805.6	     24973	   26404.1	   28063.2	     29779	   30997.3	   30980.4	   29751.4	   28490.5	     26486	   23943.2	   21439.6	   19522.2	   18013.8	   16690.4	     15473	   14701.2	   14222.4	   13937.9	   13753.9	   13717.4	   13904.5	     14434	   13999.4	   9840.19	   11863.5	   12785.1	   12663.5	   12689.3	   12615.7	   12403.5	   12042.7	   11300.5	   10330.1	   9612.09	         	         	         	         	         	         	         	         	         	         	         	         	         	         	         	         	         	         	         	         	         	         	         	         	         	         	         	         	         	         	         	         	         	         	         	         	         	         	         	         	
   26731.7	   25916.8	   27479.9	   28389.3	   28652.3	   28250.5	     27521	   26990.1	   26529.1	   26240.7	     26299	   26747.4	   27801.3	   29185.5	     30787	   32417.9	   33552.7	   33259.5	   31782.2	   30351.9	     28195	     25533	   22983.4	   21058.9	     19593	   18318.4	   17114.2	     16399	   16045.7	     15957	   15964.1	     16119	   16508.7	   17318.5	     16814	   10853.3	   13041.7	   16663.7	   17189.4	   17905.7	     18308	     18347	   18385.8	   18333.7	   18189.2	   18126.8	         	         	         	         	         	         	         	         	         	         	         	         	         	         	         	         	         	         	         	         	         	         	         	         	         	         	         	         	         	         	         	         	         	         	         	         	         	         	         	         	
   12491.4	   12077.9	   12739.8	   13195.1	   13358.5	     13220	     12927	     12624	   12387.1	   12275.4	     12344	   12612.1	   13187.6	   13896.3	   14716.7	   15561.7	   16147.2	   16033.5	     15400	   14784.3	   13774.7	   12481.2	   11204.8	   10237.4	   9486.84	   8831.83	   8228.76	   7863.05	   7654.14	   7551.84	   7506.39	   7542.67	   7702.44	   8061.24	   7841.37	   5236.08	   6299.57	   7419.72	   7512.25	   7658.79	   7716.64	   7638.47	    7491.4	   7307.22	   7088.71	   6891.56	         	         	         	         	         	         	         	         	         	         	         	         	         	         	         	         	         	         	         	         	         	         	         	         	         	         	         	         	         	         	         	         	         	         	         	         	         	         	         	         	
   11788.3	   11477.8	   12201.1	   12601.3	   12710.3	   12532.4	   12222.3	   11918.5	   11692.9	   11599.8	   11691.5	   11986.1	   12581.8	   13310.4	     14154	     15028	   15648.9	   15642.4	   15024.3	   14387.1	   13373.8	     12089	   10825.8	   9859.35	   9099.17	   8431.45	   7817.14	   7426.92	   7184.47	   7040.72	   6948.66	   6931.51	   7027.44	   7296.03	   7076.83	   4976.85	   5995.95	   6455.03	   6391.73	   6404.41	   6366.94	   6253.77	   6068.93	   5691.31	   5198.06	   4839.44	         	         	         	         	         	         	         	         	         	         	         	         	         	         	         	         	         	         	         	         	         	         	         	         	         	         	         	         	         	         	         	         	         	         	         	         	         	         	         	         	
   13626.9	   13192.5	   13963.7	   14404.4	   14530.4	   14312.5	   13914.6	   13625.2	   13380.9	   13221.8	   13240.5	   13458.3	   14000.5	   14706.9	   15513.5	     16345	   16920.7	   16770.8	   16026.2	   15308.4	   14216.7	   12877.4	   11591.2	   10622.8	   9885.34	   9240.76	   8634.32	   8273.31	   8097.92	    8053.7	   8058.36	    8134.2	   8332.44	   8742.22	      8489	    5482.4	   6584.64	   8408.16	   8667.21	   9037.08	   9232.28	   9257.29	   9269.88	   9236.17	   9164.42	   9133.07	         	         	         	         	         	         	         	         	         	         	         	         	         	         	         	         	         	         	         	         	         	         	         	         	         	         	         	         	         	         	         	         	         	         	         	         	         	         	         	         	
   12015.5	   11646.4	   12323.8	   12791.4	   12970.9	   12853.5	   12628.5	   12369.1	   12165.8	   12079.6	   12165.7	   12443.7	   12995.6	   13678.7	   14471.9	   15285.4	   15848.5	   15733.1	   15107.9	   14505.2	     13517	   12249.5	   10995.2	   10041.9	   9302.26	   8658.29	   8065.41	   7707.42	   7503.71	   7403.49	   7357.08	   7390.04	   7543.65	   7893.17	   7675.62	   5120.56	   6170.12	   7279.83	   7374.36	      7520	   7580.94	   7511.19	   7374.26	   7199.76	   6989.68	    6798.4	         	         	         	         	         	         	         	         	         	         	         	         	         	         	         	         	         	         	         	         	         	         	         	         	         	         	         	         	         	         	         	         	         	         	         	         	         	         	         	         	
   11341.7	   11063.9	   11794.7	   12216.6	   12341.8	   12184.6	   11938.7	   11675.5	   11480.5	   11410.4	   11517.1	   11819.5	   12391.2	   13093.7	   13909.3	     14751	   15348.4	   15337.9	   14727.2	   14103.4	   13112.1	   11854.2	   10613.9	   9662.81	   8914.62	   8258.94	   7655.82	   7274.27	   7037.88	   6897.17	   6805.26	   6785.96	   6877.07	   7137.99	   6922.03	   4863.35	   5867.58	   6330.07	   6271.74	   6284.91	   6249.95	   6147.65	   5977.23	   5615.15	   5132.07	   4772.65	         	         	         	         	         	         	         	         	         	         	         	         	         	         	         	         	         	         	         	         	         	         	         	         	         	         	         	         	         	         	         	         	         	         	         	         	         	         	         	         	
   13103.4	   12724.3	   13516.3	   13984.9	   14125.3	     13938	   13606.4	   13364.9	   13148.2	   13018.9	   13058.5	   13289.2	   13804.8	   14478.6	   15273.5	   16072.9	     16632	   16488.7	     15756	   15045.9	   13978.3	   12655.6	   11392.2	   10436.1	    9707.7	    9077.6	   8479.92	   8125.67	   7944.97	   7901.01	   7905.73	   7984.83	   8176.23	    8576.3	   8324.95	   5367.86	   6456.48	   8251.34	   8522.13	   8868.61	   9072.86	   9104.66	   9115.87	   9097.52	   9024.81	   8993.73	         	         	         	         	         	         	         	         	         	         	         	         	         	         	         	         	         	         	         	         	         	         	         	         	         	         	         	         	         	         	         	         	         	         	         	         	         	         	         	         	
  0.200204	    1.0188	    3.2428	   8.76962	   20.2512	   40.6318	   73.4531	   123.437	   195.844	   296.968	   434.163	   615.371	   858.661	   1161.18	   1521.68	   1927.96	      2330	   2625.71	   2795.89	   2880.26	   2783.38	   2572.17	   2324.45	   2094.71	   1849.28	   1595.68	   1364.83	    1178.8	   1023.13	   891.133	   761.156	   644.457	   549.603	   478.969	   395.409	   227.433	   248.391	   263.664	   238.526	   218.874	   201.468	   184.143	   168.437	   154.145	   141.113	   130.245	         	         	         	         	         	         	         	         	         	         	         	         	         	         	         	         	         	         	         	         	         	         	         	         	         	         	         	         	         	         	         	         	         	         	         	         	         	         	         	         	
   0.18786	   0.96327	   3.09271	   8.34605	   19.1953	   38.3584	   69.1376	   115.993	   183.988	   279.313	   409.367	   582.356	    815.95	   1108.01	   1458.21	   1855.38	   2250.52	   2553.67	   2722.31	   2797.27	   2696.93	   2486.19	   2240.91	   2012.77	   1769.81	   1520.28	   1294.29	   1112.01	   959.773	   830.931	   705.228	   593.019	   501.824	   433.445	   356.333	   216.147	   236.376	   228.392	   201.771	   181.617	   164.943	   149.412	   135.018	   118.717	   101.425	   88.6212	         	         	         	         	         	         	         	         	         	         	         	         	         	         	         	         	         	         	         	         	         	         	         	         	         	         	         	         	         	         	         	         	         	         	         	         	         	         	         	         	
  0.220101	   1.12074	    3.5764	   9.64197	   22.1752	   44.3064	   79.6342	   134.018	   212.916	   321.879	   468.519	   660.449	   916.367	   1233.11	   1611.44	   2034.03	   2455.11	   2761.41	   2927.66	   2997.97	   2885.73	   2659.27	   2411.12	   2179.45	   1931.83	   1673.32	   1434.16	   1240.89	   1082.58	   950.347	   816.319	   693.848	   593.828	   519.303	   428.624	   238.063	   259.427	   299.659	   276.606	   259.644	   242.508	   224.678	   210.071	   196.995	   185.085	   174.509	         	         	         	         	         	         	         	         	         	         	         	         	         	         	         	         	         	         	         	         	         	         	         	         	         	         	         	         	         	         	         	         	         	         	         	         	         	         	         	         	
         	         	         	         	         	         	         	         	         	         	         	         	         	         	         	   3.14596	   11.5259	   21.3479	   31.2562	   65.7208	   134.626	   208.443	   272.701	   336.325	   419.291	   495.525	    525.53	   529.903	    514.85	   482.534	   440.859	   394.587	   341.063	   291.009	   234.249	   133.891	   142.282	   148.947	   133.279	   120.789	    110.67	   101.322	   93.2389	   85.9711	   79.2442	   73.5367	         	         	         	         	         	         	         	         	         	         	         	         	         	         	         	         	         	         	         	         	         	         	         	         	         	         	         	         	         	         	         	         	         	         	         	         	         	         	         	         	
         	         	         	         	         	         	         	         	         	         	         	         	         	         	         	   3.03527	   11.1574	   20.8114	    30.477	   63.9215	   130.643	   201.813	    263.42	   323.878	   402.073	   472.955	   499.253	   500.776	   483.909	   450.974	   409.557	   364.161	   312.469	   264.382	   211.984	   127.635	   135.784	    129.79	    113.57	   100.989	   91.3462	   82.9185	   75.4771	   66.8988	   57.8548	   51.0914	         	         	         	         	         	         	         	         	         	         	         	         	         	         	         	         	         	         	         	         	         	         	         	         	         	         	         	         	         	         	         	         	         	         	         	         	         	         	         	         	
         	         	         	         	         	         	         	         	         	         	         	         	         	         	         	   3.30843	   12.1052	   22.3692	   32.5597	   68.0897	   138.991	   215.208	   282.198	   349.049	   437.046	   518.378	   551.115	   556.818	   543.848	   513.535	   471.674	   423.655	   367.376	   314.666	   253.243	   139.767	   148.222	   168.389	   153.809	   142.459	   132.336	   122.867	   115.413	   108.908	   102.818	   97.4015	         	         	         	         	         	         	         	         	         	         	         	         	         	         	         	         	         	         	         	         	         	         	         	         	         	         	         	         	         	         	         	         	         	         	         	         	         	         	         	         	
   21605.5	   16933.6	     16456	   16646.5	     16902	   16973.9	   16844.7	   16574.7	   16238.6	   15927.3	   15733.1	   15682.7	   16033.3	   16564.4	   17235.4	   18045.7	   18879.7	   19329.6	   19295.7	     18904	   18244.7	   17286.5	     16104	   14914.8	   13837.6	   12891.5	   12016.9	   11255.4	   10678.9	     10245	   9929.35	   9744.34	   9686.86	   9799.45	   10117.2	   8964.98	   8218.56	   8456.23	   8880.19	   9156.21	   9375.82	      9488	   9496.47	   9418.15	   9263.53	   9062.04	         	         	         	         	         	         	         	         	         	         	         	         	         	         	         	         	         	         	         	         	         	         	         	         	         	         	         	         	         	         	         	         	         	         	         	         	         	         	         	         	
     21376	   16442.7	   15858.5	   16027.1	     16215	   16208.5	   16021.7	   15716.3	   15365.6	   15056.5	   14876.3	   14850.1	   15220.6	   15775.2	   16474.1	     17316	   18186.3	   18702.6	   18753.9	   18443.1	   17777.1	     16804	   15618.1	   14428.7	   13346.8	   12390.3	   11503.6	   10725.8	   10123.3	   9654.79	   9296.23	   9058.98	   8939.05	   8974.62	   9194.17	   8212.53	    7646.6	   7957.74	   8070.56	   8026.77	   8009.23	   7968.36	   7883.48	   7706.44	   7392.64	   6961.91	         	         	         	         	         	         	         	         	         	         	         	         	         	         	         	         	         	         	         	         	         	         	         	         	         	         	         	         	         	         	         	         	         	         	         	         	         	         	         	         	
   21972.2	   17737.4	   17579.7	   18007.1	   18361.7	   18412.8	   18291.6	     17884	     17458	   17185.6	   16953.1	   16845.7	   17149.9	   17634.3	     18259	   19051.2	   19867.5	     20292	   20215.6	   19777.8	   18980.2	   17921.2	     16657	   15421.3	   14352.6	   13416.4	   12556.2	   11806.4	   11226.9	   10796.1	   10540.7	   10419.5	   10423.5	   10587.5	   10958.1	   9642.64	   8727.79	   9029.36	   9746.34	   10335.1	   10815.5	   11170.1	   11373.6	   11502.6	   11569.4	   11519.3	         	         	         	         	         	         	         	         	         	         	         	         	         	         	         	         	         	         	         	         	         	         	         	         	         	         	         	         	         	         	         	         	         	         	         	         	         	         	         	         	
         	         	         	         	         	         	         	         	         	         	         	         	         	         	         	         	         	         	         	         	         	         	         	         	         	    14.424	   21.0779	   17.9777	   20.0435	   21.7346	   17.9741	   16.1622	   13.8748	   14.2671	   13.5694	   14.5253	    9.8142	   6.99873	   6.54901	   6.77242	   7.00786	   7.30599	   7.62271	    7.9372	    7.8039	   7.67148	         	         	         	         	         	         	         	         	         	         	         	         	         	         	         	         	         	         	         	         	         	         	         	         	         	         	         	         	         	         	         	         	         	         	         	         	         	         	         	         	
         	         	         	         	         	         	         	         	         	         	         	         	         	         	         	         	         	         	         	         	         	         	         	         	         	   14.0358	   20.4493	   17.3761	   19.2862	   20.8344	   17.1625	   15.3774	   13.1425	   13.4874	   12.8348	   14.2758	   9.63192	    6.1619	   5.65404	   5.33568	   4.90606	   4.57537	   4.21726	   3.87835	   3.89963	   3.90663	         	         	         	         	         	         	         	         	         	         	         	         	         	         	         	         	         	         	         	         	         	         	         	         	         	         	         	         	         	         	         	         	         	         	         	         	         	         	         	         	
         	         	         	         	         	         	         	         	         	         	         	         	         	         	         	         	         	         	         	         	         	         	         	         	         	   14.9618	   21.8945	   18.7424	   20.9696	   22.8702	   19.0268	   17.2039	   14.8515	   15.3633	    14.623	   14.8822	   10.0701	   7.97006	   7.55779	   8.46081	   9.78631	   10.9213	   11.9035	   12.8707	   12.5701	   12.1209	         	         	         	         	         	         	         	         	         	         	         	         	         	         	         	         	         	         	         	         	         	         	         	         	         	         	         	         	         	         	         	         	         	         	         	         	         	         	         	         	
   156.682	    205.42	   196.093	   195.694	   198.663	   200.934	   201.429	   200.672	   199.581	   199.428	   201.554	   206.486	   218.354	   234.647	   254.712	   278.624	   305.128	   327.744	   342.094	   344.644	   337.159	   322.034	   300.513	   275.239	   247.556	   221.088	   198.294	   178.363	   162.615	   150.426	   140.343	   132.824	   128.009	   125.913	   127.348	   120.339	    105.78	   103.373	   107.558	   110.883	   113.487	   115.098	   115.505	   114.798	   113.099	   110.702	         	         	         	         	         	         	         	         	         	         	         	         	         	         	         	         	         	         	         	         	         	         	         	         	         	         	         	         	         	         	         	         	         	         	         	         	         	         	         	         	
   155.473	   200.912	   189.566	   188.463	   191.035	   192.259	   191.902	   190.504	    188.97	    188.53	   190.467	   195.299	   206.954	   223.056	    242.98	   266.808	   293.329	   316.373	   331.791	   335.616	   328.467	   312.976	   291.369	   266.217	   238.798	    212.59	   189.976	   170.183	   154.422	   142.068	   131.731	   123.832	   118.473	    115.65	   116.033	   109.668	   97.7691	   97.2179	   99.2492	   98.5723	   98.0406	   97.3091	   96.2055	   94.4016	   91.2715	   86.4471	         	         	         	         	         	         	         	         	         	         	         	         	         	         	         	         	         	         	         	         	         	         	         	         	         	         	         	         	         	         	         	         	         	         	         	         	         	         	         	         	
   158.607	   212.769	   207.691	    210.54	   215.688	   218.143	   218.693	   217.172	   214.592	   214.962	   217.475	   222.235	   234.121	    250.45	   270.553	   294.724	   321.809	   344.549	   359.306	    361.31	   351.948	   334.669	   311.459	   284.514	   256.765	    229.98	   207.011	   186.965	    170.78	   158.322	   148.502	   141.645	   137.411	    135.86	   137.841	   129.964	   112.962	   109.579	   116.763	    123.64	   129.823	   134.651	   137.421	   138.969	   139.422	   139.563	         	         	         	         	         	         	         	         	         	         	         	         	         	         	         	         	         	         	         	         	         	         	         	         	         	         	         	         	         	         	         	         	         	         	         	         	         	         	         	         	
 0.0235359	 0.0365982	 0.0390464	 0.0418921	 0.0441766	   0.04507	 0.0448604	 0.0440536	 0.0432955	 0.0431471	 0.0441568	 0.0467972	 0.0518059	 0.0590373	 0.0689789	 0.0815293	 0.0947919	  0.104004	  0.106864	  0.105943	  0.098471	  0.085311	 0.0699881	 0.0571927	 0.0478342	 0.0399847	 0.0328815	 0.0281172	 0.0250273	   0.02315	 0.0220787	  0.021846	  0.022487	 0.0244274	 0.0246064	  0.011341	 0.0146277	 0.0192581	 0.0210389	  0.023119	 0.0247686	 0.0255452	 0.0256225	 0.0251774	 0.0243098	 0.0233887	         	         	         	         	         	         	         	         	         	         	         	         	         	         	         	         	         	         	         	         	         	         	         	         	         	         	         	         	         	         	         	         	         	         	         	         	         	         	         	         	
 0.0223361	 0.0345811	 0.0365347	 0.0389405	 0.0409061	 0.0416265	 0.0412227	 0.0402063	 0.0393424	 0.0391408	 0.0399105	 0.0423883	 0.0470872	 0.0538189	 0.0631935	 0.0751935	 0.0880456	  0.097444	  0.100806	  0.100657	 0.0942408	 0.0822133	 0.0678767	 0.0557965	 0.0465392	 0.0384299	 0.0311653	 0.0262257	 0.0229322	 0.0208093	 0.0194504	 0.0188565	 0.0190335	 0.0202804	 0.0201556	0.00989918	 0.0131078	  0.014966	 0.0150407	 0.0152094	 0.0154218	 0.0152548	 0.0147638	  0.013163	  0.011176	0.00897875	         	         	         	         	         	         	         	         	         	         	         	         	         	         	         	         	         	         	         	         	         	         	         	         	         	         	         	         	         	         	         	         	         	         	         	         	         	         	         	         	
 0.0251173	 0.0399003	 0.0433449	 0.0469089	 0.0496138	 0.0506221	  0.050323	 0.0498711	 0.0494423	 0.0496589	 0.0511327	 0.0543866	 0.0602575	 0.0685132	 0.0795722	 0.0931195	  0.107128	  0.115205	  0.116488	  0.113494	  0.103925	 0.0892457	 0.0726684	 0.0592018	 0.0496028	 0.0416797	 0.0345814	 0.0298073	 0.0267544	 0.0250037	 0.0242623	 0.0243793	  0.025523	 0.0280106	 0.0284309	 0.0125222	 0.0159063	  0.023653	  0.027884	 0.0326797	 0.0367165	 0.0394255	  0.041297	 0.0429557	 0.0439519	 0.0449682	         	         	         	         	         	         	         	         	         	         	         	         	         	         	         	         	         	         	         	         	         	         	         	         	         	         	         	         	         	         	         	         	         	         	         	         	         	         	         	         	
 0.0707756	   0.28474	  0.526143	  0.781362	    1.0417	   1.29367	   1.53655	   1.77342	   2.01299	   2.26977	   2.56528	   2.92082	   3.38662	   3.95316	   4.64324	   5.45664	   6.31116	    7.0115	   7.51648	   7.97126	   8.09692	   7.90315	   7.55372	   7.24103	   6.88961	   6.34184	   5.60624	   5.04603	   4.64587	   4.30327	   4.00447	   3.80298	    3.7119	   3.73566	   3.47272	   2.10644	   2.56555	   3.06024	   3.09058	   3.15195	    3.1691	   3.11878	   3.02956	   2.91657	   2.78681	    2.6715	         	         	         	         	         	         	         	         	         	         	         	         	         	         	         	         	         	         	         	         	         	         	         	         	         	         	         	         	         	         	         	         	         	         	         	         	         	         	         	         	
 0.0679082	  0.271689	  0.498952	   0.73739	  0.974301	   1.20012	   1.41583	   1.62551	   1.83801	   2.06727	   2.33347	   2.65651	   3.08199	   3.60097	   4.23531	   4.98595	   5.77693	   6.45303	   6.93791	   7.38271	    7.5225	   7.36187	   7.04926	   6.75771	   6.40531	   5.86176	   5.14999	   4.60035	   4.19931	   3.85271	   3.54891	   3.33433	   3.21908	   3.20445	   2.95974	   1.90573	   2.30463	   2.55393	   2.51246	   2.49999	   2.45677	   2.36419	   2.22854	   2.04367	   1.77899	   1.58498	         	         	         	         	         	         	         	         	         	         	         	         	         	         	         	         	         	         	         	         	         	         	         	         	         	         	         	         	         	         	         	         	         	         	         	         	         	         	         	         	
  0.075827	  0.310823	  0.586085	  0.884543	   1.18608	   1.47655	   1.76621	   2.03324	   2.29853	    2.5823	   2.91334	   3.32306	   3.84664	   4.48225	   5.27143	   6.20387	   7.18115	   8.00621	   8.57619	   9.05282	   9.18274	   8.95869	   8.55952	   8.20836	    7.8073	   7.17444	   6.34797	    5.7184	   5.27166	   4.88885	   4.55238	   4.36223	   4.30414	   4.35434	   4.04204	   2.34406	   2.87448	   3.68161	   3.78685	   3.94063	   4.02467	   4.03547	   4.06485	   4.08594	   4.09187	   4.10531	         	         	         	         	         	         	         	         	         	         	         	         	         	         	         	         	         	         	         	         	         	         	         	         	         	         	         	         	         	         	         	         	         	         	         	         	         	         	         	         	
         	         	         	         	         	         	         	         	         	         	         	         	         	         	         	         	         	         	         	         	         	         	         	         	         	         	         	         	         	         	         	         	         	         	         	         	         	         	         	         	         	         	         	         	         	         	         	         	         	         	         	         	         	         	         	         	         	         	         	         	         	         	         	         	         	         	         	         	         	         	         	         	         	         	         	         	         	         	         	         	         	         	         	         	         	         	
